-41.0,-3.0,1.06367,2.9849,0.05227,0.00139,0.00139,0.06154,1.0,21
-41.0,-2.0,1.08594,2.84861,0.04978,-0.01477,-0.01477,0.06349,1.0,34
-40.0,-3.0,1.52706,2.88227,0.03971,0.02148,0.02148,0.06822,0.23778,98
-40.0,-3.0,0.97387,3.00407,0.07046,0.01577,0.01577,0.08843,0.76222,98
-40.0,-2.0,1.16848,2.90838,0.10902,0.00238,0.00238,0.07759,1.0,76
-39.0,-4.0,0.9208,3.12216,0.05603,8e-05,8e-05,0.08166,1.0,46
-39.0,-3.0,1.14896,3.06012,0.09056,0.00752,0.00752,0.0856,1.0,124
-39.0,-2.0,1.20648,3.02909,0.11776,0.01424,0.01424,0.0773,1.0,59
-38.0,-4.0,1.02321,3.21031,0.06556,0.01319,0.01319,0.08131,1.0,48
-38.0,-3.0,1.12762,3.11253,0.07302,0.01279,0.01279,0.09083,0.95902,126
-38.0,-3.0,1.0796,6.22567,0.10959,-0.01982,-0.01982,0.00601,0.04098,126
-38.0,-2.0,1.21585,3.11978,0.06669,0.0194,0.0194,0.10263,1.0,53
-37.0,-4.0,1.14509,3.22782,0.0568,-0.01437,-0.01437,0.09905,1.0,47
-37.0,-3.0,1.19791,3.28402,0.07164,0.00667,0.00667,0.08349,0.86179,125
-37.0,-3.0,1.17071,0.15795,0.06768,-0.01017,-0.01017,0.09299,0.13821,125
-37.0,-2.0,1.21991,3.40495,0.08532,0.00926,0.00926,0.06795,0.78082,73
-37.0,-2.0,1.11794,0.23714,0.097,-0.04684,-0.04684,0.12376,0.21918,73
-36.0,-5.0,0.6392,5.59207,0.01074,0.00112,0.00112,0.06151,1.0,300
-36.0,-4.0,0.63681,5.58246,0.00897,0.00106,0.00106,0.05876,0.83427,336
-36.0,-4.0,1.25643,3.40205,0.06741,-0.03839,-0.03839,0.04922,0.09036,336
-36.0,-4.0,0.83141,0.71786,0.08865,0.02544,0.02544,2.77711,0.07537,336
-36.0,-3.0,1.18183,3.39675,0.08036,-0.0062,-0.0062,0.07682,0.76515,132
-36.0,-3.0,1.10642,0.15906,0.08936,-0.00206,-0.00206,0.06862,0.23485,132
-36.0,-2.0,1.1594,3.4781,0.08147,0.00294,0.00294,0.09987,0.70192,104
-36.0,-2.0,1.13684,0.36718,0.0915,-0.02373,-0.02373,0.10669,0.29808,104
-36.0,-1.0,1.0953,0.6789,0.10263,0.00274,0.00274,0.03081,1.0,17
-35.0,-5.0,0.63877,5.59475,0.01076,0.00078,0.00078,0.0634,1.0,300
-35.0,-4.0,0.64226,5.59511,0.01186,0.00274,0.00274,0.07297,0.91553,323
-35.0,-4.0,1.18898,3.42011,0.10043,0.05772,0.05772,0.14134,0.0752,323
-35.0,-4.0,0.6989,2.34056,0.00039,0.00228,0.00228,0.02087,0.00927,323
-35.0,-3.0,1.13576,3.50619,0.07122,0.00041,0.00041,0.06174,0.83333,108
-35.0,-3.0,1.13678,0.16758,0.16148,0.02521,0.02521,0.04741,0.16667,108
-35.0,-2.0,1.13102,3.57481,0.07267,0.00663,0.00663,0.0753,0.73554,121
-35.0,-2.0,1.17653,0.4204,0.1199,-0.00324,-0.00324,0.06238,0.26446,121
-35.0,-1.0,1.2044,3.77365,0.06896,-0.00655,-0.00655,0.09923,0.45455,44
-35.0,-1.0,1.08308,0.65821,0.07502,0.01294,0.01294,0.02815,0.54545,44
-34.0,-4.0,1.095,3.62977,0.03855,0.00134,0.00134,0.08285,1.0,13
-34.0,-3.0,1.16982,3.58262,0.08142,0.00914,0.00914,0.06635,0.87143,71
-34.0,-3.0,1.21633,0.34967,0.07086,-0.00522,-0.00522,0.02791,0.12857,71
-34.0,-2.0,1.16313,3.54515,0.06873,0.00658,0.00658,0.06228,0.79487,117
-34.0,-2.0,1.17329,0.5555,0.1196,-0.04732,-0.04732,0.08635,0.20513,117
-34.0,-1.0,1.25366,3.63066,0.07624,0.00224,0.00224,0.06758,0.62921,89
-34.0,-1.0,1.15194,0.70767,0.08431,0.0127,0.0127,0.05424,0.37079,89
-34.0,0.0,1.266,3.8122,0.06534,-0.01016,-0.01016,0.0136,0.375,40
-34.0,0.0,1.09936,0.77256,0.09725,0.01263,0.01263,0.05382,0.625,40
-34.0,1.0,0.696,0.95,0.00053,-0.00094,-0.00094,0.00168,1.0,7
-33.0,-3.0,1.22873,3.53463,0.06656,0.00209,0.00209,0.06352,0.9375,35
-33.0,-3.0,1.0515,1.524,0.06325,-0.01484,-0.01484,0.00348,0.0625,35
-33.0,-2.0,1.23333,3.51519,0.07819,0.00082,0.00082,0.04505,0.8381,105
-33.0,-2.0,1.04747,0.69965,0.08229,-0.04969,-0.04969,0.10822,0.1619,105
-33.0,-1.0,1.22506,3.52862,0.07087,-0.00603,-0.00603,0.03974,0.66019,103
-33.0,-1.0,1.07706,0.84629,0.12685,-0.07597,-0.07597,0.14799,0.33981,103
-33.0,0.0,1.03809,0.87577,0.11454,-0.05685,-0.05685,0.10113,0.66667,66
-33.0,0.0,1.39859,3.76709,0.08199,-0.01452,-0.01452,0.01937,0.33333,66
-33.0,1.0,1.03867,0.77454,0.09755,-0.02541,-0.02541,0.03193,0.66667,36
-33.0,1.0,1.4605,3.81758,0.06183,-0.01008,-0.01008,0.00864,0.33333,36
-32.0,-3.0,1.2276,3.57653,0.0492,0.00599,0.00599,0.04852,1.0,16
-32.0,-2.0,1.34138,3.54462,0.07216,-0.00085,-0.00085,0.03601,0.92857,73
-32.0,-2.0,1.3144,0.3608,0.07846,-0.0169,-0.0169,0.00818,0.07143,73
-32.0,-1.0,1.37056,3.53897,0.07538,-0.0092,-0.0092,0.03515,0.73581,106
-32.0,-1.0,0.97225,0.84901,0.09503,-0.10827,-0.10827,0.44417,0.26419,106
-32.0,0.0,1.3989,3.65341,0.07547,-0.02284,-0.02284,0.06138,0.37877,66
-32.0,0.0,0.96073,1.12349,0.09443,-0.10279,-0.10279,0.34879,0.62123,66
-32.0,1.0,1.22524,0.73579,0.09802,-0.01695,-0.01695,0.05925,0.66667,55
-32.0,1.0,1.27359,3.88053,0.06739,-0.00393,-0.00393,0.06669,0.33333,55
-32.0,2.0,1.2285,3.7771,0.05047,0.00739,0.00739,0.02222,0.34483,29
-32.0,2.0,1.24626,0.739,0.12007,-0.03805,-0.03805,0.1423,0.65517,29
-32.0,3.0,0.87183,3.53983,0.03844,-0.02912,-0.02912,0.03886,1.0,9
-31.0,-3.0,1.26833,3.78767,0.09084,-0.03842,-0.03842,0.04155,1.0,9
-31.0,-2.0,1.36233,3.61762,0.06633,-0.01489,-0.01489,0.04148,1.0,46
-31.0,-1.0,1.40042,3.58,0.06524,-0.0085,-0.0085,0.02793,0.88889,91
-31.0,-1.0,1.2703,0.626,0.11762,-0.07554,-0.07554,0.17817,0.11111,91
-31.0,0.0,1.40771,3.57246,0.0647,-0.02115,-0.02115,0.03592,0.67277,52
-31.0,0.0,1.11194,1.19887,0.17471,-0.27829,-0.27829,0.74186,0.32723,52
-31.0,1.0,1.26289,0.72732,0.10374,-0.01602,-0.01602,0.06122,0.7,40
-31.0,1.0,1.16917,3.87142,0.08423,-0.00242,-0.00242,0.09002,0.3,40
-31.0,2.0,1.20415,0.6902,0.08838,-0.01013,-0.01013,0.07328,0.67213,61
-31.0,2.0,1.1607,3.7644,0.08521,-0.00653,-0.00653,0.01655,0.32787,61
-31.0,3.0,0.99836,3.61326,0.0545,0.002,0.002,0.03067,0.58323,24
-31.0,3.0,0.92951,0.94757,0.04387,-0.02044,-0.02044,0.41693,0.41677,24
-30.0,-2.0,1.1575,3.79094,0.08328,-0.01656,-0.01656,0.03719,1.0,18
-30.0,-1.0,1.27591,3.65502,0.07616,-0.01321,-0.01321,0.04516,0.97826,95
-30.0,-1.0,1.182,0.3485,0.01145,0.00112,0.00112,0.00011,0.02174,95
-30.0,0.0,1.30727,3.63363,0.0672,-0.00458,-0.00458,0.05175,0.92208,77
-30.0,0.0,1.38633,0.34983,0.10903,-0.00167,-0.00167,0.01934,0.07792,77
-30.0,1.0,1.02233,0.53822,0.02779,0.03333,0.03333,0.06334,0.6,15
-30.0,1.0,1.25633,3.664,0.1039,-0.01886,-0.01886,0.01681,0.4,15
-30.0,2.0,1.04721,0.63412,0.04784,-0.00708,-0.00708,0.05962,0.7234,47
-30.0,2.0,1.27423,3.65977,0.07639,-0.00788,-0.00788,0.04906,0.2766,47
-30.0,3.0,1.05276,0.66594,0.05097,-0.00854,-0.00854,0.02771,0.69388,51
-30.0,3.0,1.2586,3.702,0.07187,0.00418,0.00418,0.01242,0.30612,51
-30.0,4.0,0.9073,0.73164,0.02429,0.0087,0.0087,0.02029,0.33999,23
-30.0,4.0,0.68682,3.43975,0.1073,0.04127,0.04127,1.45307,0.66001,23
-30.0,5.0,0.582,1.71371,0.01554,0.01571,0.01571,0.11561,1.0,12
-29.0,-1.0,1.25752,3.77064,0.09131,-0.01878,-0.01878,0.05576,1.0,64
-29.0,0.0,1.28634,3.73502,0.07523,-0.00638,-0.00638,0.06542,0.93204,103
-29.0,0.0,1.29857,0.49914,0.10091,0.02577,0.02577,0.01657,0.06796,103
-29.0,1.0,1.32456,3.78378,0.0667,-0.00347,-0.00347,0.03467,0.87234,49
-29.0,1.0,1.2575,0.60967,0.10159,0.01798,0.01798,0.06624,0.12766,49
-29.0,2.0,1.19631,0.46687,0.09653,-0.00239,-0.00239,0.02256,0.59259,27
-29.0,2.0,1.36836,3.54,0.09025,0.01359,0.01359,0.16544,0.40741,27
-29.0,3.0,1.18901,0.63088,0.11615,-0.02169,-0.02169,0.0332,0.69991,54
-29.0,3.0,1.23178,3.375,0.17285,0.09208,0.09208,0.34884,0.30009,54
-29.0,4.0,1.0797,0.68585,0.10067,-0.00458,-0.00458,0.01328,0.48744,56
-29.0,4.0,0.64646,5.79694,0.00066,-0.01591,-0.01591,0.86599,0.14287,56
-29.0,4.0,0.7553,3.38321,0.18463,0.05132,0.05132,1.47799,0.36969,56
-29.0,5.0,0.6488,0.54011,0.07568,0.06737,0.06737,0.16221,0.3921,29
-29.0,5.0,0.52689,2.23465,0.03977,-0.12133,-0.12133,0.85877,0.47192,29
-29.0,5.0,0.82841,4.94205,0.01884,0.03124,0.03124,0.30663,0.13598,29
-29.0,6.0,0.71967,1.1,0.00319,-0.00775,-0.00775,0.01887,1.0,7
-28.0,-1.0,1.49789,3.90411,0.09843,0.05279,0.05279,0.06554,1.0,9
-28.0,0.0,1.29534,3.79147,0.06304,-0.0141,-0.0141,0.04339,1.0,81
-28.0,1.0,1.2752,3.69198,0.06161,0.0039,0.0039,0.07434,0.95745,98
-28.0,1.0,1.22575,0.70825,0.00041,-0.00368,-0.00368,0.06496,0.04255,98
-28.0,2.0,1.15838,3.47518,0.08443,0.05761,0.05761,0.22743,0.65625,32
-28.0,2.0,1.26128,0.68245,0.10812,-0.03947,-0.03947,0.1163,0.34375,32
-28.0,3.0,1.0964,0.70192,0.18065,-0.0727,-0.0727,0.19186,0.63222,52
-28.0,3.0,1.22646,3.55518,0.15891,-0.00742,-0.00742,0.35217,0.36778,52
-28.0,4.0,1.14574,0.65557,0.12377,-0.02038,-0.02038,0.01899,0.42705,62
-28.0,4.0,1.01327,2.73657,0.20687,0.3367,0.3367,1.53643,0.49295,62
-28.0,4.0,0.6677,5.31028,0.03218,0.0394,0.0394,0.05635,0.08,62
-28.0,5.0,0.75051,0.70247,0.07797,-0.01388,-0.01388,0.8114,0.76339,33
-28.0,5.0,1.12182,3.51296,0.08262,0.06883,0.06883,0.08533,0.23661,33
-28.0,6.0,0.62556,0.76133,0.03534,0.039,0.039,0.10495,1.0,9
-27.0,0.0,1.19721,3.7695,0.07,-0.04347,-0.04347,0.0785,1.0,26
-27.0,1.0,1.22123,3.61873,0.062,-0.01811,-0.01811,0.05906,1.0,98
-27.0,2.0,1.19386,3.59606,0.06087,0.01723,0.01723,0.05877,0.87671,73
-27.0,2.0,1.18689,0.59367,0.07861,-0.02144,-0.02144,0.10623,0.12329,73
-27.0,3.0,1.02254,0.78358,0.10203,-0.05057,-0.05057,0.17605,0.61905,42
-27.0,3.0,1.39894,3.58556,0.10934,0.0741,0.0741,0.11687,0.38095,42
-27.0,4.0,1.05694,0.79687,0.10268,-0.0629,-0.0629,0.20513,0.64583,48
-27.0,4.0,1.34512,3.63971,0.14555,0.06129,0.06129,0.09963,0.35417,48
-27.0,5.0,1.00826,0.76105,0.07959,-0.04745,-0.04745,0.17991,0.57576,33
-27.0,5.0,1.21057,3.68614,0.11633,0.03892,0.03892,0.06597,0.42424,33
-27.0,6.0,0.8488,0.6586,0.00992,-0.02011,-0.02011,0.0578,1.0,9
-26.0,0.0,1.26017,3.72967,0.12776,-0.0531,-0.0531,0.04836,1.0,6
-26.0,1.0,1.31787,3.5271,0.08549,-0.00391,-0.00391,0.04219,1.0,63
-26.0,2.0,1.2759,3.60006,0.06998,0.00026,0.00026,0.03915,1.0,88
-26.0,3.0,1.32103,3.62464,0.1023,0.00207,0.00207,0.0646,0.8,45
-26.0,3.0,1.08233,0.52242,0.09525,0.05057,0.05057,0.0977,0.2,45
-26.0,4.0,1.14765,0.55673,0.06903,0.01555,0.01555,0.05152,0.65714,35
-26.0,4.0,1.35842,3.61592,0.12471,0.00201,0.00201,0.08283,0.34286,35
-26.0,5.0,1.16497,0.57629,0.10255,0.01135,0.01135,0.04239,0.70455,44
-26.0,5.0,1.33546,3.51923,0.11011,0.01935,0.01935,0.06409,0.29545,44
-26.0,6.0,1.2564,0.54527,0.10035,0.05292,0.05292,0.04931,0.625,24
-26.0,6.0,1.12022,3.54778,0.1749,0.01648,0.01648,0.04275,0.375,24
-25.0,1.0,1.29896,3.6066,0.07563,-0.00373,-0.00373,0.03282,1.0,47
-25.0,2.0,1.32026,3.61982,0.07996,0.00322,0.00322,0.03772,1.0,88
-25.0,3.0,1.36393,3.62465,0.09699,0.00706,0.00706,0.07083,1.0,51
-25.0,4.0,1.34176,3.39726,0.07397,0.05842,0.05842,0.25306,0.65386,26
-25.0,4.0,1.15756,0.59452,0.13819,0.0268,0.0268,0.14324,0.34614,26
-25.0,5.0,1.16348,0.61036,0.09285,0.01249,0.01249,0.07815,0.625,40
-25.0,5.0,1.34033,3.3592,0.06059,0.04567,0.04567,0.12861,0.375,40
-25.0,6.0,1.26429,0.527,0.09146,0.0168,0.0168,0.03623,0.70455,44
-25.0,6.0,1.28123,3.50438,0.14347,0.01492,0.01492,0.02793,0.29545,44
-25.0,7.0,1.0905,0.51258,0.15396,0.00274,0.00274,0.00823,1.0,15
-24.0,1.0,1.46117,3.53575,0.06763,-0.03524,-0.03524,0.08516,1.0,12
-24.0,2.0,1.38174,3.61459,0.07856,0.00834,0.00834,0.02957,1.0,64
-24.0,3.0,1.31751,3.48977,0.12065,0.03902,0.03902,0.10507,1.0,66
-24.0,4.0,1.24694,3.42461,0.10328,0.03435,0.03435,0.18869,1.0,37
-24.0,5.0,1.26378,3.45772,0.0731,0.0318,0.0318,0.18817,0.51429,35
-24.0,5.0,1.24047,0.59812,0.10031,-0.01228,-0.01228,0.07908,0.48571,35
-24.0,6.0,1.18807,0.50183,0.10447,-0.01045,-0.01045,0.02794,0.71429,42
-24.0,6.0,1.30617,3.58933,0.05519,0.01814,0.01814,0.02671,0.28571,42
-24.0,7.0,1.21338,0.50475,0.10404,-0.00658,-0.00658,0.00831,1.0,22
-23.0,2.0,1.00834,3.86855,0.20811,-0.13436,-0.13436,0.24752,0.73189,114
-23.0,2.0,0.64259,2.45018,0.01832,-0.01554,-0.01554,0.18282,0.26811,114
-23.0,3.0,1.26412,3.5208,0.15972,-0.00199,-0.00199,0.04845,0.7382,121
-23.0,3.0,0.66462,2.42364,0.02986,-0.00603,-0.00603,0.15149,0.2618,121
-23.0,4.0,1.28416,3.44095,0.14741,0.03598,0.03598,0.09244,1.0,47
-23.0,5.0,1.42121,3.54237,0.11276,0.04695,0.04695,0.15581,0.67857,28
-23.0,5.0,1.27556,0.31709,0.10005,0.03211,0.03211,0.09595,0.32143,28
-23.0,6.0,1.20568,0.39431,0.0817,-0.00826,-0.00826,0.08194,0.63636,44
-23.0,6.0,1.34212,3.62494,0.07093,0.01494,0.01494,0.09001,0.36364,44
-23.0,7.0,1.26046,0.51062,0.10557,-0.029,-0.029,0.08886,0.72727,33
-23.0,7.0,1.41411,3.71156,0.04314,0.00289,0.00289,0.01309,0.27273,33
-23.0,15.0,0.8596,2.1444,0.04909,0.03801,0.03801,0.23593,1.0,5
-22.0,-7.0,0.72488,3.36388,0.01413,-0.00489,-0.00489,0.03725,1.0,8
-22.0,-6.0,0.785,3.3591,0.06582,-0.00694,-0.00694,0.02998,1.0,10
-22.0,1.0,0.58004,4.88126,0.0091,2e-05,2e-05,0.20292,1.0,27
-22.0,2.0,0.63319,2.17761,0.01069,-0.00629,-0.00629,0.14736,0.22796,169
-22.0,2.0,1.46311,3.45332,0.15743,0.02812,0.02812,0.94665,0.1129,169
-22.0,2.0,0.56273,4.92487,0.0293,0.00061,0.00061,1.78326,0.65914,169
-22.0,3.0,1.32631,3.44861,0.15276,-0.00758,-0.00758,0.04801,0.39214,198
-22.0,3.0,0.63241,2.20243,0.01087,-0.00593,-0.00593,0.15176,0.20307,198
-22.0,3.0,0.56971,5.07194,0.03052,0.00097,0.00097,2.17947,0.37138,198
-22.0,3.0,0.76905,0.69986,0.30443,-0.00783,-0.00783,0.16772,0.03341,198
-22.0,4.0,1.3904,3.39458,0.14492,0.02813,0.02813,0.07819,1.0,51
-22.0,5.0,1.42655,3.72563,0.19437,-0.0035,-0.0035,0.81531,0.88465,26
-22.0,5.0,1.14033,0.306,0.00773,-0.00269,-0.00269,0.00106,0.11535,26
-22.0,6.0,1.38038,3.67731,0.15743,-0.04922,-0.04922,0.09107,0.43243,37
-22.0,6.0,1.20757,0.28492,0.11149,0.01859,0.01859,0.12552,0.56757,37
-22.0,7.0,1.21633,0.44362,0.10129,0.00312,0.00312,0.10283,0.69767,43
-22.0,7.0,1.30138,3.71662,0.07138,0.00698,0.00698,0.01008,0.30233,43
-22.0,8.0,1.20247,0.43613,0.07188,0.01341,0.01341,0.03111,0.68182,27
-22.0,8.0,1.20986,3.65743,0.09838,0.03891,0.03891,0.02633,0.31818,27
-21.0,-7.0,1.1284,3.412,0.13054,-0.0197,-0.0197,0.01084,1.0,5
-21.0,-6.0,0.97267,3.35467,0.10824,-0.00197,-0.00197,0.02901,1.0,9
-21.0,2.0,0.56817,5.30522,0.02994,0.03724,0.03724,0.29757,0.5421,67
-21.0,2.0,0.56398,0.78923,0.0168,0.01121,0.01121,0.15956,0.2482,67
-21.0,2.0,0.97416,3.09592,0.19796,-0.14941,-0.14941,0.47665,0.20971,67
-21.0,3.0,1.26088,3.28169,0.09128,-0.00832,-0.00832,0.07739,0.82796,93
-21.0,3.0,0.64475,0.25707,0.03701,-0.05324,-0.05324,0.28228,0.17204,93
-21.0,4.0,1.27792,3.27745,0.07913,0.01408,0.01408,0.07868,1.0,67
-21.0,5.0,1.35963,3.42726,0.13257,0.00701,0.00701,0.1265,1.0,23
-21.0,6.0,1.3324,3.54713,0.1831,-0.01596,-0.01596,0.13395,0.6,26
-21.0,6.0,1.0354,0.17684,0.02855,0.02873,0.02873,0.03504,0.4,26
-21.0,7.0,1.18617,0.35928,0.07012,0.02702,0.02702,0.04212,0.61538,39
-21.0,7.0,1.12853,3.75253,0.05283,-0.0118,-0.0118,0.02034,0.38462,39
-21.0,8.0,1.18804,0.47535,0.06083,0.00029,0.00029,0.02987,0.59091,44
-21.0,8.0,1.10339,3.91956,0.14067,-0.08422,-0.08422,0.19033,0.40909,44
-21.0,9.0,1.146,0.58991,0.06832,-0.035,-0.035,0.07603,1.0,19
-20.0,-6.0,1.03786,3.46743,0.0752,-0.01398,-0.01398,0.0852,1.0,7
-20.0,2.0,1.3315,2.83962,0.00374,-0.00235,-0.00235,0.06102,1.0,9
-20.0,3.0,1.24835,3.11361,0.05469,0.00605,0.00605,0.08731,1.0,65
-20.0,4.0,1.22708,3.12499,0.05006,0.00101,0.00101,0.06717,1.0,75
-20.0,5.0,1.29108,3.21521,0.04277,0.02556,0.02556,0.11247,1.0,26
-20.0,6.0,1.25136,3.43564,0.08519,0.01997,0.01997,0.11812,0.57895,19
-20.0,6.0,1.06562,0.04216,0.03768,0.03903,0.03903,0.05429,0.42105,19
-20.0,7.0,1.24145,0.3086,0.04418,0.04945,0.04945,0.07155,0.61111,18
-20.0,7.0,1.044,3.93357,0.02458,0.00436,0.00436,0.03063,0.38889,18
-20.0,8.0,1.23893,0.55919,0.05599,-0.00951,-0.00951,0.03885,0.6,48
-20.0,8.0,1.21533,3.92222,0.04938,-0.00663,-0.00663,0.0239,0.4,48
-20.0,9.0,1.17114,0.67995,0.06188,-0.02887,-0.02887,0.05444,0.6,38
-20.0,9.0,1.25371,3.97064,0.05403,-0.02544,-0.02544,0.02335,0.4,38
-20.0,10.0,1.07133,1.0175,0.02804,-0.02296,-0.02296,0.0909,1.0,7
-19.0,-6.0,1.04,3.37313,0.02,0.01313,0.01313,0.08114,1.0,9
-19.0,-5.0,0.87975,3.78275,0.02779,-0.01701,-0.01701,0.0117,1.0,5
-19.0,2.0,1.31711,2.63133,0.05142,0.02217,0.02217,0.06034,1.0,10
-19.0,3.0,1.26163,2.94175,0.07129,0.00292,0.00292,0.06392,1.0,62
-19.0,4.0,1.26018,3.01772,0.06266,0.00512,0.00512,0.05447,1.0,69
-19.0,5.0,1.21324,3.11756,0.04898,-0.00752,-0.00752,0.07944,1.0,27
-19.0,6.0,1.14275,3.253,0.07489,-0.04211,-0.04211,0.0612,0.57143,14
-19.0,6.0,0.975,5.9892,0.02196,0.00451,0.00451,0.04051,0.42857,14
-19.0,7.0,1.194,0.2775,0.00121,-0.00654,-0.00654,0.04018,1.0,9
-19.0,8.0,1.2615,3.9961,0.02648,-0.00735,-0.00735,0.00998,0.41667,24
-19.0,8.0,1.20114,0.57827,0.12244,0.04299,0.04299,0.07647,0.58333,24
-19.0,9.0,1.28005,4.013,0.07943,-0.05773,-0.05773,0.05854,0.44186,46
-19.0,9.0,1.13558,0.65233,0.12993,0.02388,0.02388,0.05752,0.55814,46
-19.0,10.0,1.05888,0.84135,0.19131,-0.03081,-0.03081,0.12258,0.56667,30
-19.0,10.0,1.33931,4.119,0.05386,-0.01669,-0.01669,0.07362,0.43333,30
-19.0,11.0,1.26567,0.83867,0.02182,0.02098,0.02098,0.02041,1.0,9
-18.0,1.0,1.10843,2.25614,0.09224,0.09576,0.09576,0.24393,1.0,8
-18.0,2.0,1.26231,2.72369,0.06475,0.00623,0.00623,0.04564,1.0,17
-18.0,3.0,1.29605,2.99032,0.0593,0.00202,0.00202,0.0472,1.0,61
-18.0,4.0,1.26715,3.051,0.06983,0.00486,0.00486,0.05643,1.0,66
-18.0,5.0,1.2267,3.18195,0.03836,-0.0138,-0.0138,0.07784,1.0,24
-18.0,6.0,1.22863,3.40062,0.0499,-0.00371,-0.00371,0.00955,1.0,11
-18.0,7.0,1.037,0.03533,0.02176,0.01871,0.01871,0.08291,1.0,8
-18.0,8.0,1.2865,3.92025,0.01797,-0.00132,-0.00132,0.00626,0.33333,12
-18.0,8.0,0.74913,5.84146,0.32603,0.48032,0.48032,1.02113,0.66667,12
-18.0,9.0,1.15326,0.66643,0.13121,0.04063,0.04063,0.06445,0.69697,40
-18.0,9.0,1.3558,3.9617,0.02073,0.00362,0.00362,0.01524,0.30303,40
-18.0,10.0,1.18588,0.77883,0.06609,0.01344,0.01344,0.03869,0.57143,43
-18.0,10.0,1.35861,4.05578,0.04536,0.0146,0.0146,0.08035,0.42857,43
-18.0,11.0,1.15067,0.80125,0.044,-0.01214,-0.01214,0.02251,0.57143,22
-18.0,11.0,1.36133,4.24889,0.07295,-0.03313,-0.03313,0.16786,0.42857,22
-17.0,-5.0,1.22933,3.48067,0.04268,0.00063,0.00063,0.0109,1.0,8
-17.0,-4.0,0.7136,2.6216,0.02234,0.00233,0.00233,0.22856,1.0,10
-17.0,1.0,1.19314,2.70443,0.06158,0.03028,0.03028,0.01841,1.0,12
-17.0,2.0,1.25867,2.96539,0.05251,0.00163,0.00163,0.11758,1.0,24
-17.0,3.0,1.32051,3.07111,0.06081,-0.00399,-0.00399,0.06698,1.0,63
-17.0,4.0,1.23715,3.0974,0.06322,-0.0151,-0.0151,0.07031,1.0,63
-17.0,5.0,1.10499,3.19692,0.04605,-0.00866,-0.00866,0.07137,0.66077,28
-17.0,5.0,0.89131,5.18759,0.01842,0.03203,0.03203,0.49731,0.33923,28
-17.0,6.0,1.14912,3.35752,0.03028,0.00358,0.00358,0.04435,0.62692,19
-17.0,6.0,0.88979,5.20815,0.02658,0.06044,0.06044,0.49475,0.37308,19
-17.0,7.0,0.88475,4.60475,0.01789,0.00721,0.00721,0.01062,1.0,11
-17.0,8.0,0.8775,4.62225,0.01588,0.00543,0.00543,0.00948,1.0,7
-17.0,9.0,1.3198,3.9398,0.02822,0.00623,0.00623,0.00537,1.0,13
-17.0,10.0,1.2296,0.79075,0.06527,-0.03448,-0.03448,0.07329,0.55556,36
-17.0,10.0,1.19462,4.08556,0.08322,-0.02329,-0.02329,0.10193,0.44444,36
-17.0,11.0,1.2362,0.7538,0.0712,-0.01719,-0.01719,0.02133,0.59524,45
-17.0,11.0,1.26594,4.18106,0.08957,-0.00101,-0.00101,0.06147,0.40476,45
-17.0,12.0,1.25792,0.80842,0.05433,-0.00325,-0.00325,0.01964,0.6,22
-17.0,12.0,1.286,4.32913,0.08197,-0.02054,-0.02054,0.01185,0.4,22
-16.0,-11.0,0.599,4.38733,0.00269,-0.00037,-0.00037,0.00206,1.0,7
-16.0,-10.0,0.70414,4.29629,0.01251,-0.02024,-0.02024,0.11947,1.0,8
-16.0,-6.0,1.07467,3.40167,0.01745,-0.00212,-0.00212,0.0028,1.0,7
-16.0,-5.0,1.158,3.45633,0.03094,0.00203,0.00203,0.00016,1.0,11
-16.0,-4.0,0.7536,2.3696,0.02546,-0.01354,-0.01354,0.05587,1.0,13
-16.0,-3.0,0.71589,2.36989,0.01821,-0.00934,-0.00934,0.06419,1.0,9
-16.0,0.0,1.008,2.6596,0.06165,0.00922,0.00922,0.0028,1.0,8
-16.0,1.0,1.19957,2.75171,0.06167,0.02676,0.02676,0.01782,1.0,9
-16.0,2.0,1.18346,3.20383,0.13483,-0.06985,-0.06985,0.10088,1.0,30
-16.0,3.0,1.31233,3.05177,0.04425,0.004,0.004,0.04911,0.84827,74
-16.0,3.0,0.8715,4.70239,0.08245,0.26438,0.26438,0.98519,0.15173,74
-16.0,4.0,1.25946,3.08312,0.08716,-0.01245,-0.01245,0.07483,1.0,58
-16.0,5.0,1.01966,3.51134,0.05484,-0.1012,-0.1012,1.11797,0.88014,25
-16.0,5.0,0.90833,5.88833,0.00021,-2e-05,-2e-05,0.00017,0.11986,25
-16.0,6.0,1.23675,3.28933,0.04594,-0.0232,-0.0232,0.08938,1.0,17
-16.0,7.0,1.226,3.39833,0.01006,-0.001,-0.001,0.0163,0.66667,14
-16.0,7.0,1.09367,0.24367,0.01318,0.00503,0.00503,0.00192,0.33333,14
-16.0,10.0,1.183,4.05212,0.0661,-0.01414,-0.01414,0.02717,0.61538,17
-16.0,10.0,1.408,0.717,0.05717,-0.00646,-0.00646,0.00162,0.38462,17
-16.0,11.0,1.3314,0.66385,0.05616,-0.00466,-0.00466,0.03366,0.58824,38
-16.0,11.0,1.18479,4.0815,0.10458,-0.0467,-0.0467,0.05615,0.41176,38
-16.0,12.0,1.23342,0.80605,0.04996,0.00213,0.00213,0.03628,0.65517,31
-16.0,12.0,1.2942,4.103,0.08554,-0.01979,-0.01979,0.03458,0.34483,31
-16.0,13.0,1.275,0.9451,0.03817,-0.00427,-0.00427,0.05582,1.0,11
-15.0,-5.0,1.334,3.307,0.00325,0.01418,0.01418,0.06236,1.0,8
-15.0,1.0,1.1946,2.7286,0.0511,0.00102,0.00102,0.01371,1.0,5
-15.0,2.0,1.11377,3.18618,0.11394,-0.06625,-0.06625,0.11593,0.75862,29
-15.0,2.0,0.79386,0.33006,0.14043,-0.1685,-0.1685,0.32359,0.24138,29
-15.0,3.0,1.28063,3.08528,0.08661,-0.03134,-0.03134,0.06299,1.0,74
-15.0,4.0,1.28581,3.04394,0.06615,-0.00254,-0.00254,0.04197,1.0,53
-15.0,5.0,1.09353,3.104,0.08868,-0.04424,-0.04424,0.08384,1.0,22
-15.0,6.0,1.14733,3.16133,0.09213,-0.04441,-0.04441,0.08346,1.0,17
-15.0,7.0,1.07589,3.31622,0.02268,-0.00985,-0.00985,0.07928,0.6,19
-15.0,7.0,0.8605,1.8035,0.017,-0.01008,-0.01008,0.06032,0.4,19
-15.0,8.0,0.8778,1.8886,0.00903,0.00081,0.00081,0.06115,1.0,8
-15.0,10.0,1.2258,0.8706,0.01753,-0.0488,-0.0488,0.20756,1.0,6
-15.0,11.0,1.26789,0.65967,0.02697,-0.02316,-0.02316,0.09627,0.52941,17
-15.0,11.0,1.24675,3.98463,0.09407,-0.02362,-0.02362,0.01505,0.47059,17
-15.0,12.0,1.25357,0.78924,0.04811,-0.0144,-0.0144,0.05704,0.7,30
-15.0,12.0,1.23233,3.90122,0.09734,-0.00412,-0.00412,0.02637,0.3,30
-15.0,13.0,1.32607,0.83314,0.04924,-0.00982,-0.00982,0.05456,1.0,18
-15.0,14.0,1.3279,1.0268,0.08079,-0.01336,-0.01336,0.04801,1.0,12
-15.0,15.0,0.999,1.54143,0.0963,-0.0195,-0.0195,0.24736,1.0,7
-15.0,16.0,1.24371,1.67829,0.09965,-0.02074,-0.02074,0.17388,1.0,7
-15.0,19.0,1.3978,1.732,0.03446,0.04398,0.04398,0.11972,1.0,5
-15.0,20.0,1.35567,1.57233,0.0016,-0.00578,-0.00578,0.02198,1.0,5
-14.0,-7.0,1.07262,0.39318,0.01083,0.00528,0.00528,0.36373,1.0,11
-14.0,-6.0,1.199,0.37327,0.02153,-0.05,-0.05,0.27751,1.0,9
-14.0,0.0,1.4275,2.656,0.00681,-0.00446,-0.00446,0.00292,1.0,5
-14.0,2.0,1.279,3.035,0.03933,-0.01195,-0.01195,0.05729,1.0,21
-14.0,3.0,1.26156,3.04444,0.04255,-0.00182,-0.00182,0.06439,0.93939,69
-14.0,3.0,0.92175,5.7803,0.00041,0.00504,0.00504,0.17384,0.06061,69
-14.0,4.0,1.1959,3.03688,0.03883,0.00221,0.00221,0.08709,1.0,46
-14.0,5.0,1.14794,2.79582,0.06997,0.02792,0.02792,0.29438,1.0,18
-14.0,6.0,1.10938,2.87892,0.09402,-0.00069,-0.00069,0.21344,1.0,14
-14.0,7.0,1.2586,6.26651,0.02059,0.02358,0.02358,0.03978,0.35714,14
-14.0,7.0,0.94978,2.94322,0.05253,0.00853,0.00853,0.34215,0.64286,14
-14.0,11.0,1.12075,0.6071,0.19716,0.05468,0.05468,0.19817,1.0,14
-14.0,12.0,1.31615,0.76123,0.03093,-0.00023,-0.00023,0.15032,0.65,20
-14.0,12.0,1.09457,3.98871,0.04351,-0.00664,-0.00664,0.11386,0.35,20
-14.0,13.0,1.31557,0.81119,0.07036,0.0055,0.0055,0.05246,0.7,33
-14.0,13.0,1.09078,3.99811,0.03707,0.00979,0.00979,0.10579,0.3,33
-14.0,14.0,1.27833,1.20211,0.08286,-0.00643,-0.00643,0.24641,1.0,20
-14.0,15.0,1.10956,1.15362,0.06446,0.02817,0.02817,0.19957,1.0,16
-13.0,-11.0,0.6976,4.7566,0.00188,0.00369,0.00369,0.05031,1.0,5
-13.0,-10.0,0.6905,4.68217,0.00182,0.00572,0.00572,0.06962,1.0,9
-13.0,-7.0,1.0565,0.30623,0.01096,0.03544,0.03544,0.34947,1.0,12
-13.0,-6.0,1.10343,0.50809,0.01207,-0.01491,-0.01491,0.43093,1.0,9
-13.0,-5.0,1.1995,3.47175,0.0138,-0.02303,-0.02303,0.03854,0.5,10
-13.0,-5.0,1.12125,1.13825,0.0174,0.00362,0.00362,0.00992,0.5,10
-13.0,-4.0,1.161,3.5568,0.01318,0.00101,0.00101,0.00927,1.0,9
-13.0,-1.0,1.146,2.6822,0.07677,0.00156,0.00156,0.02249,1.0,6
-13.0,0.0,1.23912,2.46,0.06764,0.06862,0.06862,0.22452,1.0,9
-13.0,1.0,1.165,2.2025,0.03207,0.0462,0.0462,0.23638,1.0,8
-13.0,2.0,1.28492,2.93227,0.04152,0.0372,0.0372,0.13958,0.86667,31
-13.0,2.0,1.10125,5.592,0.02836,0.00656,0.00656,0.0041,0.13333,31
-13.0,3.0,1.28172,2.99584,0.05474,0.01376,0.01376,0.07357,0.91428,70
-13.0,3.0,1.11015,5.98325,0.03658,0.03495,0.03495,0.26281,0.08572,70
-13.0,4.0,1.23648,3.0031,0.05548,0.00492,0.00492,0.04545,1.0,44
-13.0,5.0,1.17236,3.01536,0.05767,-0.03019,-0.03019,0.06737,1.0,14
-13.0,6.0,1.19038,3.01131,0.06666,-0.00212,-0.00212,0.06199,1.0,16
-13.0,7.0,1.127,3.338,0.0557,-0.00912,-0.00912,0.1699,1.0,11
-13.0,12.0,1.195,0.56767,0.00121,0.00409,0.00409,0.01487,1.0,14
-13.0,13.0,1.1822,0.35748,0.08858,0.11364,0.11364,1.10092,0.70556,23
-13.0,13.0,1.2137,3.86467,0.00799,0.00063,0.00063,0.00046,0.13022,23
-13.0,13.0,1.0284,2.13893,0.03724,0.02111,0.02111,0.01873,0.16422,23
-13.0,14.0,1.09694,0.84912,0.084,-0.00278,-0.00278,0.04012,1.0,20
-13.0,15.0,1.07825,0.91355,0.05352,-0.00538,-0.00538,0.02901,1.0,23
-13.0,16.0,1.06936,0.86607,0.03772,-0.00206,-0.00206,0.03384,1.0,16
-12.0,-13.0,0.683,4.285,0.01507,0.0054,0.0054,0.00198,1.0,6
-12.0,-12.0,0.6726,4.7148,0.02821,-0.01255,-0.01255,0.14203,1.0,15
-12.0,-11.0,0.69707,4.70307,0.01169,-0.01243,-0.01243,0.16437,1.0,15
-12.0,-10.0,0.70917,4.56094,0.01837,0.01457,0.01457,0.20853,1.0,20
-12.0,-9.0,0.95667,4.39589,0.07467,-0.0013,-0.0013,0.07834,1.0,13
-12.0,-7.0,1.06,0.18066,0.03673,0.04097,0.04097,0.28817,1.0,11
-12.0,-6.0,1.12538,0.23903,0.0137,0.01183,0.01183,0.39582,1.0,12
-12.0,-4.0,1.15433,3.72683,0.01376,-0.02446,-0.02446,0.23264,1.0,10
-12.0,-3.0,1.04367,1.44833,0.04056,-0.05706,-0.05706,0.096,1.0,11
-12.0,-1.0,1.1767,2.412,0.04702,0.04441,0.04441,0.51729,1.0,10
-12.0,0.0,1.1767,2.3859,0.10763,0.05947,0.05947,0.20834,1.0,12
-12.0,1.0,1.24183,2.2865,0.09884,0.08242,0.08242,0.36439,1.0,10
-12.0,2.0,1.327,3.03257,0.04529,0.01149,0.01149,0.04147,1.0,35
-12.0,3.0,1.29498,3.05244,0.0579,0.0072,0.0072,0.05239,1.0,62
-12.0,4.0,1.19597,3.02694,0.08498,0.02094,0.02094,0.04896,1.0,39
-12.0,5.0,1.2602,3.0321,0.0491,-0.02506,-0.02506,0.03009,1.0,16
-12.0,6.0,1.1579,3.0273,0.06535,-0.00622,-0.00622,0.07345,0.66667,18
-12.0,6.0,1.1724,1.3834,0.05115,0.02039,0.02039,0.03949,0.33333,18
-12.0,7.0,1.10375,2.88875,0.0308,0.00939,0.00939,0.00311,1.0,12
-12.0,8.0,1.0098,3.6668,0.00687,-0.02417,-0.02417,0.22666,1.0,12
-12.0,10.0,1.136,1.647,0.00257,-0.0165,-0.0165,0.11458,1.0,6
-12.0,11.0,1.06209,1.76764,0.10368,0.0261,0.0261,0.09638,1.0,13
-12.0,12.0,0.9626,1.8463,0.09416,0.03015,0.03015,0.07591,1.0,13
-12.0,13.0,1.06425,2.03525,0.15041,0.03122,0.03122,0.02455,0.61538,14
-12.0,13.0,1.1996,0.645,0.06208,0.02327,0.02327,0.01864,0.38462,14
-12.0,14.0,1.09128,0.71799,0.03121,0.0005,0.0005,0.02466,0.57893,19
-12.0,14.0,1.26274,1.92135,0.14393,0.02331,0.02331,0.04005,0.42107,19
-12.0,15.0,1.12116,1.24879,0.06851,0.01553,0.01553,0.22749,1.0,19
-12.0,16.0,1.08024,0.90776,0.03324,-0.00305,-0.00305,0.07714,1.0,24
-12.0,17.0,1.126,1.03277,0.00811,0.00503,0.00503,0.16134,1.0,13
-12.0,21.0,1.16675,1.4185,0.10335,-0.0128,-0.0128,0.00319,1.0,5
-11.0,-12.0,0.73575,4.78875,0.02212,-0.03609,-0.03609,0.18162,1.0,8
-11.0,-11.0,0.73007,4.69136,0.01663,-0.04261,-0.04261,0.22377,1.0,14
-11.0,-10.0,0.73629,4.38195,0.02583,0.00406,0.00406,0.15008,1.0,26
-11.0,-9.0,0.75624,4.36552,0.00604,-0.01508,-0.01508,0.04994,0.45021,19
-11.0,-9.0,0.80609,2.74011,0.07911,0.10848,0.10848,1.30778,0.54979,19
-11.0,-8.0,0.71262,4.39325,0.01362,-0.03934,-0.03934,0.15402,0.53332,19
-11.0,-8.0,0.95785,5.59527,0.03033,-0.09605,-0.09605,0.48982,0.46668,19
-11.0,-7.0,1.03561,5.52196,0.0285,-0.09532,-0.09532,0.64568,0.60015,19
-11.0,-7.0,0.80167,4.15324,0.00348,-0.01414,-0.01414,0.08195,0.39985,19
-11.0,-6.0,0.74367,2.25433,0.02963,0.03693,0.03693,0.1347,1.0,14
-11.0,-5.0,1.07767,0.59967,0.01707,0.02207,0.02207,0.02871,1.0,11
-11.0,-4.0,0.69075,1.45875,0.00258,0.00671,0.00671,0.06524,1.0,9
-11.0,-3.0,1.14467,3.56267,0.01123,0.00485,0.00485,0.00213,1.0,10
-11.0,-2.0,1.0488,1.147,0.01401,-0.06125,-0.06125,0.43435,1.0,9
-11.0,-1.0,1.2088,2.9128,0.08313,0.01584,0.01584,0.0706,1.0,11
-11.0,0.0,0.91425,5.66875,0.01091,4e-05,4e-05,0.00368,1.0,10
-11.0,2.0,1.25223,3.04277,0.05546,0.02288,0.02288,0.10417,1.0,34
-11.0,3.0,1.23858,3.01312,0.0578,0.00255,0.00255,0.05801,1.0,73
-11.0,4.0,1.19072,2.93945,0.08085,-0.00563,-0.00563,0.14225,1.0,43
-11.0,5.0,1.217,2.79087,0.07296,-0.03586,-0.03586,0.34343,1.0,19
-11.0,6.0,1.227,2.70809,0.05908,-0.06479,-0.06479,0.39223,1.0,15
-11.0,7.0,1.11459,2.65544,0.03513,-0.05936,-0.05936,1.35665,0.78446,17
-11.0,7.0,1.11512,4.99617,0.01828,-0.02794,-0.02794,0.06513,0.21554,17
-11.0,8.0,1.1074,1.5516,0.01935,-0.04097,-0.04097,0.11149,1.0,16
-11.0,9.0,1.1485,1.53617,0.03734,0.02364,0.02364,0.102,1.0,11
-11.0,10.0,1.24773,1.91018,0.05617,0.01068,0.01068,0.17926,1.0,14
-11.0,11.0,1.1048,1.8672,0.09504,0.03261,0.03261,0.14755,1.0,18
-11.0,12.0,1.0705,1.74444,0.0812,0.01562,0.01562,0.07144,1.0,22
-11.0,13.0,1.1967,1.77605,0.06958,0.02966,0.02966,0.07452,1.0,24
-11.0,14.0,1.10724,1.44314,0.03603,-0.00732,-0.00732,0.22534,1.0,21
-11.0,15.0,1.02271,1.23605,0.04294,-0.04286,-0.04286,0.1343,1.0,21
-11.0,16.0,1.13029,1.14771,0.05522,-0.04244,-0.04244,0.11339,1.0,21
-11.0,17.0,1.14055,1.02536,0.04648,-0.01288,-0.01288,0.13535,1.0,22
-11.0,18.0,1.1655,1.00036,0.03034,0.01601,0.01601,0.15408,1.0,14
-11.0,19.0,1.219,1.41175,0.0036,0.00366,0.00366,0.00903,1.0,6
-10.0,-11.0,0.62158,3.96716,0.02178,-0.00411,-0.00411,0.06736,1.0,75
-10.0,-10.0,0.66645,3.53841,0.05658,-0.00741,-0.00741,0.77738,0.76241,19
-10.0,-10.0,0.78529,1.91129,0.08302,-0.0608,-0.0608,0.04892,0.23759,19
-10.0,-9.0,1.04664,1.76272,0.03162,-0.03653,-0.03653,0.05035,0.36106,16
-10.0,-9.0,0.75852,4.11017,0.13853,0.21158,0.21158,1.17657,0.63894,16
-10.0,-8.0,0.86758,4.79583,0.05797,0.01386,0.01386,0.4509,1.0,17
-10.0,-7.0,0.875,4.26212,0.01804,-0.01158,-0.01158,0.0477,1.0,16
-10.0,-6.0,0.84375,4.31925,0.00094,-0.00218,-0.00218,0.00991,1.0,12
-10.0,-3.0,1.304,3.5165,0.04623,-0.0029,-0.0029,0.00018,1.0,7
-10.0,-1.0,1.3525,2.747,0.00207,-0.00341,-0.00341,0.00563,1.0,11
-10.0,1.0,1.2532,2.808,0.02662,-0.02533,-0.02533,0.29311,1.0,7
-10.0,2.0,1.28929,2.99516,0.06257,-0.01299,-0.01299,0.0552,1.0,40
-10.0,3.0,1.36388,2.95257,0.06352,0.0051,0.0051,0.06867,1.0,58
-10.0,4.0,1.311,2.96744,0.07211,-0.01691,-0.01691,0.09963,1.0,34
-10.0,5.0,1.1494,3.0085,0.06488,-0.01831,-0.01831,0.04623,1.0,14
-10.0,6.0,1.21773,2.899,0.08063,-0.03096,-0.03096,0.09677,1.0,13
-10.0,7.0,1.21033,2.75567,0.04811,0.06538,0.06538,0.17403,1.0,8
-10.0,8.0,1.07317,2.65767,0.0251,0.02656,0.02656,0.63697,1.0,10
-10.0,9.0,1.29267,2.145,0.01655,0.02854,0.02854,0.05933,1.0,13
-10.0,10.0,1.21642,2.31733,0.03785,0.00161,0.00161,0.02461,0.70588,22
-10.0,10.0,0.9738,3.3966,0.0223,0.0304,0.0304,0.05567,0.29412,22
-10.0,11.0,1.2409,2.18933,0.06996,-0.02048,-0.02048,0.10256,0.80769,27
-10.0,11.0,1.1746,4.8128,0.01401,0.01763,0.01763,0.05603,0.19231,27
-10.0,12.0,1.21865,1.79229,0.07158,0.00428,0.00428,0.05254,1.0,22
-10.0,13.0,1.12211,1.58316,0.04187,0.0057,0.0057,0.04725,1.0,20
-10.0,14.0,1.039,1.33983,0.03051,0.00278,0.00278,0.11506,1.0,18
-10.0,15.0,0.99265,1.13259,0.04162,-0.02767,-0.02767,0.08423,1.0,17
-10.0,16.0,1.08681,1.17831,0.05448,-0.02132,-0.02132,0.0516,1.0,16
-10.0,17.0,1.24665,0.93339,0.07776,-0.01399,-0.01399,0.08196,1.0,23
-10.0,18.0,1.20286,0.85048,0.08642,0.01042,0.01042,0.07293,1.0,24
-10.0,19.0,1.13875,0.85608,0.03127,0.02164,0.02164,0.08776,1.0,15
-9.0,-12.0,0.58433,4.65767,0.02277,0.01052,0.01052,0.00487,1.0,6
-9.0,-11.0,0.61713,4.01143,0.02094,0.00712,0.00712,0.14193,0.53492,291
-9.0,-11.0,0.621,0.59169,0.01467,-0.02717,-0.02717,0.55191,0.46508,291
-9.0,-10.0,0.63399,3.99266,0.03655,0.03556,0.03556,0.20577,0.54571,292
-9.0,-10.0,0.63145,0.57188,0.01527,-0.00861,-0.00861,0.45804,0.45429,292
-9.0,-9.0,1.134,4.7428,0.06475,0.0469,0.0469,0.21057,1.0,14
-9.0,-8.0,1.04044,4.56622,0.04299,0.00957,0.00957,0.17435,1.0,10
-9.0,-7.0,1.01951,0.85887,0.0129,0.01477,0.01477,0.02534,0.30638,13
-9.0,-7.0,1.02133,4.36928,0.02465,-0.03224,-0.03224,0.85235,0.69362,13
-9.0,-6.0,0.98338,4.00863,0.03714,-0.02009,-0.02009,0.16153,1.0,11
-9.0,-5.0,1.125,4.021,0.1204,0.00192,0.00192,0.08304,1.0,8
-9.0,-3.0,1.32514,3.27714,0.03995,-0.03766,-0.03766,0.25679,1.0,8
-9.0,-2.0,1.2842,2.9085,0.02623,-0.00034,-0.00034,0.17206,1.0,13
-9.0,-1.0,1.2505,2.8059,0.05982,0.02336,0.02336,0.07923,1.0,14
-9.0,2.0,1.36628,3.01556,0.05174,0.00435,0.00435,0.04403,1.0,42
-9.0,3.0,1.38866,2.99928,0.075,-0.00087,-0.00087,0.05926,1.0,55
-9.0,4.0,1.31748,2.94922,0.04846,-0.00803,-0.00803,0.07338,1.0,27
-9.0,5.0,1.29855,2.93589,0.01926,-0.00588,-0.00588,0.05112,0.6,15
-9.0,5.0,0.85384,6.22161,0.08241,0.10799,0.10799,0.35968,0.4,15
-9.0,6.0,1.067,2.89138,0.04552,-0.00838,-0.00838,0.10945,1.0,8
-9.0,7.0,1.06533,2.73367,0.08686,-0.06043,-0.06043,0.12983,1.0,8
-9.0,8.0,1.176,2.2915,0.00096,-0.00281,-0.00281,0.00819,1.0,12
-9.0,9.0,1.24045,2.27127,0.02831,0.00438,0.00438,0.01579,0.73333,22
-9.0,9.0,1.0765,3.68025,0.02115,0.00396,0.00396,0.00476,0.26667,22
-9.0,10.0,1.19623,2.19302,0.0247,-0.00142,-0.00142,0.06206,0.48159,31
-9.0,10.0,0.99239,3.70903,0.03449,0.00311,0.00311,0.10117,0.51841,31
-9.0,11.0,1.22573,2.05282,0.02568,0.00067,0.00067,0.10485,1.0,18
-9.0,13.0,1.09167,1.44067,0.02529,-0.01543,-0.01543,0.03361,1.0,6
-9.0,14.0,1.054,1.222,0.05817,0.00303,0.00303,0.05524,1.0,10
-9.0,15.0,1.07392,1.07992,0.0717,-0.01176,-0.01176,0.06161,1.0,12
-9.0,16.0,1.181,1.06382,0.06258,-0.01492,-0.01492,0.03607,1.0,11
-9.0,17.0,1.15279,1.05471,0.07685,0.03583,0.03583,0.09134,1.0,14
-9.0,18.0,1.16941,0.86989,0.10029,-0.00945,-0.00945,0.07392,1.0,29
-9.0,19.0,1.18524,0.82943,0.09283,-0.01635,-0.01635,0.06958,1.0,23
-9.0,20.0,1.08973,0.90018,0.03656,0.02773,0.02773,0.09244,1.0,11
-9.0,21.0,0.855,1.08,0.03376,0.00427,0.00427,0.14027,1.0,6
-8.0,-11.0,0.64487,0.45643,0.01616,-0.01874,-0.01874,0.1769,0.75179,118
-8.0,-11.0,0.60281,4.85223,0.01432,0.00182,0.00182,0.42529,0.24821,118
-8.0,-10.0,0.63175,0.50231,0.01083,-0.01116,-0.01116,0.23092,0.94514,125
-8.0,-10.0,0.90568,5.26132,0.14354,0.06944,0.06944,0.07505,0.05486,125
-8.0,-8.0,0.9125,4.21725,0.00149,0.00232,0.00232,0.1666,1.0,5
-8.0,-7.0,1.0105,3.6965,0.0322,0.02462,0.02462,0.30038,0.54546,11
-8.0,-7.0,1.0098,0.5802,0.01142,0.01093,0.01093,0.07753,0.45454,11
-8.0,-6.0,1.18367,3.78517,0.09892,0.05168,0.05168,0.29448,1.0,10
-8.0,-5.0,1.22167,3.98467,0.09976,0.01614,0.01614,0.07471,1.0,7
-8.0,-4.0,0.804,3.74767,0.00209,-0.00062,-0.00062,0.00063,1.0,10
-8.0,-3.0,1.113,3.7085,0.03881,-0.02354,-0.02354,0.01428,1.0,14
-8.0,-2.0,1.27171,3.16686,0.00614,0.01735,0.01735,0.07868,0.63636,16
-8.0,-2.0,1.1965,6.24059,0.02784,0.05103,0.05103,0.09482,0.36364,16
-8.0,-1.0,1.365,3.29402,0.15677,-0.04536,-0.04536,0.43986,0.69231,13
-8.0,-1.0,1.16375,6.1733,0.03004,0.05379,0.05379,0.09689,0.30769,13
-8.0,1.0,1.2516,3.07,0.07216,0.06345,0.06345,0.11867,1.0,6
-8.0,2.0,1.35026,3.11849,0.0735,-0.00231,-0.00231,0.06708,1.0,42
-8.0,3.0,1.30282,3.07875,0.10951,-0.0253,-0.0253,0.07779,1.0,57
-8.0,4.0,1.19179,3.01517,0.07392,-0.01378,-0.01378,0.07698,1.0,27
-8.0,5.0,1.3565,3.00951,0.04504,-0.03233,-0.03233,0.05064,0.61537,14
-8.0,5.0,0.90302,0.48763,0.02041,0.05895,0.05895,0.22416,0.38463,14
-8.0,6.0,1.0618,2.8006,0.07209,0.00847,0.00847,0.05713,1.0,14
-8.0,7.0,1.20112,2.55463,0.03299,-0.00388,-0.00388,0.03951,0.38095,23
-8.0,7.0,1.00688,5.07515,0.08263,0.16063,0.16063,0.4542,0.47682,23
-8.0,7.0,0.63876,3.42987,0.00187,-0.00158,-0.00158,0.00393,0.14222,23
-8.0,8.0,1.02877,5.08687,0.059,0.07743,0.07743,0.44728,0.45639,44
-8.0,8.0,1.27845,2.39799,0.04846,-0.0126,-0.0126,0.02492,0.20445,44
-8.0,8.0,0.65429,1.0646,0.03249,0.00606,0.00606,0.15278,0.24921,44
-8.0,8.0,0.61566,3.4627,0.00298,-0.00344,-0.00344,0.00617,0.08994,44
-8.0,9.0,1.1114,2.161,0.10286,0.05914,0.05914,0.07513,0.45455,24
-8.0,9.0,1.05742,4.49317,0.05208,0.00028,0.00028,0.12847,0.54545,24
-8.0,10.0,1.01222,3.92244,0.03494,-0.01957,-0.01957,0.05719,0.6,16
-8.0,10.0,1.15683,2.1315,0.0233,-0.0142,-0.0142,0.06754,0.4,16
-8.0,12.0,1.12186,0.90957,0.04354,0.01142,0.01142,0.04639,1.0,7
-8.0,13.0,0.821,0.807,0.00034,0.00037,0.00037,0.00209,1.0,6
-8.0,15.0,1.19,0.79471,0.05484,-0.02444,-0.02444,0.04043,1.0,7
-8.0,16.0,1.30183,0.867,0.0054,-0.00115,-0.00115,0.1072,1.0,6
-8.0,17.0,1.23575,1.1885,0.01083,-0.00897,-0.00897,0.00859,1.0,5
-8.0,18.0,1.29233,0.9095,0.04259,0.00812,0.00812,0.07282,1.0,13
-8.0,19.0,1.15638,0.77303,0.10326,-0.00353,-0.00353,0.03342,1.0,29
-8.0,20.0,0.95311,0.72861,0.0395,0.01071,0.01071,0.03619,1.0,20
-7.0,-7.0,1.19675,3.689,0.17374,-0.01164,-0.01164,0.0096,1.0,6
-7.0,-6.0,1.12772,0.59113,0.02968,0.02758,0.02758,0.04024,0.46091,13
-7.0,-6.0,1.13224,3.14907,0.10592,0.0417,0.0417,0.61601,0.53909,13
-7.0,-5.0,1.0006,0.637,0.03366,0.02307,0.02307,0.0344,1.0,9
-7.0,-4.0,0.82783,3.851,0.0021,0.00227,0.00227,0.02109,1.0,9
-7.0,-3.0,0.97864,3.84845,0.04431,0.02772,0.02772,0.14328,1.0,15
-7.0,-2.0,1.17981,3.44292,0.1144,-0.04962,-0.04962,0.37682,0.69567,23
-7.0,-2.0,1.14286,0.19879,0.04093,-0.01674,-0.01674,0.11219,0.30433,23
-7.0,-1.0,1.0928,2.899,0.05668,-0.05475,-0.05475,0.0682,0.55556,12
-7.0,-1.0,1.08425,6.024,0.00059,0.00085,0.00085,0.00443,0.44444,12
-7.0,2.0,1.28289,3.12842,0.13422,-0.00904,-0.00904,0.0875,1.0,47
-7.0,3.0,1.28167,3.08433,0.09834,-0.01363,-0.01363,0.07203,1.0,57
-7.0,4.0,1.22731,3.04331,0.06833,-0.01516,-0.01516,0.06717,1.0,28
-7.0,5.0,1.2985,3.1679,0.0576,-0.06427,-0.06427,0.41318,1.0,12
-7.0,6.0,1.22123,2.84962,0.12948,-0.0664,-0.0664,0.14112,1.0,19
-7.0,7.0,1.08287,5.57652,0.03967,-0.00336,-0.00336,0.10331,0.39638,38
-7.0,7.0,0.93719,2.56946,0.16646,-0.00873,-0.00873,1.27266,0.55099,38
-7.0,7.0,0.742,1.123,0.03312,-0.00218,-0.00218,0.00014,0.05263,38
-7.0,8.0,1.00707,5.43406,0.05188,0.0917,0.0917,0.56679,0.48733,41
-7.0,8.0,0.60535,1.08027,0.02037,0.0165,0.0165,0.13309,0.29389,41
-7.0,8.0,0.61571,3.46269,0.00298,-0.00344,-0.00344,0.00617,0.09686,41
-7.0,8.0,1.5358,2.57425,0.09921,-0.01682,-0.01682,0.02023,0.12192,41
-7.0,9.0,0.81733,1.40967,0.11638,0.1193,0.1193,0.35489,1.0,13
-7.0,12.0,1.0845,0.8305,0.04628,0.00126,0.00126,0.00726,1.0,6
-7.0,13.0,0.85975,0.79417,0.05507,0.00802,0.00802,0.00633,1.0,12
-7.0,14.0,0.85544,0.74167,0.07341,-0.00547,-0.00547,0.01301,1.0,9
-7.0,16.0,1.2638,0.5214,0.04686,0.00386,0.00386,0.00233,1.0,7
-7.0,19.0,1.09753,0.81553,0.09022,0.00886,0.00886,0.03303,1.0,19
-7.0,20.0,1.00874,0.79847,0.09414,0.00455,0.00455,0.02968,1.0,19
-6.0,-10.0,0.863,5.86183,0.08686,0.0157,0.0157,0.03728,1.0,6
-6.0,-6.0,1.3205,3.74375,0.16081,-0.06525,-0.06525,0.03657,1.0,10
-6.0,-5.0,1.04883,0.69583,0.05348,0.0129,0.0129,0.01558,1.0,9
-6.0,-4.0,0.9852,0.6962,0.04705,0.0047,0.0047,0.02283,1.0,8
-6.0,-3.0,1.01912,3.76288,0.03709,0.00299,0.00299,0.06054,1.0,10
-6.0,-2.0,1.10487,3.27987,0.03365,-0.03116,-0.03116,0.18433,0.68182,22
-6.0,-2.0,1.25143,0.11277,0.07864,-0.03034,-0.03034,0.25473,0.31818,22
-6.0,-1.0,1.18188,2.885,0.04282,-0.04342,-0.04342,0.06543,0.66667,13
-6.0,-1.0,1.33775,6.14455,0.09412,0.0569,0.0569,0.03733,0.33333,13
-6.0,2.0,1.35363,3.04255,0.14203,0.02135,0.02135,0.08342,1.0,40
-6.0,3.0,1.42318,3.0106,0.09847,0.01422,0.01422,0.06861,1.0,45
-6.0,4.0,1.43039,2.91722,0.08286,0.0054,0.0054,0.03655,1.0,20
-6.0,5.0,1.21567,3.05503,0.16451,-0.12689,-0.12689,0.15938,0.64946,20
-6.0,5.0,0.91537,0.04214,0.16701,-0.00367,-0.00367,0.54676,0.35054,20
-6.0,6.0,1.21438,3.06823,0.20956,-0.16032,-0.16032,0.20879,0.54167,24
-6.0,6.0,0.94309,5.99858,0.17651,-0.08002,-0.08002,0.16955,0.45833,24
-6.0,7.0,1.0968,5.8316,0.07534,-0.02518,-0.02518,0.02058,0.45454,22
-6.0,7.0,1.21,2.406,0.20924,0.06551,0.06551,0.31007,0.54546,22
-6.0,8.0,0.988,5.9005,0.0009,0.00073,0.00073,0.0006,0.33333,15
-6.0,8.0,1.45775,2.76075,0.17224,-0.08427,-0.08427,0.05246,0.66667,15
-6.0,13.0,0.6785,0.788,0.00912,0.00411,0.00411,0.00185,1.0,7
-6.0,16.0,1.102,0.44575,0.00491,-0.00459,-0.00459,0.00762,1.0,6
-6.0,17.0,0.87867,0.42833,0.15383,-0.03795,-0.03795,0.00969,1.0,5
-6.0,20.0,0.8732,0.8774,0.02812,0.0071,0.0071,0.01016,1.0,5
-5.0,-5.0,0.832,3.8495,0.00217,0.0062,0.0062,0.02884,1.0,7
-5.0,-4.0,0.939,0.85367,0.01002,0.01129,0.01129,0.0133,1.0,9
-5.0,-3.0,1.0612,3.7742,0.01406,-0.00843,-0.00843,0.01289,1.0,12
-5.0,-2.0,1.12291,3.33999,0.03945,-0.02586,-0.02586,0.16261,0.62924,27
-5.0,-2.0,1.02056,0.49503,0.04173,-0.08036,-0.08036,0.58912,0.37076,27
-5.0,-1.0,1.17727,3.23479,0.08133,0.18245,0.18245,1.57277,0.72108,13
-5.0,-1.0,0.97249,0.62798,0.0015,0.00467,0.00467,0.35576,0.27892,13
-5.0,1.0,1.1555,2.713,0.00979,-0.01549,-0.01549,0.05744,1.0,9
-5.0,2.0,1.3799,3.07635,0.13295,0.02493,0.02493,0.12769,1.0,41
-5.0,3.0,1.56266,3.41393,0.13637,0.00855,0.00855,0.02956,0.34807,47
-5.0,3.0,1.32533,2.89202,0.17312,0.01006,0.01006,0.02682,0.65193,47
-5.0,4.0,1.5238,3.03787,0.12644,0.04692,0.04692,0.05405,1.0,16
-5.0,5.0,1.11433,3.07433,0.23806,-0.10892,-0.10892,0.14589,0.47368,19
-5.0,5.0,0.9458,6.23746,0.14588,0.00144,0.00144,0.2432,0.52632,19
-5.0,6.0,0.97752,6.0239,0.13933,-0.02136,-0.02136,0.22379,0.54844,31
-5.0,6.0,1.02481,3.04625,0.13897,-0.08923,-0.08923,0.2921,0.45156,31
-5.0,7.0,1.26362,6.28222,0.1593,0.22944,0.22944,0.85799,0.64716,20
-5.0,7.0,1.08649,2.59621,0.00972,0.00788,0.00788,0.02697,0.35284,20
-4.0,-3.0,1.01633,3.80722,0.09869,-0.1362,-0.1362,0.51706,1.0,16
-4.0,-2.0,1.14263,3.63252,0.14177,-0.04932,-0.04932,0.42239,0.73962,26
-4.0,-2.0,1.0856,6.23443,0.02466,-0.00277,-0.00277,0.07371,0.26038,26
-4.0,-1.0,1.28725,3.68858,0.13542,-0.01492,-0.01492,0.12435,1.0,18
-4.0,1.0,1.11167,2.99611,0.09946,-0.05246,-0.05246,0.21519,1.0,20
-4.0,2.0,1.23281,2.9838,0.13503,-0.00198,-0.00198,0.16598,1.0,56
-4.0,3.0,1.16725,2.94821,0.10815,0.02468,0.02468,0.14308,1.0,54
-4.0,4.0,0.98524,2.83571,0.09421,0.04414,0.04414,0.07133,1.0,23
-4.0,5.0,0.88664,6.27046,0.07606,0.00748,0.00748,0.40343,0.48298,29
-4.0,5.0,1.12384,2.82459,0.18136,-0.04274,-0.04274,0.17502,0.51702,29
-4.0,6.0,0.86691,5.8367,0.05474,0.00429,0.00429,0.03309,0.3401,29
-4.0,6.0,1.01205,2.49324,0.13491,-0.0346,-0.0346,1.05214,0.59094,29
-4.0,6.0,0.9025,0.754,0.02059,0.01191,0.01191,0.00689,0.06896,29
-4.0,7.0,1.159,5.90267,0.01644,-0.01583,-0.01583,0.01649,1.0,13
-4.0,8.0,0.9812,1.2928,0.00113,-0.00073,-0.00073,0.16013,1.0,13
-4.0,9.0,0.72588,2.24715,0.05565,0.00729,0.00729,0.38966,0.78273,25
-4.0,9.0,0.64778,4.7322,0.00077,-0.00441,-0.00441,0.04395,0.21727,25
-4.0,10.0,0.6585,2.17007,0.04761,-0.00215,-0.00215,0.12005,1.0,21
-3.0,-3.0,1.01271,0.22178,0.01895,0.03228,0.03228,0.26198,1.0,11
-3.0,-2.0,1.06294,0.12283,0.01696,0.00803,0.00803,0.19047,0.33317,24
-3.0,-2.0,1.14176,3.58707,0.25851,0.00056,0.00056,0.46266,0.66683,24
-3.0,-1.0,1.20571,3.47279,0.25587,0.08029,0.08029,0.21792,1.0,17
-3.0,0.0,1.064,3.40336,0.06994,-0.06765,-0.06765,0.34049,1.0,17
-3.0,1.0,1.19609,3.17864,0.14007,-0.0766,-0.0766,0.24704,1.0,26
-3.0,2.0,1.18173,2.9457,0.10351,-0.01447,-0.01447,0.13539,0.95071,64
-3.0,2.0,1.07087,4.21872,0.00769,0.02066,0.02066,0.05652,0.04929,64
-3.0,3.0,1.13073,2.83076,0.07696,0.0063,0.0063,0.11764,1.0,66
-3.0,4.0,1.02235,2.74865,0.07464,0.00685,0.00685,0.07899,1.0,35
-3.0,5.0,0.97682,2.67123,0.10241,0.02109,0.02109,0.33235,0.78571,28
-3.0,5.0,1.08583,5.73233,0.22176,0.01458,0.01458,0.00435,0.21429,28
-3.0,6.0,1.00254,2.72125,0.20791,-0.36915,-0.36915,1.11007,0.73722,22
-3.0,6.0,0.86008,5.74917,0.07654,-0.03141,-0.03141,0.024,0.26278,22
-3.0,8.0,1.06956,1.11678,0.03139,-0.01828,-0.01828,0.19911,1.0,10
-3.0,9.0,0.69967,1.9254,0.07062,-0.06562,-0.06562,0.20075,1.0,22
-3.0,10.0,0.67345,2.01755,0.10912,-0.07602,-0.07602,0.17073,1.0,15
-2.0,-4.0,0.58174,4.34168,0.03338,-0.01387,-0.01387,1.01402,1.0,27
-2.0,-3.0,0.62966,5.04381,0.03739,0.06916,0.06916,1.04114,0.65002,88
-2.0,-3.0,0.75008,3.80721,0.09235,0.07854,0.07854,0.09719,0.14169,88
-2.0,-3.0,0.66781,2.07583,0.02125,0.03313,0.03313,0.15954,0.20829,88
-2.0,-2.0,0.79437,3.93154,0.06262,0.03732,0.03732,0.1349,0.31598,47
-2.0,-2.0,0.95206,0.02131,0.01863,0.03007,0.03007,0.25491,0.26134,47
-2.0,-2.0,0.69405,2.17289,0.02079,0.05607,0.05607,0.4181,0.42268,47
-2.0,-1.0,1.01083,3.21408,0.17575,0.03382,0.03382,0.19581,1.0,13
-2.0,0.0,1.317,3.361,0.21641,-0.14604,-0.14604,0.32207,1.0,19
-2.0,1.0,1.33393,3.22696,0.13669,-0.08608,-0.08608,0.26795,1.0,31
-2.0,2.0,1.26871,3.02297,0.09622,-0.04991,-0.04991,0.21458,1.0,77
-2.0,3.0,1.23808,2.80361,0.09506,-0.00295,-0.00295,0.07612,0.86005,68
-2.0,3.0,0.73835,1.33109,0.02177,-0.03942,-0.03942,0.472,0.13995,68
-2.0,4.0,1.07213,2.64503,0.09473,0.04498,0.04498,0.14625,0.67727,31
-2.0,4.0,0.9407,5.49127,0.00177,0.00925,0.00925,0.67055,0.22595,31
-2.0,4.0,0.715,0.84733,0.00821,0.01157,0.01157,0.0163,0.09677,31
-2.0,5.0,0.95629,2.53671,0.06301,0.00763,0.00763,0.03479,1.0,24
-2.0,6.0,0.80454,2.755,0.06626,-0.04879,-0.04879,0.58194,1.0,16
-1.0,-4.0,0.57723,4.76412,0.01369,0.0032,0.0032,0.1358,0.5383,44
-1.0,-4.0,0.6347,5.90967,0.02223,-0.01387,-0.01387,0.04598,0.29891,44
-1.0,-4.0,0.62257,1.66428,0.01506,-0.01074,-0.01074,0.11925,0.16279,44
-1.0,-3.0,0.62243,4.50297,0.04136,0.02195,0.02195,0.53387,0.53824,136
-1.0,-3.0,0.64207,6.09472,0.03821,-0.03727,-0.03727,0.12125,0.15986,136
-1.0,-3.0,0.65903,1.77441,0.02311,-0.00353,-0.00353,0.31171,0.3019,136
-1.0,-2.0,0.66125,2.11358,0.00989,0.00957,0.00957,0.13911,0.31429,74
-1.0,-2.0,0.9593,3.81138,0.10865,-0.07206,-0.07206,0.1589,0.13987,74
-1.0,-2.0,0.62296,4.92758,0.04134,0.17507,0.17507,1.59373,0.45724,74
-1.0,-2.0,0.80788,1.02612,0.06208,0.0082,0.0082,0.0244,0.0886,74
-1.0,-1.0,0.9586,3.16509,0.12456,-0.02203,-0.02203,1.02525,0.90909,22
-1.0,-1.0,0.965,0.5185,0.00792,-0.00832,-0.00832,0.00874,0.09091,22
-1.0,0.0,1.5513,3.207,0.21743,-0.16571,-0.16571,0.23954,1.0,18
-1.0,1.0,1.25355,3.05014,0.1578,0.09195,0.09195,0.63416,0.92863,42
-1.0,1.0,0.91264,0.34891,0.00299,0.01029,0.01029,0.03628,0.07137,42
-1.0,2.0,1.21044,2.91134,0.10431,0.01278,0.01278,0.19721,0.94595,75
-1.0,2.0,0.98325,5.4205,0.03396,0.0587,0.0587,0.10264,0.05405,75
-1.0,3.0,1.20625,2.78836,0.11452,0.0045,0.0045,0.13118,0.8305,59
-1.0,3.0,0.72744,0.73758,0.00663,0.00458,0.00458,0.04877,0.06769,59
-1.0,3.0,0.92265,5.65275,0.03268,0.03598,0.03598,0.1825,0.10182,59
-1.0,4.0,1.04729,2.21029,0.07144,0.08833,0.08833,1.2972,0.8333,35
-1.0,4.0,0.89167,5.90898,0.01654,-0.00863,-0.00863,0.00647,0.08265,35
-1.0,4.0,0.81246,0.71983,0.01263,-0.01022,-0.01022,0.00831,0.08405,35
-1.0,5.0,0.99093,2.5734,0.04293,-0.0136,-0.0136,0.26503,1.0,21
-1.0,6.0,0.84433,2.02358,0.0421,0.03358,0.03358,0.13332,1.0,17
-1.0,7.0,0.77917,2.11617,0.03949,-0.00675,-0.00675,0.179,1.0,14
-1.0,8.0,0.915,1.89,0.0009,-0.00102,-0.00102,0.00116,1.0,8
-1.0,10.0,1.1314,0.934,0.08113,0.09317,0.09317,0.19778,1.0,5
-1.0,11.0,0.98173,1.39867,0.06915,0.0484,0.0484,0.3206,1.0,15
-1.0,12.0,0.84067,1.478,0.00676,-0.01188,-0.01188,0.2458,1.0,7
0.0,-4.0,0.65486,4.75543,0.05949,-0.00954,-0.00954,0.05668,1.0,8
0.0,-3.0,0.63075,4.57007,0.03221,-0.02004,-0.02004,0.23247,0.52799,69
0.0,-3.0,0.75307,5.8439,0.02177,-0.00626,-0.00626,0.00695,0.09845,69
0.0,-3.0,0.55432,1.83287,0.05024,-0.12224,-0.12224,0.6206,0.33022,69
0.0,-3.0,0.41424,0.43593,0.00238,0.00168,0.00168,0.00261,0.04334,69
0.0,-2.0,0.75158,4.00002,0.07324,-0.03715,-0.03715,0.11643,0.28133,92
0.0,-2.0,0.57645,2.02596,0.06088,-0.08856,-0.08856,0.24529,0.24452,92
0.0,-2.0,0.6131,0.10899,0.03067,-0.01264,-0.01264,1.52539,0.47414,92
0.0,-1.0,0.69418,1.76118,0.10897,-0.21618,-0.21618,0.53074,0.17882,73
0.0,-1.0,0.59141,1.31565,0.0148,-0.00621,-0.00621,0.71056,0.44123,73
0.0,-1.0,0.9077,3.75598,0.1881,-0.12929,-0.12929,0.44477,0.37994,73
0.0,0.0,1.0572,2.99975,0.15545,-0.08478,-0.08478,0.37566,0.67052,26
0.0,0.0,0.734,4.105,0.02924,-0.00239,-0.00239,0.0002,0.09524,26
0.0,0.0,0.64823,1.5824,0.02979,0.02715,0.02715,0.02955,0.23425,26
0.0,1.0,1.25081,3.04111,0.17589,0.07276,0.07276,0.26774,0.92528,46
0.0,1.0,0.82906,1.75013,0.00125,-0.00423,-0.00423,0.01447,0.07472,46
0.0,2.0,1.2376,2.97778,0.07732,0.00819,0.00819,0.09001,0.94737,81
0.0,2.0,1.02,5.52625,0.01542,0.01819,0.01819,0.02293,0.05263,81
0.0,3.0,1.21016,2.77378,0.08207,0.01127,0.01127,0.0926,0.94828,60
0.0,3.0,1.171,5.68933,0.01026,0.0068,0.0068,0.00513,0.05172,60
0.0,4.0,1.16967,2.436,0.0632,0.02571,0.02571,0.10663,1.0,22
0.0,5.0,1.13041,1.42854,0.03394,0.07957,0.07957,1.53971,1.0,17
0.0,6.0,1.0215,2.0,0.08777,-0.00303,-0.00303,0.05655,1.0,14
0.0,7.0,0.8975,1.9855,0.00308,-0.00413,-0.00413,0.00555,1.0,12
0.0,8.0,1.12611,1.83644,0.03911,-0.00312,-0.00312,0.04144,1.0,10
0.0,9.0,1.17529,1.74257,0.0507,-0.01079,-0.01079,0.11596,1.0,15
0.0,10.0,1.26082,1.62206,0.08898,0.04818,0.04818,0.19119,1.0,17
0.0,11.0,1.08348,1.70613,0.11247,0.04784,0.04784,0.22436,1.0,31
0.0,12.0,0.8965,1.72844,0.07455,0.04961,0.04961,0.26074,1.0,16
1.0,-3.0,0.55383,5.12217,0.00654,0.01021,0.01021,0.13665,1.0,7
1.0,-2.0,0.66021,3.90756,0.03158,-0.00132,-0.00132,0.16849,0.36458,132
1.0,-2.0,0.58103,2.6346,0.02279,-0.00344,-0.00344,0.06866,0.17566,132
1.0,-2.0,0.59206,0.93085,0.02391,-0.02334,-0.02334,2.13665,0.45976,132
1.0,-1.0,1.09085,3.34401,0.14899,-0.14806,-0.14806,0.26114,0.16858,141
1.0,-1.0,0.63889,3.06548,0.02351,-0.13066,-0.13066,3.53113,0.83142,141
1.0,0.0,0.94568,2.58196,0.14715,-0.00542,-0.00542,1.04502,0.81965,22
1.0,0.0,0.79167,5.21934,0.00439,0.00701,0.00701,0.01907,0.18035,22
1.0,1.0,1.19385,2.93688,0.1925,0.03174,0.03174,0.14088,0.8913,48
1.0,1.0,1.1004,0.4198,0.12418,-0.06982,-0.06982,0.05582,0.1087,48
1.0,2.0,1.25018,2.82707,0.07234,0.00172,0.00172,0.0759,0.91209,95
1.0,2.0,1.1815,6.25097,0.03446,-0.02902,-0.02902,0.14792,0.08791,95
1.0,3.0,1.19854,2.64344,0.0682,0.00794,0.00794,0.05875,1.0,52
1.0,4.0,1.17187,2.4168,0.03981,0.00586,0.00586,0.08614,1.0,18
1.0,5.0,1.1879,2.0889,0.02966,-0.01225,-0.01225,0.12391,1.0,14
1.0,6.0,1.31025,2.05,0.11287,0.03029,0.03029,0.09058,1.0,15
1.0,7.0,1.1574,2.06356,0.11332,0.04626,0.04626,0.09369,1.0,29
1.0,8.0,1.12933,1.90663,0.03059,0.01156,0.01156,0.08477,1.0,29
1.0,9.0,1.1453,1.69261,0.03029,0.00406,0.00406,0.10179,1.0,25
1.0,10.0,1.18838,1.6475,0.06997,0.00784,0.00784,0.1215,1.0,24
1.0,11.0,1.17687,1.79053,0.14616,0.01662,0.01662,0.15647,0.87509,24
1.0,11.0,0.80133,0.92999,0.0001,-0.00046,-0.00046,0.00212,0.12491,24
1.0,12.0,0.85414,1.47186,0.07137,-0.01479,-0.01479,0.17045,1.0,7
2.0,-2.0,0.60089,4.11339,0.01866,-0.0413,-0.0413,0.46514,0.6341,30
2.0,-2.0,0.73373,6.14213,0.1229,-0.28318,-0.28318,0.87558,0.3659,30
2.0,-1.0,1.25341,3.16916,0.16795,-0.08294,-0.08294,0.15908,0.18242,98
2.0,-1.0,0.65461,3.73789,0.03363,0.14337,0.14337,3.04497,0.81758,98
2.0,0.0,1.24625,2.90992,0.21548,-0.08395,-0.08395,0.10434,0.63158,19
2.0,0.0,0.86486,5.82202,0.07772,0.07444,0.07444,0.20962,0.36842,19
2.0,1.0,1.25275,2.73702,0.18415,-0.02217,-0.02217,0.06083,1.0,70
2.0,2.0,1.26075,2.68878,0.13035,-0.01637,-0.01637,0.05349,0.9619,108
2.0,2.0,1.031,5.59975,0.02437,-0.0127,-0.0127,0.00665,0.0381,108
2.0,3.0,1.26497,2.57014,0.06462,0.00372,0.00372,0.04586,0.84091,44
2.0,3.0,1.07643,5.96234,0.0311,-0.02947,-0.02947,0.21072,0.15909,44
2.0,4.0,1.11518,2.28824,0.02153,-0.01347,-0.01347,0.08156,1.0,21
2.0,5.0,1.29542,1.92358,0.02273,-0.00849,-0.00849,0.05702,0.8,18
2.0,5.0,0.86833,5.59267,0.00106,-5e-05,-5e-05,0.00023,0.2,18
2.0,6.0,1.40055,2.07477,0.13981,0.03192,0.03192,0.06419,0.78571,28
2.0,6.0,1.02567,5.0555,0.08995,-0.05306,-0.05306,0.1226,0.21429,28
2.0,7.0,1.24872,2.0812,0.19214,0.03883,0.03883,0.05166,1.0,28
2.0,8.0,1.01967,1.98083,0.05174,0.03353,0.03353,0.09508,1.0,14
2.0,9.0,1.14125,1.60738,0.01376,0.0148,0.0148,0.1289,1.0,8
2.0,10.0,1.11289,1.36711,0.12935,0.04545,0.04545,0.16587,1.0,9
2.0,11.0,0.8128,1.5182,0.00474,0.00097,0.00097,0.18721,1.0,6
3.0,-1.0,0.94322,3.3523,0.23592,-0.10661,-0.10661,0.51847,0.71501,38
3.0,-1.0,0.79203,0.12504,0.11735,-0.0363,-0.0363,0.13234,0.28499,38
3.0,0.0,1.12443,2.47949,0.15093,0.01532,0.01532,0.06571,0.59389,37
3.0,0.0,0.82434,6.14062,0.14264,-0.09044,-0.09044,0.54594,0.32508,37
3.0,0.0,0.57665,4.1673,0.00222,0.00329,0.00329,0.00632,0.08103,37
3.0,1.0,1.25806,2.56969,0.07496,0.00091,0.00091,0.04392,0.95098,107
3.0,1.0,1.1606,5.5684,0.01831,-0.00186,-0.00186,0.00044,0.04902,107
3.0,2.0,1.30689,2.5527,0.0855,-0.00672,-0.00672,0.03496,0.95238,86
3.0,2.0,1.15075,5.55575,0.0111,-0.00293,-0.00293,0.00126,0.04762,86
3.0,3.0,1.22355,2.33635,0.06533,0.00679,0.00679,0.08061,1.0,39
3.0,4.0,1.1571,2.1729,0.07648,-0.01869,-0.01869,0.0623,0.7,34
3.0,4.0,1.094,5.40333,0.15708,-0.02357,-0.02357,0.03264,0.3,34
3.0,5.0,1.20787,1.96622,0.08977,0.01043,0.01043,0.0769,0.88462,28
3.0,5.0,1.59367,5.25,0.04109,0.00834,0.00834,0.00286,0.11538,28
3.0,6.0,1.23642,2.01283,0.1753,0.01885,0.01885,0.05628,1.0,15
4.0,-2.0,1.2092,2.8384,0.0044,-0.0185,-0.0185,0.09196,1.0,11
4.0,-1.0,1.00202,2.81833,0.14063,-0.10313,-0.10313,0.29696,0.64273,50
4.0,-1.0,0.89475,6.04026,0.08606,-0.07446,-0.07446,0.32025,0.2802,50
4.0,-1.0,0.59584,4.30765,0.00254,0.00953,0.00953,0.06007,0.07707,50
4.0,0.0,1.20707,2.48664,0.05635,0.00062,0.00062,0.03804,0.82922,103
4.0,0.0,1.26886,5.60314,0.05283,0.03337,0.03337,0.05927,0.06931,103
4.0,0.0,0.49993,1.21839,0.0298,0.05009,0.05009,0.93924,0.10147,103
4.0,1.0,1.23804,2.49552,0.05282,-0.00301,-0.00301,0.03901,0.95495,115
4.0,1.0,1.2006,5.6348,0.01592,0.00789,0.00789,0.03333,0.04505,115
4.0,2.0,1.31913,2.48076,0.0754,0.00388,0.00388,0.04605,1.0,51
4.0,3.0,1.27993,2.26329,0.11693,0.00189,0.00189,0.0417,0.68293,44
4.0,3.0,1.02862,5.37269,0.05111,0.00665,0.00665,0.0496,0.31707,44
4.0,4.0,1.17739,1.95018,0.10572,0.01413,0.01413,0.24133,0.63889,36
4.0,4.0,0.98662,5.13454,0.15403,0.05814,0.05814,0.1214,0.36111,36
4.0,5.0,1.00496,1.70519,0.13641,0.06039,0.06039,0.15694,1.0,31
4.0,6.0,0.87254,1.61846,0.07764,0.02881,0.02881,0.08465,1.0,13
5.0,-5.0,0.60767,4.64733,0.01556,-0.0098,-0.0098,0.09171,1.0,6
5.0,-4.0,0.66783,4.56042,0.01936,-0.0203,-0.0203,0.10303,1.0,12
5.0,-3.0,0.88063,4.185,0.05213,-0.08389,-0.08389,0.24124,1.0,8
5.0,-2.0,1.20148,2.54513,0.12668,0.00928,0.00928,0.08452,0.73524,34
5.0,-2.0,1.13978,5.53174,0.09156,-0.04815,-0.04815,0.20176,0.26476,34
5.0,-1.0,1.19711,2.44965,0.07835,-0.0014,-0.0014,0.03162,0.8587,94
5.0,-1.0,1.09185,5.71362,0.06791,-0.05484,-0.05484,0.14839,0.1413,94
5.0,0.0,1.2029,2.43698,0.05362,-0.00395,-0.00395,0.02989,0.97561,129
5.0,0.0,1.096,5.38967,0.00055,-0.00232,-0.00232,0.02081,0.02439,129
5.0,1.0,1.2036,2.46,0.05176,-0.01176,-0.01176,0.03689,0.93182,90
5.0,1.0,1.3745,5.45333,0.06662,0.02187,0.02187,0.01857,0.06818,90
5.0,2.0,1.23594,2.36754,0.11709,-0.01055,-0.01055,0.0619,0.74468,49
5.0,2.0,1.344,5.343,0.08954,-0.0129,-0.0129,0.06024,0.25532,49
5.0,3.0,1.13852,2.25929,0.16571,0.00345,0.00345,0.05512,0.61765,34
5.0,3.0,1.14446,5.43571,0.10909,-0.05363,-0.05363,0.17282,0.38235,34
5.0,4.0,1.21652,2.01974,0.0818,0.01351,0.01351,0.07367,0.76667,31
5.0,4.0,0.89957,5.06771,0.02616,0.04492,0.04492,0.15047,0.23333,31
5.0,5.0,1.0552,1.73423,0.09446,0.05821,0.05821,0.08616,1.0,35
5.0,6.0,0.92324,1.70943,0.09225,0.0402,0.0402,0.05949,1.0,21
6.0,-5.0,0.7066,4.753,0.04365,-0.00998,-0.00998,0.08794,1.0,5
6.0,-4.0,0.72212,4.73775,0.0736,0.00291,0.00291,0.06011,1.0,8
6.0,-3.0,1.18319,2.47376,0.1102,0.00314,0.00314,0.02221,0.64372,21
6.0,-3.0,0.96174,4.08487,0.04395,-0.08009,-0.08009,0.27226,0.35628,21
6.0,-2.0,1.29496,2.44287,0.10373,-0.0024,-0.0024,0.01579,0.83228,79
6.0,-2.0,1.10474,5.29707,0.03827,-0.06836,-0.06836,0.84001,0.16772,79
6.0,-1.0,1.24374,2.41082,0.06362,-0.00181,-0.00181,0.01979,0.91489,144
6.0,-1.0,1.03942,5.50033,0.07213,-0.0336,-0.0336,0.20801,0.08511,144
6.0,0.0,1.21806,2.40693,0.05226,-0.00723,-0.00723,0.0293,0.87931,118
6.0,0.0,1.19664,5.38514,0.10531,0.03646,0.03646,0.04933,0.12069,118
6.0,1.0,1.24257,2.33818,0.07729,-0.01656,-0.01656,0.02724,0.73333,61
6.0,1.0,1.22331,5.328,0.07964,-0.00171,-0.00171,0.01405,0.26667,61
6.0,2.0,1.309,2.10247,0.09902,-0.03205,-0.03205,0.0784,0.6383,48
6.0,2.0,1.18906,5.29476,0.10013,-0.0117,-0.0117,0.05933,0.3617,48
6.0,3.0,1.17729,2.06555,0.11947,-0.02585,-0.02585,0.05011,0.86111,39
6.0,3.0,0.9466,5.5498,0.01497,0.03294,0.03294,0.08437,0.13889,39
6.0,4.0,1.14058,2.02062,0.10439,-0.0062,-0.0062,0.04365,1.0,29
6.0,5.0,1.11031,1.91073,0.15085,0.00041,0.00041,0.05906,1.0,52
6.0,6.0,1.12122,1.77904,0.12209,0.00702,0.00702,0.04988,1.0,46
6.0,7.0,1.1768,1.62147,0.07043,0.01226,0.01226,0.02524,1.0,15
7.0,-4.0,1.21329,2.31014,0.03875,-0.00533,-0.00533,0.03589,0.58333,12
7.0,-4.0,1.2738,5.2294,0.02561,0.01959,0.01959,0.10886,0.41667,12
7.0,-3.0,1.19216,2.40857,0.07262,-0.00711,-0.00711,0.02754,0.85294,68
7.0,-3.0,1.1247,5.4037,0.06133,0.01807,0.01807,0.1055,0.14706,68
7.0,-2.0,1.3119,2.40154,0.09136,-0.00277,-0.00277,0.02253,0.88636,133
7.0,-2.0,1.19487,5.47733,0.05137,-0.02356,-0.02356,0.12187,0.11364,133
7.0,-1.0,1.35403,2.36935,0.08036,-0.00023,-0.00023,0.0231,0.89474,116
7.0,-1.0,1.392,5.29208,0.1048,0.01508,0.01508,0.04856,0.10526,116
7.0,0.0,1.3067,2.26858,0.12452,0.00463,0.00463,0.04394,0.78824,85
7.0,0.0,1.25083,5.32072,0.09524,0.01184,0.01184,0.03302,0.21176,85
7.0,1.0,1.29637,2.13378,0.13838,0.01313,0.01313,0.07395,0.79688,66
7.0,1.0,1.29554,5.30862,0.05251,-0.00608,-0.00608,0.02519,0.20312,66
7.0,2.0,1.27566,1.96468,0.07641,0.00768,0.00768,0.04788,0.86275,54
7.0,2.0,1.205,5.24271,0.06232,-0.00635,-0.00635,0.03028,0.13725,54
7.0,3.0,1.123,1.93077,0.09086,-0.00985,-0.00985,0.04009,1.0,95
7.0,4.0,1.02042,1.94949,0.07425,0.00528,0.00528,0.05325,1.0,75
7.0,5.0,1.16756,1.93804,0.12586,0.00019,0.00019,0.03526,1.0,46
7.0,6.0,1.22776,1.78951,0.12002,0.0086,0.0086,0.04559,1.0,37
7.0,7.0,1.1605,1.61221,0.07598,0.01243,0.01243,0.0254,1.0,14
8.0,-6.0,0.87967,5.01067,0.02977,0.00547,0.00547,0.02309,1.0,6
8.0,-5.0,1.29533,2.32467,0.02104,0.00054,0.00054,0.0094,1.0,10
8.0,-4.0,1.25204,2.40527,0.05551,-0.00095,-0.00095,0.0134,0.84615,65
8.0,-4.0,1.1945,5.3303,0.03795,0.01283,0.01283,0.07179,0.15385,65
8.0,-3.0,1.24958,2.37451,0.05127,-0.00173,-0.00173,0.02048,0.8797,133
8.0,-3.0,1.23719,5.44506,0.07931,0.00421,0.00421,0.03115,0.1203,133
8.0,-2.0,1.25732,2.35746,0.08074,-0.00489,-0.00489,0.02477,0.8963,136
8.0,-2.0,1.2605,5.39736,0.13862,-0.00633,-0.00633,0.02949,0.1037,136
8.0,-1.0,1.32448,2.22969,0.08373,0.00497,0.00497,0.0442,0.83178,109
8.0,-1.0,1.31189,5.34933,0.0795,-0.017,-0.017,0.02252,0.16822,109
8.0,0.0,1.26946,2.0774,0.12158,0.00802,0.00802,0.06432,0.82051,118
8.0,0.0,1.3209,5.21843,0.07342,-0.01955,-0.01955,0.07272,0.17949,118
8.0,1.0,1.25227,1.93766,0.15922,0.00736,0.00736,0.05191,0.84956,115
8.0,1.0,1.22788,5.16229,0.05928,0.00123,0.00123,0.05999,0.15044,115
8.0,2.0,1.24114,1.89774,0.08627,-0.00241,-0.00241,0.03807,1.0,101
8.0,3.0,1.11966,1.87939,0.08513,0.00054,0.00054,0.06172,1.0,105
8.0,4.0,1.00557,1.89257,0.06624,0.00849,0.00849,0.06613,1.0,63
9.0,-6.0,1.04212,5.31575,0.05637,0.05036,0.05036,0.09179,1.0,15
9.0,-5.0,1.18991,2.38315,0.07105,0.00409,0.00409,0.01603,0.85938,64
9.0,-5.0,1.10478,5.32178,0.02632,0.02046,0.02046,0.06672,0.14062,64
9.0,-4.0,1.23834,2.36337,0.06311,-0.00561,-0.00561,0.02314,0.89362,141
9.0,-4.0,1.20647,5.37347,0.05632,-0.00124,-0.00124,0.06582,0.10638,141
9.0,-3.0,1.24085,2.34887,0.04725,-0.00388,-0.00388,0.02678,0.90446,159
9.0,-3.0,1.3564,5.43493,0.10432,-0.017,-0.017,0.03924,0.09554,159
9.0,-2.0,1.25864,2.27736,0.0735,-0.00125,-0.00125,0.03337,0.84615,144
9.0,-2.0,1.21686,5.33027,0.0514,-0.00773,-0.00773,0.03022,0.15385,144
9.0,-1.0,1.28448,2.14741,0.07073,-0.0027,-0.0027,0.03789,0.81061,134
9.0,-1.0,1.17728,5.27976,0.08327,0.00117,0.00117,0.039,0.18939,134
9.0,0.0,1.29917,2.06716,0.07339,-0.00255,-0.00255,0.0338,0.81,104
9.0,0.0,1.27784,5.22332,0.09403,-0.03629,-0.03629,0.05364,0.19,104
9.0,1.0,1.21176,1.93502,0.09487,0.00204,0.00204,0.03891,0.85965,62
9.0,1.0,1.26775,5.1365,0.0908,0.01702,0.01702,0.02302,0.14035,62
9.0,2.0,1.23958,1.90975,0.06955,-0.0004,-0.0004,0.0109,1.0,25
10.0,-7.0,1.2908,2.6796,0.08632,-0.09363,-0.09363,0.14946,0.71429,15
10.0,-7.0,0.89125,5.45375,0.00171,-0.00174,-0.00174,0.00566,0.28571,15
10.0,-6.0,1.32933,2.46463,0.07609,-0.00665,-0.00665,0.03546,0.8254,63
10.0,-6.0,1.03909,5.51609,0.05561,-0.01362,-0.01362,0.07681,0.1746,63
10.0,-5.0,1.24005,2.38428,0.07115,-0.00279,-0.00279,0.02785,0.90798,164
10.0,-5.0,1.1996,5.4154,0.06428,0.01182,0.01182,0.07668,0.09202,164
10.0,-4.0,1.23558,2.3305,0.07034,-0.00473,-0.00473,0.02679,0.91429,176
10.0,-4.0,1.20573,5.57595,0.07083,-0.04343,-0.04343,0.07173,0.08571,176
10.0,-3.0,1.21039,2.28755,0.0645,-0.00194,-0.00194,0.02704,0.83432,171
10.0,-3.0,1.22946,5.39696,0.04584,-0.01002,-0.01002,0.03132,0.16568,171
10.0,-2.0,1.20003,2.24242,0.06191,-0.00185,-0.00185,0.03211,0.79104,134
10.0,-2.0,1.23525,5.30821,0.05428,-0.00231,-0.00231,0.02657,0.20896,134
10.0,-1.0,1.27225,2.14292,0.07034,-0.00606,-0.00606,0.03341,0.80822,73
10.0,-1.0,1.27279,5.29571,0.06245,-2e-05,-2e-05,0.03118,0.19178,73
10.0,0.0,1.32747,2.0168,0.06826,0.0042,0.0042,0.01074,1.0,19
11.0,-7.0,1.37873,2.45504,0.07631,-0.00479,-0.00479,0.03793,0.84211,57
11.0,-7.0,1.03889,5.62644,0.04993,-0.01386,-0.01386,0.06435,0.15789,57
11.0,-6.0,1.39447,2.39691,0.07082,0.00088,0.00088,0.02669,0.88276,145
11.0,-6.0,1.07071,5.52753,0.0639,-0.00957,-0.00957,0.0491,0.11724,145
11.0,-5.0,1.34731,2.37031,0.08226,-0.00435,-0.00435,0.02538,0.88554,169
11.0,-5.0,1.24268,5.48505,0.0741,-0.00347,-0.00347,0.06511,0.11446,169
11.0,-4.0,1.26114,2.29704,0.07343,0.00136,0.00136,0.02613,0.81977,176
11.0,-4.0,1.22352,5.44794,0.03658,-0.00171,-0.00171,0.02654,0.18023,176
11.0,-3.0,1.21978,2.25149,0.07381,-0.00314,-0.00314,0.02288,0.78226,126
11.0,-3.0,1.12241,5.42519,0.02829,0.00064,0.00064,0.01724,0.21774,126
11.0,-2.0,1.1783,2.24737,0.07316,-0.00158,-0.00158,0.01544,0.74194,63
11.0,-2.0,1.15906,5.39275,0.06197,7e-05,7e-05,0.01873,0.25806,63
12.0,-8.0,1.17719,2.38737,0.06858,-0.01346,-0.01346,0.03525,0.8125,64
12.0,-8.0,1.1335,5.51792,0.04532,0.01103,0.01103,0.03797,0.1875,64
12.0,-7.0,1.2359,2.406,0.08676,0.0025,0.0025,0.03341,0.91083,160
12.0,-7.0,1.29621,5.52564,0.08975,0.01023,0.01023,0.03467,0.08917,160
12.0,-6.0,1.35176,2.37784,0.08555,0.00351,0.00351,0.02613,0.9026,158
12.0,-6.0,1.2464,5.42893,0.09602,0.00387,0.00387,0.01213,0.0974,158
12.0,-5.0,1.45832,2.2995,0.07867,-0.00128,-0.00128,0.02383,0.78986,138
12.0,-5.0,1.27879,5.42424,0.10246,-0.01192,-0.01192,0.03198,0.21014,138
12.0,-4.0,1.40186,2.25984,0.0821,0.00488,0.00488,0.02254,0.7549,102
12.0,-4.0,1.2122,5.4238,0.04431,-0.00223,-0.00223,0.02727,0.2451,102
12.0,-3.0,1.21186,2.19981,0.05586,-0.0063,-0.0063,0.02276,0.76596,47
12.0,-3.0,1.13145,5.47527,0.05954,-0.00582,-0.00582,0.00825,0.23404,47
13.0,-9.0,1.2719,2.27845,0.08381,0.00309,0.00309,0.03019,0.73684,57
13.0,-9.0,1.03427,5.4596,0.03626,0.01706,0.01706,0.02538,0.26316,57
13.0,-8.0,1.19556,2.33487,0.0614,0.00362,0.00362,0.02599,0.90566,160
13.0,-8.0,1.10213,5.4758,0.05023,0.02292,0.02292,0.02039,0.09434,160
13.0,-7.0,1.16792,2.36931,0.0604,0.00479,0.00479,0.02414,0.90148,206
13.0,-7.0,1.31865,5.44495,0.08412,0.00377,0.00377,0.02995,0.09852,206
13.0,-6.0,1.17228,2.35993,0.06952,0.00448,0.00448,0.02352,0.82184,174
13.0,-6.0,1.319,5.44287,0.05827,-0.00465,-0.00465,0.01655,0.17816,174
13.0,-5.0,1.24786,2.34332,0.05316,-0.00041,-0.00041,0.02473,0.76829,83
13.0,-5.0,1.36358,5.37747,0.083,-0.01617,-0.01617,0.02386,0.23171,83
13.0,-4.0,1.38525,2.20875,0.01137,-0.00769,-0.00769,0.00959,0.61538,15
13.0,-4.0,1.1064,5.383,0.05061,-0.0071,-0.0071,0.02033,0.38462,15
14.0,-11.0,1.15012,2.038,0.01629,0.01193,0.01193,0.03917,0.66667,13
14.0,-11.0,1.11325,5.155,0.01711,0.01184,0.01184,0.0082,0.33333,13
14.0,-10.0,1.28023,2.25169,0.07953,0.01127,0.01127,0.03544,0.8,60
14.0,-10.0,1.03475,5.39292,0.03849,0.00319,0.00319,0.03576,0.2,60
14.0,-9.0,1.32896,2.28488,0.07653,0.00014,0.00014,0.02736,0.88356,147
14.0,-9.0,1.05718,5.46388,0.0611,0.01639,0.01639,0.02019,0.11644,147
14.0,-8.0,1.26953,2.30522,0.06389,0.0014,0.0014,0.02323,0.91398,189
14.0,-8.0,1.21444,5.50931,0.06298,0.01854,0.01854,0.01595,0.08602,189
14.0,-7.0,1.25938,2.34105,0.06862,0.00014,0.00014,0.0209,0.81319,184
14.0,-7.0,1.20471,5.48062,0.066,-0.0038,-0.0038,0.01841,0.18681,184
14.0,-6.0,1.19611,2.36605,0.05892,0.00206,0.00206,0.01965,0.78095,105
14.0,-6.0,1.24022,5.47057,0.06671,-0.0082,-0.0082,0.01253,0.21905,105
14.0,-5.0,1.06983,2.16833,0.06987,-0.05205,-0.05205,0.19976,1.0,8
15.0,-12.0,1.157,2.24885,0.09375,0.02247,0.02247,0.03277,0.61905,21
15.0,-12.0,1.00537,5.33788,0.02796,-0.01253,-0.01253,0.0117,0.38095,21
15.0,-11.0,1.1776,2.34105,0.07253,0.01262,0.01262,0.03732,0.84416,80
15.0,-11.0,1.06925,5.37467,0.03793,-0.01978,-0.01978,0.0303,0.15584,80
15.0,-10.0,1.30114,2.30349,0.06906,0.00671,0.00671,0.03833,0.90411,149
15.0,-10.0,1.20793,5.39893,0.06119,-0.01021,-0.01021,0.02941,0.09589,149
15.0,-9.0,1.3562,2.30907,0.08244,0.00187,0.00187,0.03054,0.89418,191
15.0,-9.0,1.29525,5.4444,0.04607,-0.00346,-0.00346,0.01105,0.10582,191
15.0,-8.0,1.27961,2.31889,0.06823,-0.006,-0.006,0.02293,0.84431,170
15.0,-8.0,1.26185,5.49112,0.0666,0.00963,0.00963,0.01438,0.15569,170
15.0,-7.0,1.32229,2.31943,0.06635,-0.00031,-0.00031,0.01993,0.78571,98
15.0,-7.0,1.18719,5.49271,0.07155,0.01009,0.01009,0.01102,0.21429,98
16.0,-13.0,0.6806,5.6512,0.02104,0.00045,0.00045,0.00081,0.41667,13
16.0,-13.0,1.47271,2.53086,0.20475,-0.02784,-0.02784,0.00913,0.58333,13
16.0,-12.0,1.35431,2.48886,0.13616,0.00902,0.00902,0.0376,0.79452,73
16.0,-12.0,0.97113,5.48447,0.0607,-0.01966,-0.01966,0.01285,0.20548,73
16.0,-11.0,1.30772,2.449,0.10724,0.00822,0.00822,0.03004,0.88079,153
16.0,-11.0,1.20911,5.40372,0.07431,-0.00855,-0.00855,0.01931,0.11921,153
16.0,-10.0,1.30565,2.37205,0.09463,0.00731,0.00731,0.02979,0.88701,178
16.0,-10.0,1.30665,5.3925,0.08205,-0.00629,-0.00629,0.02565,0.11299,178
16.0,-9.0,1.349,2.33847,0.10087,0.00201,0.00201,0.02414,0.84049,165
16.0,-9.0,1.235,5.42315,0.05548,-0.01404,-0.01404,0.01548,0.15951,165
16.0,-8.0,1.28585,2.32536,0.08557,-0.00545,-0.00545,0.02172,0.81132,107
16.0,-8.0,1.22275,5.4321,0.07543,-0.00857,-0.00857,0.0222,0.18868,107
17.0,-13.0,1.31708,2.49258,0.09136,0.02101,0.02101,0.04072,0.70588,36
17.0,-13.0,0.9821,5.6029,0.13295,-0.01265,-0.01265,0.02303,0.29412,36
17.0,-12.0,1.46323,2.52955,0.13684,0.00213,0.00213,0.04685,0.85294,102
17.0,-12.0,1.08053,5.52373,0.0975,-0.02469,-0.02469,0.02723,0.14706,102
17.0,-11.0,1.5141,2.52755,0.13954,0.01209,0.01209,0.03067,0.85119,168
17.0,-11.0,1.20288,5.4362,0.06165,-0.00359,-0.00359,0.03255,0.14881,168
17.0,-10.0,1.41167,2.4419,0.14301,0.01402,0.01402,0.03008,0.84076,158
17.0,-10.0,1.24716,5.41348,0.07622,0.00775,0.00775,0.02449,0.15924,158
17.0,-9.0,1.36776,2.36754,0.12661,-0.00297,-0.00297,0.0219,0.81731,104
17.0,-9.0,1.19221,5.429,0.06759,-0.0142,-0.0142,0.02839,0.18269,104
18.0,-14.0,1.04924,2.50735,0.05462,0.00894,0.00894,0.03856,0.77273,24
18.0,-14.0,1.1754,5.628,0.00926,0.02808,0.02808,0.12158,0.22727,24
18.0,-13.0,1.20582,2.48024,0.06908,-0.00128,-0.00128,0.03941,0.85393,91
18.0,-13.0,1.30262,5.62108,0.09467,0.00695,0.00695,0.06272,0.14607,91
18.0,-12.0,1.3114,2.55175,0.10953,0.00883,0.00883,0.05789,0.88406,138
18.0,-12.0,1.2535,5.55675,0.18074,0.01921,0.01921,0.03688,0.11594,138
18.0,-11.0,1.49634,2.58639,0.16307,0.01008,0.01008,0.04285,0.83333,150
18.0,-11.0,1.1366,5.45576,0.09275,0.02209,0.02209,0.04282,0.16667,150
18.0,-10.0,1.51786,2.5018,0.15197,0.01625,0.01625,0.03888,0.82609,92
18.0,-10.0,1.09519,5.43325,0.03207,-0.00742,-0.00742,0.01991,0.17391,92
19.0,-16.0,0.47057,3.552,0.00243,0.00586,0.00586,0.13828,1.0,7
19.0,-15.0,0.81585,3.12954,0.13835,-0.13459,-0.13459,0.23717,1.0,17
19.0,-14.0,1.09132,2.52359,0.05256,0.0001,0.0001,0.02655,0.87209,88
19.0,-14.0,1.19373,5.63091,0.03997,-0.00227,-0.00227,0.03721,0.12791,88
19.0,-13.0,1.09131,2.4931,0.04016,-0.00099,-0.00099,0.02752,0.87943,141
19.0,-13.0,1.29859,5.65788,0.08611,0.02906,0.02906,0.06648,0.12057,141
19.0,-12.0,1.14985,2.50262,0.0611,-0.00022,-0.00022,0.03348,0.86735,198
19.0,-12.0,1.29142,5.74512,0.18851,0.03332,0.03332,0.05724,0.13265,198
19.0,-11.0,1.24797,2.52361,0.12073,0.00911,0.00911,0.03524,0.84559,136
19.0,-11.0,1.33143,5.69576,0.28354,0.04604,0.04604,0.07037,0.15441,136
19.0,-10.0,1.253,2.49442,0.04884,0.0023,0.0023,0.05307,1.0,12
20.0,-16.0,0.58418,3.68073,0.03538,0.00294,0.00294,0.23843,1.0,16
20.0,-15.0,1.18913,2.6237,0.05386,0.00216,0.00216,0.01329,0.47655,64
20.0,-15.0,1.17024,5.69944,0.05322,0.00413,0.00413,0.09158,0.21931,64
20.0,-15.0,0.7099,3.32149,0.05296,-0.07354,-0.07354,0.39707,0.30414,64
20.0,-14.0,1.16652,2.58461,0.05387,-0.00343,-0.00343,0.02436,0.83846,132
20.0,-14.0,1.156,5.58724,0.04551,-0.00741,-0.00741,0.05167,0.16154,132
20.0,-13.0,1.15772,2.50768,0.052,0.00244,0.00244,0.02099,0.9061,217
20.0,-13.0,1.113,5.67005,0.06553,0.01432,0.01432,0.03149,0.0939,217
20.0,-12.0,1.11866,2.48397,0.04116,0.00068,0.00068,0.02013,0.88,201
20.0,-12.0,1.09671,5.76517,0.0933,0.00943,0.00943,0.02489,0.12,201
20.0,-11.0,1.11049,2.47116,0.04887,-0.00357,-0.00357,0.02697,0.91045,70
20.0,-11.0,1.37617,5.82667,0.02176,0.01064,0.01064,0.01562,0.08955,70
21.0,-17.0,0.52367,5.9099,0.1026,-0.18754,-0.18754,0.46738,1.0,10
21.0,-16.0,0.88449,2.47532,0.16412,0.09683,0.09683,0.3852,0.62171,39
21.0,-16.0,0.90076,5.89098,0.15518,-0.0789,-0.0789,0.1702,0.37829,39
21.0,-15.0,1.18506,2.59264,0.09641,0.0342,0.0342,0.08042,0.81481,108
21.0,-15.0,1.0133,5.7081,0.07112,0.0443,0.0443,0.09112,0.18519,108
21.0,-14.0,1.25865,2.59563,0.05628,0.0057,0.0057,0.02009,0.90184,168
21.0,-14.0,1.07812,5.701,0.04036,3e-05,3e-05,0.01912,0.09816,168
21.0,-13.0,1.19968,2.55453,0.06468,0.00755,0.00755,0.01627,0.85849,217
21.0,-13.0,1.07687,5.7231,0.05992,0.0084,0.0084,0.03358,0.14151,217
21.0,-12.0,1.13871,2.49566,0.05982,0.00689,0.00689,0.01648,0.82143,114
21.0,-12.0,1.0237,5.75905,0.05234,0.01196,0.01196,0.03266,0.17857,114
22.0,-17.0,0.60783,5.78402,0.09277,-0.14055,-0.14055,0.3483,0.52822,17
22.0,-17.0,0.66454,2.81757,0.02609,0.05222,0.05222,0.49394,0.47178,17
22.0,-16.0,1.16181,2.70106,0.07775,0.01011,0.01011,0.09263,0.5858,58
22.0,-16.0,0.90094,5.98313,0.14836,-0.06323,-0.06323,0.47599,0.4142,58
22.0,-15.0,1.27406,2.66299,0.08827,0.00737,0.00737,0.05049,0.85088,116
22.0,-15.0,1.18318,5.88683,0.04019,-0.00533,-0.00533,0.03979,0.14912,116
22.0,-14.0,1.35848,2.65978,0.06583,0.00399,0.00399,0.01932,0.87831,191
22.0,-14.0,1.16613,5.79978,0.04443,-0.01474,-0.01474,0.02396,0.12169,191
22.0,-13.0,1.30396,2.62756,0.0709,0.01151,0.01151,0.01418,0.8503,168
22.0,-13.0,1.07316,5.75968,0.04126,-0.00747,-0.00747,0.02856,0.1497,168
22.0,-12.0,1.21427,2.44336,0.14649,-0.07911,-0.07911,0.058,0.6875,16
22.0,-12.0,0.957,5.7776,0.00752,0.00224,0.00224,0.01014,0.3125,16
23.0,-17.0,1.01582,5.81947,0.03329,0.02735,0.02735,0.0565,0.5,22
23.0,-17.0,0.98909,2.80955,0.08373,-0.0466,-0.0466,0.14291,0.5,22
23.0,-16.0,1.20762,2.63824,0.06376,0.00251,0.00251,0.05608,0.76404,89
23.0,-16.0,1.16271,5.87682,0.03821,0.01393,0.01393,0.03708,0.23596,89
23.0,-15.0,1.24549,2.66582,0.07171,0.00322,0.00322,0.02203,0.9037,139
23.0,-15.0,1.32569,5.87162,0.08417,-0.01144,-0.01144,0.02374,0.0963,139
23.0,-14.0,1.3206,2.68855,0.11088,-0.00758,-0.00758,0.02589,0.88043,184
23.0,-14.0,1.30186,5.83645,0.1259,-0.00954,-0.00954,0.01813,0.11957,184
23.0,-13.0,1.34175,2.64896,0.10978,-0.00747,-0.00747,0.02094,0.81818,88
23.0,-13.0,1.22687,5.88088,0.11491,-0.00231,-0.00231,0.01538,0.18182,88
24.0,-19.0,0.67625,6.26905,0.00887,-0.01523,-0.01523,0.02717,1.0,9
24.0,-18.0,0.84279,5.53883,0.0056,-0.03532,-0.03532,0.26138,0.17364,15
24.0,-18.0,0.86079,2.33856,0.10258,0.45806,0.45806,4.81479,0.82636,15
24.0,-17.0,1.2605,2.7591,0.08972,-0.01927,-0.01927,0.09786,0.66667,45
24.0,-17.0,1.1646,5.82073,0.0495,0.01587,0.01587,0.05985,0.33333,45
24.0,-16.0,1.23868,2.67954,0.07754,-0.00517,-0.00517,0.03978,0.77273,110
24.0,-16.0,1.22664,5.89409,0.04407,0.00347,0.00347,0.03038,0.22727,110
24.0,-15.0,1.25209,2.68048,0.07586,0.00169,0.00169,0.02065,0.91099,195
24.0,-15.0,1.38776,5.82306,0.05948,-0.00466,-0.00466,0.01878,0.08901,195
24.0,-14.0,1.24973,2.67539,0.10669,-0.00447,-0.00447,0.02605,0.89888,178
24.0,-14.0,1.41244,5.87356,0.04573,-0.00815,-0.00815,0.01961,0.10112,178
24.0,-13.0,1.25567,2.62811,0.11491,-0.01481,-0.01481,0.01866,1.0,22
25.0,-19.0,0.65557,6.27522,0.02758,0.02699,0.02699,0.13855,1.0,10
25.0,-18.0,0.88197,5.89713,0.06852,-0.00964,-0.00964,0.37385,0.65042,20
25.0,-18.0,1.09373,2.8177,0.08491,0.08986,0.08986,0.26895,0.34958,20
25.0,-17.0,1.3449,2.78351,0.04548,-0.00702,-0.00702,0.07871,0.75,68
25.0,-17.0,1.23153,5.93253,0.03962,0.01288,0.01288,0.02484,0.25,68
25.0,-16.0,1.29924,2.69629,0.08997,-0.00057,-0.00057,0.03374,0.84496,129
25.0,-16.0,1.24745,5.89545,0.03978,0.0112,0.0112,0.02323,0.15504,129
25.0,-15.0,1.27307,2.67979,0.07204,0.00975,0.00975,0.02789,0.86036,228
25.0,-15.0,1.31952,5.8699,0.07419,-0.00908,-0.00908,0.01461,0.13964,228
25.0,-14.0,1.26329,2.66928,0.07521,0.0104,0.0104,0.02013,0.87603,121
25.0,-14.0,1.39087,5.9078,0.06628,-0.00815,-0.00815,0.01376,0.12397,121
26.0,-18.0,1.1422,2.97425,0.06807,-0.02283,-0.02283,0.13197,0.64516,31
26.0,-18.0,1.17418,6.05765,0.03077,-0.01901,-0.01901,0.05587,0.35484,31
26.0,-17.0,1.27627,2.81577,0.08368,-0.01009,-0.01009,0.09254,0.81522,92
26.0,-17.0,1.27594,5.96106,0.04668,0.01127,0.01127,0.03395,0.18478,92
26.0,-16.0,1.34367,2.72552,0.08405,-0.00055,-0.00055,0.04862,0.87879,165
26.0,-16.0,1.2597,5.9171,0.08628,0.00203,0.00203,0.01917,0.12121,165
26.0,-15.0,1.35168,2.70757,0.08414,0.00113,0.00113,0.03786,0.85326,185
26.0,-15.0,1.18111,5.88086,0.05807,-0.0013,-0.0013,0.02251,0.14674,185
26.0,-14.0,1.2306,2.6437,0.08842,0.01027,0.01027,0.02429,0.75,40
26.0,-14.0,1.1868,5.8533,0.07717,-0.0048,-0.0048,0.02012,0.25,40
27.0,-18.0,1.15728,2.88863,0.06892,-0.01255,-0.01255,0.13593,0.74138,58
27.0,-18.0,1.245,6.02616,0.06333,-0.0181,-0.0181,0.06391,0.25862,58
27.0,-17.0,1.23702,2.80167,0.06588,0.00074,0.00074,0.08552,0.87069,116
27.0,-17.0,1.3928,5.90247,0.03312,0.00267,0.00267,0.01874,0.12931,116
27.0,-16.0,1.28996,2.75232,0.06607,0.00035,0.00035,0.06213,0.87624,202
27.0,-16.0,1.34628,5.92469,0.08413,-0.00523,-0.00523,0.02656,0.12376,202
27.0,-15.0,1.32606,2.68752,0.06001,0.00465,0.00465,0.03625,0.85496,131
27.0,-15.0,1.28616,5.93327,0.08666,-0.00505,-0.00505,0.02577,0.14504,131
28.0,-19.0,1.14736,6.13341,0.09359,-0.0119,-0.0119,0.04818,0.6875,16
28.0,-19.0,1.2788,2.9238,0.02333,-0.03909,-0.03909,0.12072,0.3125,16
28.0,-18.0,1.24889,2.77042,0.06542,-0.01049,-0.01049,0.06933,0.72941,85
28.0,-18.0,1.16304,6.04956,0.07091,-0.01627,-0.01627,0.05967,0.27059,85
28.0,-17.0,1.20036,2.80225,0.06458,0.00054,0.00054,0.06061,0.90244,164
28.0,-17.0,1.28481,5.96177,0.06053,-0.0293,-0.0293,0.04389,0.09756,164
28.0,-16.0,1.21316,2.7732,0.06308,0.00633,0.00633,0.04697,0.87,204
28.0,-16.0,1.3685,5.94212,0.05809,-0.00905,-0.00905,0.01785,0.13,204
28.0,-15.0,1.27065,2.74958,0.07404,-0.00047,-0.00047,0.06663,0.80282,71
28.0,-15.0,1.34193,6.02137,0.06488,0.00175,0.00175,0.05069,0.19718,71
29.0,-19.0,1.0716,6.04976,0.06501,-0.00234,-0.00234,0.03387,0.55556,27
29.0,-19.0,1.34092,2.61758,0.07483,-0.01458,-0.01458,0.01436,0.44444,27
29.0,-18.0,1.31688,2.70609,0.07922,-0.01393,-0.01393,0.03202,0.77885,104
29.0,-18.0,1.10843,6.0382,0.06076,-0.00123,-0.00123,0.03593,0.22115,104
29.0,-17.0,1.28159,2.79247,0.06773,-0.00349,-0.00349,0.04501,0.8794,199
29.0,-17.0,1.187,5.92152,0.05891,-0.0047,-0.0047,0.04409,0.1206,199
29.0,-16.0,1.25261,2.7863,0.05753,0.00239,0.00239,0.0355,0.87701,189
29.0,-16.0,1.21843,5.92496,0.07892,-0.00479,-0.00479,0.02068,0.12299,189
29.0,-15.0,1.13427,2.72447,0.04992,-0.00398,-0.00398,0.01143,1.0,18
30.0,-19.0,1.39994,2.72794,0.14052,0.01216,0.01216,0.08001,0.63265,49
30.0,-19.0,1.16844,5.96272,0.07975,-0.01886,-0.01886,0.03618,0.36735,49
30.0,-18.0,1.36927,2.77133,0.1032,-0.00968,-0.00968,0.06886,0.8,115
30.0,-18.0,1.15474,5.971,0.06827,-0.00909,-0.00909,0.03455,0.2,115
30.0,-17.0,1.35711,2.78895,0.08211,-0.00819,-0.00819,0.03743,0.88557,202
30.0,-17.0,1.21817,5.90604,0.04615,0.00941,0.00941,0.03073,0.11443,202
30.0,-16.0,1.33914,2.7716,0.0685,-0.00407,-0.00407,0.02677,0.86486,149
30.0,-16.0,1.1577,5.92355,0.05786,-0.003,-0.003,0.03514,0.13514,149
31.0,-20.0,1.5084,3.0764,0.68704,0.09661,0.09661,0.09523,1.0,14
31.0,-19.0,1.40337,2.83742,0.29645,0.01869,0.01869,0.10797,0.74074,81
31.0,-19.0,1.16395,5.97411,0.11011,-0.04233,-0.04233,0.07577,0.25926,81
31.0,-18.0,1.35491,2.83806,0.13634,8e-05,8e-05,0.09032,0.84746,118
31.0,-18.0,1.27806,6.03719,0.13956,-0.05232,-0.05232,0.07515,0.15254,118
31.0,-17.0,1.40128,2.80705,0.11217,-4e-05,-4e-05,0.04467,0.88506,175
31.0,-17.0,1.24905,5.95585,0.07007,0.00953,0.00953,0.01128,0.11494,175
31.0,-16.0,1.38915,2.77533,0.0945,0.00136,0.00136,0.03288,0.83721,87
31.0,-16.0,1.19707,5.97564,0.03744,0.00537,0.00537,0.01815,0.16279,87
32.0,-20.0,1.04203,2.89581,0.14876,-0.06513,-0.06513,0.10812,0.60784,53
32.0,-20.0,1.37183,5.79792,0.14725,0.01983,0.01983,0.03939,0.23529,53
32.0,-20.0,0.68476,1.28193,0.00888,0.0012,0.0012,0.0982,0.15687,53
32.0,-19.0,1.35037,2.8196,0.17097,0.02588,0.02588,0.06059,0.605,122
32.0,-19.0,0.60642,2.25921,0.02964,-0.01384,-0.01384,1.10197,0.23331,122
32.0,-19.0,1.38744,5.9818,0.10383,-0.02081,-0.02081,0.03868,0.16169,122
32.0,-18.0,1.32972,2.90518,0.17752,-0.01467,-0.01467,0.08854,0.89726,146
32.0,-18.0,1.44067,6.05789,0.22073,-0.07075,-0.07075,0.10637,0.10274,146
32.0,-17.0,1.37896,2.86257,0.12184,-0.01541,-0.01541,0.05993,0.87898,157
32.0,-17.0,1.42716,6.00423,0.101,-0.01939,-0.01939,0.05477,0.12102,157
32.0,-16.0,1.44538,2.77686,0.09466,0.00407,0.00407,0.03368,0.84,27
32.0,-16.0,1.34825,5.9,0.07966,0.04748,0.04748,0.02897,0.16,27
33.0,-21.0,0.9088,2.6198,0.01257,-0.00051,-0.00051,0.0042,0.71429,11
33.0,-21.0,1.2705,5.994,0.01756,0.00305,0.00305,0.00053,0.28571,11
33.0,-20.0,1.20122,2.75848,0.07527,0.00819,0.00819,0.04149,0.48731,97
33.0,-20.0,0.66094,1.63116,0.06512,-0.17706,-0.17706,1.33278,0.364,97
33.0,-20.0,1.49376,5.98805,0.12024,-0.0461,-0.0461,0.02632,0.14868,97
33.0,-19.0,1.24308,2.83563,0.08003,0.00579,0.00579,0.04856,0.60641,136
33.0,-19.0,0.65172,2.05467,0.04546,-0.04454,-0.04454,0.90628,0.27287,136
33.0,-19.0,1.53186,5.97092,0.16017,-0.01754,-0.01754,0.04268,0.12072,136
33.0,-18.0,1.21214,2.94416,0.07245,-0.00178,-0.00178,0.06655,0.91398,189
33.0,-18.0,1.42831,5.98056,0.11389,-0.02577,-0.02577,0.02175,0.08602,189
33.0,-17.0,1.31088,2.94154,0.092,-0.01551,-0.01551,0.06257,0.88194,145
33.0,-17.0,1.47976,6.08367,0.10729,-0.01112,-0.01112,0.0666,0.11806,145
34.0,-22.0,0.5904,2.8146,0.03731,0.07917,0.07917,1.65736,0.80086,29
34.0,-22.0,0.66649,5.20794,0.02474,-0.00247,-0.00247,0.00198,0.13018,29
34.0,-22.0,0.725,3.705,0.3481,0.02242,0.02242,0.00144,0.06897,29
34.0,-21.0,1.166,2.88571,0.03751,0.0356,0.0356,0.14888,0.58333,24
34.0,-21.0,1.0297,5.74892,0.07861,0.06796,0.06796,0.18167,0.41667,24
34.0,-20.0,1.22541,2.79621,0.10129,0.02027,0.02027,0.05279,0.725,81
34.0,-20.0,1.24036,6.00564,0.10566,-0.02798,-0.02798,0.03598,0.275,81
34.0,-19.0,1.21657,2.85319,0.09042,0.00512,0.00512,0.08634,0.80645,124
34.0,-19.0,1.25889,6.04433,0.11044,-0.0357,-0.0357,0.03412,0.15323,124
34.0,-19.0,0.8368,1.0006,0.08083,-0.01979,-0.01979,0.01071,0.04032,124
34.0,-18.0,1.21867,2.97351,0.07062,0.00051,0.00051,0.06745,0.88095,213
34.0,-18.0,1.25732,6.13798,0.04745,-0.00491,-0.00491,0.02261,0.11905,213
34.0,-17.0,1.2129,2.98335,0.08171,-0.00315,-0.00315,0.05634,0.875,121
34.0,-17.0,1.2488,6.13336,0.05537,0.00126,0.00126,0.02115,0.125,121
35.0,-23.0,0.64557,4.09974,0.01588,-0.00119,-0.00119,0.10512,0.40597,104
35.0,-23.0,0.61414,5.29248,0.01388,-0.00061,-0.00061,0.17203,0.2971,104
35.0,-23.0,0.53333,2.53847,0.03643,0.02159,0.02159,0.58448,0.29694,104
35.0,-22.0,0.63664,2.08036,0.1218,0.00848,0.00848,0.19961,0.08152,225
35.0,-22.0,0.75614,3.89967,0.08602,0.00281,0.00281,0.04931,0.07201,225
35.0,-22.0,0.54723,1.7466,0.01489,0.05723,0.05723,0.33196,0.17192,225
35.0,-22.0,0.61633,5.29188,0.01287,0.08191,0.08191,3.79402,0.67455,225
35.0,-21.0,0.76514,2.03435,0.13225,0.1346,0.1346,0.64986,0.87468,87
35.0,-21.0,1.02354,5.70992,0.11454,0.07014,0.07014,0.11506,0.12532,87
35.0,-20.0,1.33144,2.82612,0.12202,0.00126,0.00126,0.06117,0.75,76
35.0,-20.0,1.15168,6.02474,0.06057,-0.01029,-0.01029,0.02388,0.25,76
35.0,-19.0,1.27392,2.88722,0.08546,-0.00197,-0.00197,0.08329,0.80172,117
35.0,-19.0,1.12904,6.14016,0.0554,-0.02865,-0.02865,0.09329,0.19828,117
35.0,-18.0,1.25974,2.97317,0.07261,-0.00019,-0.00019,0.05632,0.85641,195
35.0,-18.0,1.15886,6.15683,0.0317,0.00072,0.00072,0.02706,0.14359,195
35.0,-17.0,1.22906,2.97656,0.06679,-0.00411,-0.00411,0.04304,0.86486,111
35.0,-17.0,1.14453,6.1741,0.02972,0.00762,0.00762,0.01087,0.13514,111
36.0,-23.0,0.65677,4.21316,0.03647,-0.02039,-0.02039,0.01293,0.11029,57
36.0,-23.0,0.6155,5.41668,0.01283,-0.00327,-0.00327,0.81805,0.88971,57
36.0,-22.0,0.56056,1.75813,0.02311,0.01406,0.01406,0.24036,0.21854,205
36.0,-22.0,1.19881,3.39761,0.10326,0.26687,0.26687,2.10882,0.05351,205
36.0,-22.0,0.62241,4.99765,0.01427,-0.00809,-0.00809,3.67244,0.72796,205
36.0,-21.0,1.29779,2.9297,0.08042,-0.01707,-0.01707,0.18417,0.39854,73
36.0,-21.0,0.62723,1.24969,0.02245,0.01988,0.01988,0.38509,0.45483,73
36.0,-21.0,1.30197,5.88263,0.07576,0.00348,0.00348,0.06064,0.14662,73
36.0,-20.0,1.34351,2.80583,0.11379,0.00765,0.00765,0.05444,0.72603,73
36.0,-20.0,1.1937,5.98972,0.05301,-0.01699,-0.01699,0.04919,0.27397,73
36.0,-19.0,1.32628,2.93021,0.08376,-0.00583,-0.00583,0.08458,0.78788,101
36.0,-19.0,1.164,6.08118,0.03846,-0.00477,-0.00477,0.03891,0.21212,101
36.0,-18.0,1.34849,2.99025,0.07621,0.0062,0.0062,0.05748,0.87574,171
36.0,-18.0,1.12895,6.10399,0.03131,-0.00772,-0.00772,0.02938,0.12426,171
36.0,-17.0,1.386,2.94896,0.07147,0.00665,0.00665,0.03822,0.88235,86
36.0,-17.0,1.138,6.07872,0.02721,0.00488,0.00488,0.01514,0.11765,86
37.0,-22.0,1.00059,3.01129,0.06503,0.01084,0.01084,0.25852,0.68757,16
37.0,-22.0,1.09892,5.66995,0.12436,0.05614,0.05614,0.17902,0.31243,16
37.0,-21.0,1.16716,2.80156,0.13261,-0.0097,-0.0097,0.10896,0.75,60
37.0,-21.0,1.31687,5.98595,0.07272,-0.008,-0.008,0.04958,0.25,60
37.0,-20.0,1.26092,2.73669,0.1149,0.00938,0.00938,0.03005,0.74699,83
37.0,-20.0,1.29719,5.99635,0.07224,-0.01257,-0.01257,0.0483,0.25301,83
37.0,-19.0,1.28814,2.93511,0.0787,0.00152,0.00152,0.09103,0.8046,88
37.0,-19.0,1.33424,5.99696,0.0785,-0.01758,-0.01758,0.05016,0.1954,88
37.0,-18.0,1.36697,3.0062,0.08405,-0.00192,-0.00192,0.06052,0.88824,172
37.0,-18.0,1.16416,6.09626,0.05154,-0.01145,-0.01145,0.0771,0.11176,172
37.0,-17.0,1.38073,2.93298,0.08745,0.01187,0.01187,0.04335,0.91228,61
37.0,-17.0,1.0198,6.27547,0.00083,0.00306,0.00306,0.01255,0.08772,61
38.0,-23.0,0.64283,4.528,0.00538,-0.004,-0.004,0.14348,1.0,10
38.0,-22.0,0.7342,4.8224,0.07457,0.09448,0.09448,0.76604,0.57918,67
38.0,-22.0,0.91965,2.4276,0.10933,0.13899,0.13899,0.32324,0.42082,67
38.0,-21.0,1.24458,2.72521,0.07425,0.0261,0.0261,0.06742,0.32887,161
38.0,-21.0,0.63223,3.68717,0.03329,0.01704,0.01704,1.83962,0.5824,161
38.0,-21.0,1.21671,6.03488,0.14955,-0.01282,-0.01282,0.03918,0.08873,161
38.0,-20.0,1.1712,2.66131,0.14045,0.03279,0.03279,0.0469,0.32556,214
38.0,-20.0,0.50465,1.55643,0.04704,-0.01423,-0.01423,0.01771,0.0637,214
38.0,-20.0,0.6512,3.48051,0.03008,-0.02486,-0.02486,2.25461,0.50472,214
38.0,-20.0,1.21593,6.04282,0.18093,-0.0212,-0.0212,0.0489,0.10602,214
38.0,-19.0,1.1859,2.87092,0.08467,0.04086,0.04086,0.15031,0.79245,106
38.0,-19.0,1.36041,5.92284,0.09728,-0.00259,-0.00259,0.0449,0.20755,106
38.0,-18.0,1.28285,2.96711,0.07509,-0.0025,-0.0025,0.0489,0.91018,167
38.0,-18.0,1.19413,6.03596,0.06753,-0.00703,-0.00703,0.09454,0.08982,167
38.0,-17.0,1.2901,2.90862,0.10291,-0.00791,-0.00791,0.03425,0.90909,46
38.0,-17.0,1.0695,6.17855,0.00719,-0.01218,-0.01218,0.02218,0.09091,46
39.0,-23.0,0.67079,5.38104,0.07015,0.05195,0.05195,0.18392,0.6828,33
39.0,-23.0,0.65467,3.73412,0.03806,0.01284,0.01284,0.07608,0.3172,33
39.0,-22.0,1.02416,2.34269,0.19568,0.12195,0.12195,0.23699,0.42647,107
39.0,-22.0,0.76181,5.06866,0.07572,0.06924,0.06924,0.97328,0.57353,107
39.0,-21.0,1.26875,2.63933,0.15573,0.01661,0.01661,0.026,0.24431,249
39.0,-21.0,0.64611,1.52288,0.0152,0.0705,0.0705,0.94684,0.25397,249
39.0,-21.0,0.61017,4.53587,0.01726,0.04886,0.04886,0.56233,0.22673,249
39.0,-21.0,0.83606,0.02032,0.1498,-0.33548,-0.33548,2.92521,0.27499,249
39.0,-20.0,1.15434,2.70924,0.1362,0.01951,0.01951,0.0706,0.25321,267
39.0,-20.0,0.60677,1.31451,0.02694,0.00605,0.00605,0.80375,0.32759,267
39.0,-20.0,0.59416,4.29367,0.02209,0.02475,0.02475,0.51734,0.25929,267
39.0,-20.0,1.08878,5.88006,0.14522,0.00174,0.00174,0.1787,0.15991,267
39.0,-19.0,1.21602,3.05419,0.05952,0.00441,0.00441,0.07197,0.72807,114
39.0,-19.0,1.16344,5.98008,0.09099,-0.00629,-0.00629,0.10222,0.20174,114
39.0,-19.0,0.60848,1.32777,0.03447,-0.02707,-0.02707,0.03247,0.07019,114
39.0,-18.0,1.20165,3.04325,0.06204,-0.00037,-0.00037,0.05009,0.93452,168
39.0,-18.0,1.22091,6.07138,0.04953,0.01616,0.01616,0.04882,0.06548,168
39.0,-17.0,1.21168,2.97126,0.09395,-0.00474,-0.00474,0.0395,1.0,35
40.0,-23.0,1.23761,5.83285,0.01592,-0.00285,-0.00285,0.01584,0.21191,41
40.0,-23.0,1.07256,2.62552,0.04999,0.00875,0.00875,0.01856,0.26063,41
40.0,-23.0,0.5894,5.46052,0.04179,-0.07797,-0.07797,2.02284,0.52747,41
40.0,-22.0,1.20243,2.56571,0.07996,0.00402,0.00402,0.02353,0.46971,82
40.0,-22.0,0.78576,5.88344,0.10133,0.01308,0.01308,2.59209,0.53029,82
40.0,-21.0,1.30216,2.70849,0.11933,0.01605,0.01605,0.1234,0.63797,105
40.0,-21.0,0.99696,5.7493,0.12085,0.01841,0.01841,0.17566,0.36203,105
40.0,-20.0,1.27493,2.88561,0.11207,-0.04872,-0.04872,0.11333,0.34795,92
40.0,-20.0,0.83897,0.18798,0.10253,-0.10208,-0.10208,0.67677,0.65205,92
40.0,-19.0,1.19246,3.15123,0.05772,0.00029,0.00029,0.06061,0.82513,120
40.0,-19.0,1.04227,0.11792,0.06988,-0.05884,-0.05884,0.47233,0.17487,120
40.0,-18.0,1.17651,3.0972,0.05491,0.00117,0.00117,0.05037,0.93714,175
40.0,-18.0,1.13018,6.25934,0.04179,-0.0195,-0.0195,0.03273,0.06286,175
40.0,-17.0,1.13747,2.96705,0.05324,-0.01306,-0.01306,0.03394,0.82609,24
40.0,-17.0,1.14225,6.16509,0.03386,0.02863,0.02863,0.02439,0.17391,24
41.0,-26.0,0.858,4.1235,0.00194,0.02004,0.02004,0.20748,1.0,11
41.0,-24.0,1.19217,5.864,0.03664,-0.01374,-0.01374,0.02889,1.0,8
41.0,-23.0,1.12532,2.69961,0.10515,-0.00034,-0.00034,0.04726,0.71795,39
41.0,-23.0,1.12227,5.98158,0.04735,-0.03168,-0.03168,0.08485,0.28205,39
41.0,-22.0,1.24136,2.77239,0.10122,0.01515,0.01515,0.12193,0.77778,73
41.0,-22.0,1.18726,6.1683,0.11424,-0.12622,-0.12622,0.18959,0.22222,73
41.0,-21.0,1.24473,5.94942,0.09819,-0.0274,-0.0274,0.05921,0.30986,71
41.0,-21.0,1.28,2.89982,0.12058,0.00047,0.00047,0.2929,0.69014,71
41.0,-20.0,1.24296,2.78211,0.10044,0.01294,0.01294,0.19517,0.62791,43
41.0,-20.0,1.24031,5.88414,0.09338,-0.00612,-0.00612,0.06403,0.37209,43
41.0,-19.0,1.03142,3.12384,0.05812,0.01542,0.01542,0.13839,0.87121,133
41.0,-19.0,1.04224,0.21311,0.05969,-0.02749,-0.02749,0.07574,0.12879,133
41.0,-18.0,1.05895,3.07014,0.06518,0.01175,0.01175,0.08941,0.77889,226
41.0,-18.0,0.62617,5.00611,0.00615,0.01688,0.01688,0.14336,0.12339,226
41.0,-18.0,1.02581,0.09236,0.03368,-0.0082,-0.0082,0.09534,0.09772,226
41.0,-17.0,0.76405,2.69364,0.11151,-0.00672,-0.00672,0.38697,0.76923,26
41.0,-17.0,0.91066,5.965,0.02773,0.02765,0.02765,0.03864,0.23077,26
42.0,-27.0,0.77416,5.15769,0.04564,0.09258,0.09258,0.875,0.75252,15
42.0,-27.0,0.82497,3.75901,0.00996,-0.00686,-0.00686,0.01106,0.24748,15
42.0,-26.0,0.86646,4.70039,0.05896,-0.05908,-0.05908,1.1305,0.69136,19
42.0,-26.0,0.92351,6.08808,0.02676,-0.06155,-0.06155,0.14615,0.30864,19
42.0,-24.0,1.133,5.92133,0.10277,0.02025,0.02025,0.03119,0.54545,14
42.0,-24.0,0.9964,3.0386,0.04623,0.10111,0.10111,0.23173,0.45455,14
42.0,-23.0,1.22649,2.74194,0.19823,-0.01242,-0.01242,0.10634,0.79545,44
42.0,-23.0,1.40067,5.86156,0.11481,-0.0168,-0.0168,0.03835,0.20455,44
42.0,-22.0,1.27471,2.74784,0.11436,0.00124,0.00124,0.08372,0.76,50
42.0,-22.0,1.38425,6.01003,0.0723,-0.06965,-0.06965,0.09727,0.24,50
42.0,-21.0,1.222,3.17431,0.11457,-0.0446,-0.0446,0.26049,0.66667,63
42.0,-21.0,1.16848,6.11286,0.11892,-0.04274,-0.04274,0.08028,0.33333,63
42.0,-20.0,1.13475,3.15061,0.07579,-0.06911,-0.06911,0.32547,0.71795,39
42.0,-20.0,1.12873,6.14234,0.1451,-0.02825,-0.02825,0.06792,0.28205,39
42.0,-19.0,0.99866,3.191,0.10071,-0.03088,-0.03088,0.20536,0.84254,127
42.0,-19.0,0.86715,0.16199,0.0593,0.02122,0.02122,0.15391,0.15746,127
42.0,-18.0,0.9755,3.05308,0.09279,0.00365,0.00365,0.16313,0.64108,255
42.0,-18.0,0.62331,4.98051,0.00646,-0.01368,-0.01368,0.32832,0.20716,255
42.0,-18.0,0.86281,0.53818,0.05143,-0.07944,-0.07944,0.62671,0.15177,255
42.0,-17.0,0.63816,5.20588,0.01168,0.01974,0.01974,0.2175,0.60276,78
42.0,-17.0,0.71384,2.17636,0.05351,0.01067,0.01067,0.26516,0.36199,78
42.0,-17.0,0.69366,3.60542,0.01446,0.013,0.013,0.02422,0.03525,78
43.0,-28.0,0.6062,5.0992,0.01617,0.03396,0.03396,0.25753,1.0,5
43.0,-27.0,0.74333,5.32181,0.05145,-0.00082,-0.00082,0.67173,1.0,15
43.0,-26.0,0.793,5.89074,0.10479,0.0071,0.0071,0.18022,1.0,10
43.0,-24.0,1.45356,6.08302,0.09725,-0.00734,-0.00734,0.04256,0.40909,22
43.0,-24.0,1.10777,3.20446,0.27663,-0.08688,-0.08688,0.12449,0.59091,22
43.0,-23.0,1.16243,2.73822,0.18492,0.0421,0.0421,0.09994,0.72649,51
43.0,-23.0,1.58522,5.88922,0.05923,0.00095,0.00095,0.02194,0.17647,51
43.0,-23.0,0.66533,3.78773,0.07221,-0.01945,-0.01945,0.00936,0.09704,51
43.0,-22.0,1.29924,2.65717,0.16988,0.04353,0.04353,0.09585,0.56863,51
43.0,-22.0,1.23843,5.89926,0.10804,-0.08181,-0.08181,0.13572,0.27451,51
43.0,-22.0,0.65788,4.11275,0.00511,-6e-05,-6e-05,0.05179,0.15686,51
43.0,-21.0,1.08283,3.55164,0.12473,-0.13526,-0.13526,0.29783,0.48449,85
43.0,-21.0,0.78017,2.15381,0.01912,-0.00754,-0.00754,0.36288,0.246,85
43.0,-21.0,1.07488,6.09896,0.10727,-0.02282,-0.02282,0.16226,0.2695,85
43.0,-20.0,1.19012,3.65973,0.05415,-0.00189,-0.00189,0.01347,0.26859,53
43.0,-20.0,0.86948,2.11752,0.05798,0.05645,0.05645,0.57912,0.59552,53
43.0,-20.0,1.21124,0.02726,0.12105,0.01104,0.01104,0.03452,0.13589,53
43.0,-19.0,1.20906,3.14809,0.15515,-0.12518,-0.12518,0.25147,0.45496,69
43.0,-19.0,0.85176,1.18071,0.05195,0.10535,0.10535,3.29616,0.54504,69
43.0,-18.0,1.15889,3.11713,0.17826,-0.12216,-0.12216,0.26071,0.37678,120
43.0,-18.0,0.77345,1.64224,0.03016,-0.06765,-0.06765,2.45089,0.62322,120
43.0,-17.0,0.77539,1.86693,0.03656,0.00301,0.00301,0.24702,1.0,35
44.0,-27.0,0.7032,5.9948,0.0854,-0.01007,-0.01007,0.02007,1.0,7
44.0,-24.0,1.01589,2.85321,0.15817,0.00935,0.00935,0.41225,0.53602,36
44.0,-24.0,1.10827,5.87351,0.25545,0.15805,0.15805,0.27411,0.46398,36
44.0,-23.0,1.14304,2.74034,0.12155,0.02044,0.02044,0.22161,0.65679,67
44.0,-23.0,1.16644,5.78865,0.1954,0.11288,0.11288,0.19732,0.34321,67
44.0,-22.0,1.12325,2.58968,0.10585,0.09916,0.09916,0.28189,0.51308,54
44.0,-22.0,1.27384,5.77938,0.05537,0.00086,0.00086,0.05345,0.24074,54
44.0,-22.0,0.66835,4.23577,0.00705,-0.00169,-0.00169,0.13007,0.24618,54
44.0,-21.0,1.06521,3.77669,0.12558,-0.10145,-0.10145,0.159,0.3774,83
44.0,-21.0,0.79811,1.95154,0.02844,0.02095,0.02095,0.56355,0.34098,83
44.0,-21.0,1.01853,5.65441,0.12915,0.01212,0.01212,0.53021,0.28162,83
44.0,-20.0,1.22194,3.64767,0.06408,-0.01373,-0.01373,0.00883,0.23035,74
44.0,-20.0,0.83708,1.80349,0.03591,0.01565,0.01565,1.30269,0.58561,74
44.0,-20.0,1.16533,0.01639,0.00265,0.00328,0.00328,0.14614,0.08074,74
44.0,-20.0,1.03601,5.09559,0.28186,0.08372,0.08372,0.04114,0.1033,74
44.0,-19.0,0.70971,1.48142,0.02662,0.00526,0.00526,0.09918,0.22461,89
44.0,-19.0,0.86648,3.43345,0.08655,0.13182,0.13182,0.69291,0.35263,89
44.0,-19.0,0.75968,5.59361,0.08496,0.14662,0.14662,0.45772,0.33115,89
44.0,-19.0,1.49202,2.57444,0.05078,-0.03312,-0.03312,0.03195,0.09162,89
44.0,-18.0,0.79466,6.08149,0.05107,0.0706,0.0706,0.30597,0.33452,84
44.0,-18.0,0.64718,2.05074,0.03373,0.01874,0.01874,0.38089,0.3256,84
44.0,-18.0,0.97918,3.59883,0.21079,-0.25486,-0.25486,0.68709,0.33988,84
44.0,-17.0,0.81656,1.91778,0.05238,0.01996,0.01996,0.19974,1.0,13
45.0,-25.0,1.13857,3.44486,0.08898,-0.00595,-0.00595,0.30593,1.0,10
45.0,-24.0,1.0118,3.11175,0.08861,-0.04686,-0.04686,0.43067,0.69573,46
45.0,-24.0,1.25308,6.19037,0.07472,-0.01865,-0.01865,0.08715,0.30427,46
45.0,-23.0,1.07879,2.834,0.07636,-0.01324,-0.01324,0.22691,0.67198,64
45.0,-23.0,1.14317,6.02934,0.0957,0.04292,0.04292,0.19275,0.32802,64
45.0,-22.0,1.15715,5.49869,0.1048,0.08878,0.08878,0.57132,0.59903,33
45.0,-22.0,1.2749,2.8264,0.07002,0.04198,0.04198,0.29191,0.40097,33
45.0,-21.0,1.28375,3.68068,0.04441,-0.00185,-0.00185,0.02802,0.27411,51
45.0,-21.0,0.90805,2.39287,0.02484,0.01316,0.01316,0.0092,0.09231,51
45.0,-21.0,1.39848,5.3596,0.11942,0.02748,0.02748,0.11474,0.20312,51
45.0,-21.0,0.87224,5.32629,0.0463,0.23547,0.23547,3.03434,0.43046,51
45.0,-20.0,1.07475,3.80702,0.0708,-0.01227,-0.01227,0.03358,0.30162,69
45.0,-20.0,1.08658,2.41265,0.07408,-0.02681,-0.02681,0.1311,0.10004,69
45.0,-20.0,1.23795,5.1284,0.19126,0.10073,0.10073,0.08433,0.15114,69
45.0,-20.0,0.86478,0.96043,0.03684,-0.15474,-0.15474,1.4651,0.44721,69
45.0,-19.0,0.67551,1.64647,0.02587,-0.01897,-0.01897,0.2781,0.39145,87
45.0,-19.0,0.86799,3.95453,0.1399,-0.10467,-0.10467,0.57423,0.45825,87
45.0,-19.0,0.7704,5.54765,0.04012,0.01237,0.01237,0.01417,0.07114,87
45.0,-19.0,0.96918,0.2412,0.03538,0.01381,0.01381,0.03749,0.07916,87
45.0,-18.0,0.77998,6.02172,0.07073,0.04391,0.04391,0.15414,0.2695,48
45.0,-18.0,0.59017,2.01893,0.03557,-0.0207,-0.0207,0.46514,0.32566,48
45.0,-18.0,0.70047,4.12418,0.10604,-0.10428,-0.10428,0.26127,0.40485,48
46.0,-25.0,1.13164,5.79073,0.07851,0.02115,0.02115,0.16704,0.64295,14
46.0,-25.0,1.02963,3.60291,0.04451,0.0591,0.0591,0.19799,0.35705,14
46.0,-24.0,1.15832,5.97071,0.08987,-0.04221,-0.04221,0.18452,0.44099,61
46.0,-24.0,0.9903,3.33001,0.07768,-0.08031,-0.08031,0.51054,0.55901,61
46.0,-23.0,1.01732,5.82842,0.02969,-0.00403,-0.00403,0.19301,0.31752,79
46.0,-23.0,1.08993,2.49176,0.02874,0.02443,0.02443,0.17591,0.34798,79
46.0,-23.0,1.09802,4.25731,0.1521,0.29845,0.29845,1.25948,0.3345,79
46.0,-22.0,1.06252,1.9308,0.01513,-0.00726,-0.00726,0.21577,0.43396,53
46.0,-22.0,1.10566,5.22851,0.09767,0.03175,0.03175,0.25093,0.56604,53
46.0,-21.0,1.01128,1.88163,0.03155,-0.02656,-0.02656,0.17998,0.43206,44
46.0,-21.0,1.2029,5.32598,0.155,0.03548,0.03548,0.02243,0.19385,44
46.0,-21.0,1.044,4.34606,0.09731,-0.08878,-0.08878,0.17243,0.25946,44
46.0,-21.0,1.05701,6.2681,0.043,0.02253,0.02253,0.07553,0.11463,44
46.0,-20.0,1.08658,3.98449,0.08148,-0.0089,-0.0089,0.02423,0.29752,32
46.0,-20.0,0.79161,2.10921,0.0042,0.01006,0.01006,0.04834,0.17868,32
46.0,-20.0,1.00944,0.22987,0.1261,0.05583,0.05583,1.47605,0.5238,32
46.0,-19.0,0.81479,1.76422,0.0161,-0.00527,-0.00527,0.03373,0.32736,24
46.0,-19.0,0.93491,0.59133,0.07618,-0.00835,-0.00835,0.12891,0.3393,24
46.0,-19.0,0.697,3.91881,0.02208,-0.01503,-0.01503,0.20349,0.33334,24
46.0,-18.0,1.06014,1.046,0.05226,-0.0904,-0.0904,0.34083,1.0,10
47.0,-25.0,0.87792,5.19327,0.05954,-0.00057,-0.00057,0.26951,1.0,48
47.0,-24.0,0.92894,5.27099,0.06909,-0.01418,-0.01418,0.37751,0.90279,113
47.0,-24.0,0.98209,2.46188,0.04771,0.06547,0.06547,0.13914,0.09721,113
47.0,-23.0,1.02715,5.06575,0.07843,-0.02455,-0.02455,0.38742,0.80459,92
47.0,-23.0,1.05621,2.08395,0.06645,-0.0201,-0.0201,0.13368,0.19541,92
47.0,-22.0,1.07887,4.94323,0.07544,-0.00632,-0.00632,0.25614,0.63831,47
47.0,-22.0,1.15059,1.69801,0.05194,-0.01767,-0.01767,0.0917,0.36169,47
47.0,-21.0,1.16332,1.56498,0.05251,-0.04343,-0.04343,0.20122,0.7695,30
47.0,-21.0,0.73491,0.15433,0.08662,-0.0625,-0.0625,0.10434,0.2305,30
47.0,-20.0,1.13095,1.37064,0.06948,-0.0075,-0.0075,0.10007,1.0,28
47.0,-19.0,1.04746,1.32392,0.05657,0.00826,0.00826,0.03612,1.0,13
