9.0,39.0,0.28461,1.136,0.01864,-0.05202,-0.05202,0.14516,1.0,5
10.0,39.0,0.50727,2.50897,0.05747,0.03504,0.03504,0.99639,1.0,22
10.0,40.0,0.66728,3.13591,0.01589,-0.00103,-0.00103,0.00033,1.0,25
10.0,41.0,0.70356,3.1385,0.00814,-0.00057,-0.00057,0.00019,1.0,10
11.0,39.0,0.80056,2.87579,0.06542,0.0075,0.0075,0.25154,1.0,57
11.0,40.0,0.76826,3.1436,0.06344,-0.00103,-0.00103,0.00066,1.0,124
11.0,41.0,0.80862,3.14608,0.05599,-0.00209,-0.00209,0.0004,1.0,76
12.0,38.0,0.93039,2.55788,0.08024,0.00378,0.00378,0.07796,1.0,12
12.0,39.0,0.90347,2.8551,0.05063,0.01536,0.01536,0.1427,1.0,57
12.0,40.0,0.96561,3.49579,0.03577,-0.00983,-0.00983,0.00359,1.0,145
12.0,41.0,0.82458,3.14125,0.05434,-7e-05,-7e-05,0.00045,1.0,79
12.0,42.0,1.07853,3.76067,0.00381,-0.01288,-0.01288,0.04703,1.0,9
13.0,38.0,0.84217,2.72409,0.09367,-0.03582,-0.03582,0.09178,1.0,16
13.0,39.0,0.87328,3.02283,0.05659,-0.03315,-0.03315,0.17637,1.0,52
13.0,40.0,0.88984,3.13924,0.04256,0.0,0.0,0.0002,0.45298,141
13.0,40.0,0.88506,3.20316,0.07586,-0.03435,-0.03435,0.43898,0.54702,141
13.0,41.0,0.91438,3.20842,0.06325,0.01985,0.01985,0.16851,1.0,82
13.0,42.0,0.97872,3.4956,0.0637,0.03184,0.03184,0.11983,1.0,15
14.0,38.0,0.88178,3.10773,0.07542,-0.02964,-0.02964,0.12191,1.0,11
14.0,39.0,0.88796,3.16735,0.0725,-0.02317,-0.02317,0.23328,1.0,56
14.0,40.0,0.86547,3.19493,0.0767,-0.01388,-0.01388,0.26287,1.0,141
14.0,41.0,0.89581,3.24513,0.07634,0.01598,0.01598,0.14417,1.0,80
14.0,42.0,0.9576,3.2205,0.0572,0.11097,0.11097,0.27438,1.0,14
15.0,38.0,0.88647,2.949,0.08651,-0.11373,-0.11373,0.58644,1.0,12
15.0,39.0,0.92771,3.121,0.05988,-0.01616,-0.01616,0.14369,1.0,46
15.0,40.0,0.91074,3.14955,0.05913,-0.00126,-0.00126,0.14739,1.0,139
15.0,41.0,0.90446,3.27034,0.05382,0.00287,0.00287,0.11134,1.0,88
15.0,42.0,0.9836,3.37829,0.022,0.02948,0.02948,0.09055,1.0,19
16.0,37.0,0.91954,3.2686,0.02724,-0.04636,-0.04636,0.09931,0.4666666666666667,7
16.0,38.0,0.74899,2.26677,0.1045,0.13399,0.13399,1.65585,1.0,20
16.0,39.0,0.86177,3.0082,0.08078,-0.017,-0.017,0.25971,1.0,64
16.0,40.0,0.89988,3.10438,0.0516,-0.00264,-0.00264,0.13642,1.0,130
16.0,41.0,0.92454,3.19759,0.04435,0.00245,0.00245,0.11683,1.0,73
16.0,42.0,0.96042,3.3758,0.01716,0.02158,0.02158,0.20601,1.0,21
17.0,38.0,0.8819,3.57341,0.0588,-0.01899,-0.01899,0.00626,0.09308,24
17.0,38.0,0.72699,2.57023,0.1343,0.15472,0.15472,0.87422,0.90692,24
17.0,39.0,0.85653,2.94991,0.08609,0.00827,0.00827,0.27292,1.0,63
17.0,40.0,0.90154,3.13394,0.05264,-0.01937,-0.01937,0.1269,1.0,127
17.0,41.0,0.87112,3.23096,0.05916,-0.03057,-0.03057,0.20849,1.0,78
17.0,42.0,0.91733,3.51552,0.04678,0.02901,0.02901,0.34164,1.0,21
18.0,38.0,0.81433,2.84476,0.09521,0.04693,0.04693,0.38298,1.0,18
18.0,39.0,0.86851,3.0317,0.06745,0.02502,0.02502,0.14603,1.0,45
18.0,40.0,0.90722,3.1257,0.05034,0.01409,0.01409,0.20761,0.9898,130
18.0,40.0,0.4922,5.127,0.00353,0.02235,0.02235,0.1414,0.0102,130
18.0,41.0,0.90344,3.17056,0.05867,0.01968,0.01968,0.18387,0.96581,83
18.0,41.0,0.53095,5.31178,0.00337,0.01813,0.01813,0.10519,0.03419,83
18.0,42.0,0.93261,3.39524,0.08324,-0.00694,-0.00694,0.58005,1.0,19
18.0,43.0,0.91839,2.87767,0.01524,0.02588,0.02588,0.04394,1.0,10
19.0,38.0,1.05253,3.35267,0.00423,0.01022,0.01022,0.02481,1.0,13
19.0,39.0,0.90722,3.01952,0.05207,0.0005,0.0005,0.13102,1.0,54
19.0,40.0,0.9355,3.14578,0.04435,0.01182,0.01182,0.17761,1.0,135
19.0,41.0,0.96016,3.19321,0.04131,0.00493,0.00493,0.23577,1.0,75
19.0,42.0,1.00654,2.86644,0.05102,0.12024,0.12024,0.35344,1.0,16
19.0,43.0,0.80754,3.5695,0.01897,-0.00951,-0.00951,0.00477,1.0,8
20.0,38.0,1.03865,3.46917,0.0066,-0.00329,-0.00329,0.00238,1.0,13
20.0,39.0,0.93139,3.07645,0.03408,-0.01081,-0.01081,0.12843,1.0,59
20.0,40.0,0.91495,3.12422,0.05287,-0.00113,-0.00113,0.21651,1.0,130
20.0,41.0,0.90177,3.24162,0.06138,0.0212,0.0212,0.2728,1.0,73
20.0,42.0,0.96682,3.30944,0.06068,0.04605,0.04605,0.47032,1.0,21
21.0,38.0,1.02114,3.16114,0.02423,-0.02241,-0.02241,0.13749,1.0,14
21.0,39.0,0.8883,3.04657,0.05208,-0.00451,-0.00451,0.33399,1.0,69
21.0,40.0,0.84935,3.10508,0.06041,-0.01364,-0.01364,0.26965,1.0,134
21.0,41.0,0.85356,3.27735,0.06865,-0.00441,-0.00441,0.26215,1.0,81
21.0,42.0,1.08063,3.02368,0.00929,-0.0017,-0.0017,0.05182,0.53299,19
21.0,42.0,0.64549,3.92614,0.01514,0.0321,0.0321,0.21282,0.46701,19
21.0,69.0,1.18257,5.94646,0.04329,-0.05275,-0.05275,0.15127,1.0,42
21.0,70.0,1.14329,5.98512,0.03218,-0.03303,-0.03303,0.10754,1.0,66
22.0,38.0,0.90486,2.92462,0.01879,0.0287,0.0287,0.14054,1.0,16
22.0,39.0,0.83197,3.06048,0.06732,-0.02208,-0.02208,0.30888,1.0,74
22.0,40.0,0.8402,3.16787,0.06985,-0.01125,-0.01125,0.26231,1.0,137
22.0,41.0,0.82844,3.20382,0.07505,-0.02751,-0.02751,0.21361,1.0,74
22.0,42.0,0.83703,3.16614,0.0852,-0.06187,-0.06187,0.23931,1.0,17
22.0,68.0,1.07167,5.96107,0.00764,-3e-05,-3e-05,0.00015,1.0,26
22.0,69.0,1.05339,5.97013,0.00945,-0.00025,-0.00025,0.00023,1.0,59
22.0,70.0,1.25102,5.92933,0.03525,-0.05773,-0.05773,0.23882,1.0,45
22.0,71.0,1.22822,6.00639,0.03809,-0.06789,-0.06789,0.26894,1.0,50
22.0,72.0,1.03387,5.95933,0.00738,-0.0,-0.0,0.00031,1.0,9
23.0,38.0,0.90409,2.8985,0.01251,0.00695,0.00695,0.13449,1.0,13
23.0,39.0,0.85852,3.11402,0.05398,-0.0081,-0.0081,0.3048,1.0,69
23.0,40.0,0.86236,3.18644,0.07775,-0.01098,-0.01098,0.24443,1.0,146
23.0,41.0,0.88666,3.20863,0.08831,-0.01413,-0.01413,0.21128,1.0,74
23.0,42.0,0.96397,3.07138,0.01682,-0.04416,-0.04416,0.19471,1.0,12
23.0,67.0,1.11912,6.10008,0.01443,0.0224,0.0224,0.13468,1.0,16
23.0,68.0,1.11091,6.01173,0.01736,-0.02444,-0.02444,0.092,1.0,38
23.0,69.0,1.39458,5.49662,0.0074,0.00013,0.00013,0.0001,1.0,47
23.0,70.0,1.40819,5.49647,0.00793,0.00013,0.00013,0.0001,1.0,71
23.0,72.0,1.19819,6.0458,0.04898,-0.052,-0.052,0.32357,1.0,11
24.0,37.0,0.97863,2.651,0.03315,-0.07527,-0.07527,0.22796,1.0,6
24.0,38.0,0.81529,2.8002,0.02833,-0.03025,-0.03025,0.18476,1.0,10
24.0,39.0,0.88311,3.06001,0.06289,-0.00447,-0.00447,0.16679,1.0,64
24.0,40.0,0.89922,3.16089,0.06428,-0.00936,-0.00936,0.15483,1.0,146
24.0,41.0,0.90136,3.31042,0.0552,-0.02281,-0.02281,0.1651,1.0,72
24.0,42.0,0.99588,3.27564,0.02417,0.01266,0.01266,0.0645,1.0,13
24.0,67.0,1.06475,5.964,0.0052,0.0004,0.0004,0.00027,1.0,18
24.0,68.0,1.17129,5.89655,0.03147,-0.04246,-0.04246,0.11382,1.0,52
24.0,69.0,1.39757,5.49844,0.00686,0.00011,0.00011,0.00011,1.0,71
24.0,70.0,1.07853,5.959,0.01372,0.00038,0.00038,0.00013,1.0,28
25.0,38.0,1.22504,2.554,0.00025,0.00023,0.00023,0.00023,1.0,12
25.0,39.0,0.84322,3.06027,0.0638,-0.01717,-0.01717,0.14135,1.0,67
25.0,40.0,0.8641,3.14402,0.05678,-0.01951,-0.01951,0.16709,1.0,146
25.0,41.0,0.91203,3.15686,0.05013,-0.01593,-0.01593,0.16431,1.0,82
25.0,42.0,0.74424,3.15033,0.01916,-0.00144,-0.00144,0.00022,1.0,10
25.0,67.0,1.39521,5.49873,0.00702,-0.00043,-0.00043,0.00015,1.0,38
25.0,68.0,1.39785,5.49954,0.00667,-0.0002,-0.0002,0.00013,1.0,68
25.0,69.0,1.06555,5.95982,0.00796,0.00012,0.00012,0.00023,1.0,40
26.0,38.0,0.93871,2.70267,0.00229,0.00301,0.00301,0.00424,1.0,13
26.0,39.0,0.85944,2.99723,0.06022,-0.01521,-0.01521,0.21957,1.0,65
26.0,40.0,0.85609,3.11556,0.05967,-0.02576,-0.02576,0.21843,1.0,146
26.0,41.0,0.90701,3.16823,0.05023,-0.02953,-0.02953,0.20571,1.0,79
26.0,42.0,0.90171,3.34346,0.04131,0.0355,0.0355,0.24192,1.0,11
26.0,67.0,1.40065,5.4994,0.00736,-0.00023,-0.00023,0.00011,1.0,58
26.0,68.0,1.18476,5.83871,0.05772,-0.06095,-0.06095,0.10521,1.0,39
26.0,70.0,1.09992,5.92549,0.01542,0.00081,0.00081,0.21076,1.0,16
27.0,38.0,0.88082,3.1452,0.01735,0.00075,0.00075,0.00039,1.0,15
27.0,39.0,0.92477,3.0145,0.05827,-0.00178,-0.00178,0.21979,1.0,59
27.0,40.0,0.86986,3.12597,0.05766,-0.00461,-0.00461,0.21219,1.0,146
27.0,41.0,0.84551,3.21049,0.06479,0.00833,0.00833,0.19956,1.0,73
27.0,65.0,1.19159,5.77474,0.05068,-0.05166,-0.05166,0.07151,1.0,23
27.0,67.0,1.19252,5.91378,0.04702,-0.04945,-0.04945,0.13938,1.0,36
27.0,69.0,1.07283,5.96218,0.00692,-0.00018,-0.00018,0.00015,1.0,21
27.0,70.0,1.03361,5.53481,0.10215,-0.00627,-0.00627,0.21072,1.0,25
27.0,71.0,0.99658,5.90933,0.00174,0.00306,0.00306,0.00691,0.36363636363636365,8
28.0,38.0,0.65232,3.13275,0.06678,0.00117,0.00117,0.00018,1.0,11
28.0,39.0,0.88004,3.11292,0.0722,-0.00301,-0.00301,0.15782,1.0,54
28.0,40.0,0.88069,3.1488,0.06722,0.01122,0.01122,0.17004,1.0,134
28.0,41.0,0.89327,3.28649,0.07985,0.02715,0.02715,0.18885,1.0,78
28.0,42.0,0.98751,3.45179,0.08539,0.01791,0.01791,0.1052,1.0,15
28.0,43.0,0.95931,3.52567,0.00171,-0.00258,-0.00258,0.00427,0.5555555555555556,5
28.0,64.0,1.15042,5.95115,0.04739,-0.05916,-0.05916,0.16723,1.0,17
28.0,65.0,1.16696,5.83987,0.05253,-0.05598,-0.05598,0.11346,1.0,39
28.0,66.0,1.20901,5.84141,0.04529,-0.05533,-0.05533,0.11496,1.0,38
28.0,68.0,1.05325,5.62012,0.07674,-0.02018,-0.02018,0.14526,1.0,34
28.0,69.0,1.08183,5.54067,0.09394,-0.00223,-0.00223,0.11143,1.0,50
28.0,70.0,0.88434,5.13288,0.099,0.04457,0.04457,0.19289,1.0,45
28.0,71.0,0.798,4.76071,0.05495,0.00683,0.00683,0.18288,1.0,39
28.0,72.0,0.84372,4.55322,0.06086,0.01577,0.01577,0.19929,1.0,28
29.0,38.0,1.09243,2.87391,0.00983,-0.01325,-0.01325,0.16423,1.0,10
29.0,39.0,0.82237,3.12996,0.07231,-0.00705,-0.00705,0.1736,1.0,58
29.0,40.0,0.87146,3.15298,0.07205,0.01543,0.01543,0.19513,1.0,140
29.0,41.0,0.91817,3.20849,0.06994,0.01953,0.01953,0.21309,1.0,75
29.0,42.0,1.00175,3.4027,0.04742,0.01346,0.01346,0.11841,1.0,18
29.0,65.0,1.19065,5.90319,0.05252,-0.06812,-0.06812,0.16122,1.0,33
29.0,66.0,1.44451,5.49894,0.00532,0.00042,0.00042,0.00012,1.0,49
29.0,67.0,1.03916,5.76333,0.08869,-0.00397,-0.00397,0.4497,1.0,50
29.0,68.0,1.07847,5.63797,0.08375,-0.00243,-0.00243,0.18829,1.0,72
29.0,69.0,0.98854,5.48767,0.0819,0.00498,0.00498,0.09573,1.0,44
29.0,70.0,0.99254,5.13596,0.11475,0.06622,0.06622,0.14678,1.0,41
29.0,71.0,0.90103,4.61558,0.03938,0.00549,0.00549,0.11473,1.0,27
29.0,72.0,0.90489,4.2931,0.01419,0.00545,0.00545,0.0079,1.0,30
29.0,73.0,0.92208,4.12858,0.06356,0.00949,0.00949,0.20934,1.0,27
29.0,74.0,0.83813,4.43732,0.06115,-0.0191,-0.0191,0.19041,1.0,19
29.0,75.0,0.80721,4.4717,0.00399,0.01809,0.01809,0.21295,1.0,9
30.0,38.0,0.84591,2.65394,0.07612,0.0111,0.0111,0.17412,1.0,12
30.0,39.0,0.76059,2.99252,0.0832,0.02845,0.02845,0.35754,1.0,55
30.0,40.0,0.84353,3.09492,0.07368,0.02379,0.02379,0.20427,1.0,139
30.0,41.0,0.89757,3.16339,0.06579,0.03284,0.03284,0.18702,1.0,89
30.0,42.0,0.87616,3.09769,0.07248,0.06857,0.06857,1.07199,1.0,18
30.0,63.0,1.19004,5.85502,0.01536,-0.03696,-0.03696,0.11555,1.0,16
30.0,64.0,1.41734,5.49761,0.0133,-0.00031,-0.00031,0.0001,1.0,30
30.0,65.0,1.43327,5.49803,0.00979,0.00023,0.00023,0.00013,1.0,52
30.0,66.0,1.04036,5.96389,0.01077,3e-05,3e-05,0.00012,1.0,41
30.0,67.0,1.05153,5.69082,0.09857,-0.03091,-0.03091,0.48859,1.0,93
30.0,68.0,0.89247,5.79169,0.06244,-0.03979,-0.03979,0.19538,0.74455,62
30.0,68.0,0.90474,4.75059,0.04137,0.0773,0.0773,0.23406,0.25545,62
30.0,69.0,1.09534,5.43507,0.06319,-0.00121,-0.00121,0.05407,1.0,28
30.0,72.0,1.07818,4.03067,0.01685,0.00754,0.00754,0.01045,1.0,11
30.0,73.0,0.98203,3.93629,0.09092,0.06746,0.06746,0.30952,1.0,24
30.0,74.0,1.03351,4.10069,0.0649,-0.01327,-0.01327,0.06483,1.0,23
30.0,75.0,0.91357,4.21575,0.00778,-0.00463,-0.00463,0.00276,1.0,9
30.0,76.0,1.01763,3.98533,0.00074,0.00271,0.00271,0.01051,0.5555555555555556,5
31.0,38.0,0.90528,3.1564,0.03371,0.01246,0.01246,0.09357,1.0,12
31.0,39.0,0.77329,3.06171,0.08019,0.01521,0.01521,0.26612,1.0,55
31.0,40.0,0.86302,3.12199,0.06554,0.0008,0.0008,0.16157,1.0,147
31.0,41.0,0.91034,3.14559,0.05721,-0.01646,-0.01646,0.23565,1.0,84
31.0,42.0,0.98796,3.11917,0.02123,-0.03075,-0.03075,0.2157,1.0,16
31.0,62.0,1.17593,5.66818,0.00092,-0.00107,-0.00107,0.02735,1.0,16
31.0,63.0,1.22462,5.76803,0.03188,-0.02411,-0.02411,0.21967,1.0,20
31.0,64.0,1.22402,5.75576,0.04159,-0.04874,-0.04874,0.14621,1.0,44
31.0,65.0,1.05456,5.96289,0.00903,-0.00087,-0.00087,0.00019,1.0,46
31.0,66.0,1.22757,5.66638,0.05807,-0.03383,-0.03383,0.10556,1.0,72
31.0,67.0,0.99585,5.58031,0.04414,0.00364,0.00364,0.18325,1.0,63
31.0,68.0,0.97515,5.38885,0.07257,0.03562,0.03562,0.27641,1.0,40
31.0,73.0,1.11547,3.99075,0.06071,0.0056,0.0056,0.03804,1.0,13
31.0,74.0,1.07799,3.85179,0.08748,0.03331,0.03331,0.08585,1.0,18
31.0,75.0,0.94486,3.95536,0.15453,-0.05291,-0.05291,0.19687,1.0,21
31.0,76.0,0.86135,3.978,0.02102,-0.05454,-0.05454,0.14151,0.5555555555555556,5
31.0,77.0,0.96215,3.86114,0.02604,0.03323,0.03323,0.15817,1.0,6
32.0,38.0,1.06893,3.17625,0.06133,0.10273,0.10273,0.2402,1.0,9
32.0,39.0,0.87688,3.07592,0.05734,0.01101,0.01101,0.17329,1.0,60
32.0,40.0,0.87758,3.11386,0.05126,-0.00857,-0.00857,0.12732,1.0,153
32.0,41.0,0.88892,3.13898,0.04767,-0.00709,-0.00709,0.12919,1.0,75
32.0,61.0,0.87854,5.61835,0.07262,0.00901,0.00901,0.05447,1.0,18
32.0,62.0,0.96623,5.55868,0.1226,-0.02097,-0.02097,0.06383,1.0,22
32.0,63.0,1.11198,5.60798,0.07786,-0.02999,-0.02999,0.20497,1.0,38
32.0,64.0,1.12687,5.7785,0.06626,-0.03228,-0.03228,0.27236,1.0,52
32.0,65.0,1.17709,5.62009,0.08072,-0.00526,-0.00526,0.15794,1.0,90
32.0,66.0,0.96412,5.63406,0.06727,-0.02516,-0.02516,0.1249,1.0,60
32.0,67.0,1.07032,5.55533,0.08272,-0.02453,-0.02453,0.11613,1.0,45
32.0,74.0,1.2557,3.766,0.00929,-0.00776,-0.00776,0.00798,0.3333333333333333,6
32.0,74.0,1.12121,3.8096,0.09193,0.02181,0.02181,0.02045,0.6666666666666666,12
32.0,75.0,0.88443,3.98541,0.16276,-0.08993,-0.08993,0.1418,1.0,23
32.0,76.0,0.98281,4.03009,0.14049,-0.02753,-0.02753,0.09651,1.0,23
32.0,77.0,0.99842,3.94991,0.04595,0.02414,0.02414,0.13332,1.0,9
32.0,78.0,0.86739,3.83123,0.092,0.05169,0.05169,0.23696,1.0,10
33.0,38.0,0.94014,2.98389,0.05385,0.06064,0.06064,0.15672,1.0,15
33.0,39.0,0.85968,3.02258,0.05975,0.00626,0.00626,0.16987,1.0,58
33.0,40.0,0.8637,3.13447,0.0557,0.00931,0.00931,0.17039,1.0,157
33.0,41.0,0.88019,3.23695,0.06714,0.00913,0.00913,0.19799,1.0,71
33.0,60.0,0.88572,5.47218,0.04561,0.0179,0.0179,0.15042,1.0,18
33.0,61.0,0.89878,5.57954,0.06788,0.01307,0.01307,0.09733,1.0,36
33.0,62.0,0.98767,5.47314,0.06406,-0.04091,-0.04091,0.0287,1.0,33
33.0,63.0,1.05276,5.65299,0.04891,-0.01032,-0.01032,0.18893,1.0,49
33.0,64.0,1.17701,5.60274,0.03931,-0.0055,-0.0055,0.07147,0.78644,110
33.0,64.0,0.68524,5.43831,0.08274,0.10253,0.10253,0.87909,0.21356,110
33.0,65.0,1.03617,5.51524,0.05154,-0.00979,-0.00979,0.08693,0.73232,80
33.0,65.0,0.32342,4.70143,0.04038,0.00118,0.00118,0.00091,0.07169,80
33.0,65.0,0.49503,5.63909,0.02728,-0.08005,-0.08005,0.89296,0.19598,80
33.0,66.0,0.99164,5.49712,0.08459,-0.02563,-0.02563,0.09265,1.0,63
33.0,75.0,1.06315,3.91392,0.11937,-0.04034,-0.04034,0.0692,1.0,10
33.0,76.0,1.03307,3.94641,0.0563,0.03673,0.03673,0.10761,1.0,18
33.0,77.0,1.10148,3.98006,0.04623,0.03416,0.03416,0.08366,1.0,23
34.0,38.0,0.89629,2.63676,0.03649,-0.02509,-0.02509,0.69106,1.0,14
34.0,39.0,0.80485,3.11639,0.08277,-0.02582,-0.02582,0.28893,0.79761,66
34.0,39.0,0.87289,2.74378,0.0468,0.01531,0.01531,0.00534,0.20239,66
34.0,40.0,0.85435,3.15024,0.06314,-0.00345,-0.00345,0.21022,1.0,142
34.0,41.0,0.89063,3.27141,0.07056,0.0089,0.0089,0.20477,1.0,71
34.0,42.0,0.80095,3.55268,0.09603,-0.03259,-0.03259,0.09965,1.0,12
34.0,59.0,0.95992,5.49746,0.0333,0.0151,0.0151,0.1139,1.0,17
34.0,60.0,0.94787,5.62947,0.05543,-0.00205,-0.00205,0.2123,1.0,29
34.0,61.0,0.93914,5.74804,0.06164,-0.01259,-0.01259,0.24686,1.0,30
34.0,62.0,1.10731,5.64809,0.04495,0.00129,0.00129,0.07123,1.0,47
34.0,63.0,1.07148,5.57738,0.05794,0.00417,0.00417,0.07448,1.0,92
34.0,64.0,0.96448,5.4038,0.09698,0.03095,0.03095,0.14072,1.0,93
34.0,65.0,0.94352,5.32241,0.14821,0.03455,0.03455,0.14077,1.0,66
34.0,66.0,0.8577,5.1624,0.01535,-0.00657,-0.00657,0.00345,1.0,12
34.0,76.0,1.00394,3.71582,0.07899,0.06049,0.06049,0.11381,1.0,8
34.0,77.0,1.0813,3.95523,0.05241,0.03941,0.03941,0.03316,1.0,17
34.0,78.0,1.11457,4.13476,0.04217,-0.00369,-0.00369,0.10748,1.0,19
34.0,79.0,1.12531,4.194,0.03912,-0.02245,-0.02245,0.10008,1.0,24
34.0,80.0,0.80994,4.29338,0.12755,-0.12076,-0.12076,0.89442,1.0,11
35.0,37.0,0.8987,6.13073,0.00086,0.00636,0.00636,0.0483,0.5714285714285714,8
35.0,38.0,1.01977,2.4498,0.02439,-0.02993,-0.02993,0.03931,0.3333333333333333,10
35.0,38.0,0.80458,3.035,0.14155,-0.04407,-0.04407,0.11026,0.6666666666666666,20
35.0,39.0,0.8106,2.94182,0.06535,-0.02427,-0.02427,0.23054,1.0,57
35.0,40.0,0.88601,3.09386,0.05528,0.00255,0.00255,0.23175,1.0,145
35.0,41.0,0.87538,3.22034,0.06441,0.01408,0.01408,0.17561,1.0,77
35.0,58.0,0.89872,5.9663,0.02906,-0.01085,-0.01085,0.21008,1.0,13
35.0,59.0,0.89111,5.66832,0.06052,-0.0204,-0.0204,0.20268,1.0,24
35.0,60.0,0.83511,5.87648,0.02979,-0.02126,-0.02126,0.31935,0.85173,30
35.0,60.0,0.98799,5.92245,0.00964,0.00568,0.00568,0.0039,0.14827,30
35.0,61.0,1.0539,5.74734,0.05076,-0.04196,-0.04196,0.19268,1.0,43
35.0,62.0,1.05232,5.66394,0.06043,-0.02348,-0.02348,0.13529,1.0,89
35.0,63.0,1.04781,5.60885,0.06196,0.00166,0.00166,0.07584,1.0,92
35.0,64.0,1.15203,5.40486,0.06265,0.01557,0.01557,0.04132,1.0,50
35.0,78.0,1.08837,4.16075,0.02228,-0.00436,-0.00436,0.00123,1.0,11
35.0,79.0,0.82806,3.63684,0.12482,0.13319,0.13319,0.94651,1.0,32
35.0,80.0,0.69981,3.63328,0.04508,-0.02725,-0.02725,0.67973,1.0,32
35.0,81.0,0.69477,3.13643,0.01587,-0.00083,-0.00083,0.00013,1.0,12
36.0,38.0,0.86313,3.13211,0.08169,0.02744,0.02744,0.87217,1.0,22
36.0,39.0,0.88524,2.95005,0.06454,0.00967,0.00967,0.31671,0.86237,61
36.0,39.0,0.89665,3.13785,0.03768,0.0021,0.0021,0.00024,0.13763,61
36.0,40.0,0.8701,3.0887,0.0613,0.00968,0.00968,0.21515,1.0,141
36.0,41.0,0.8527,3.15466,0.071,0.03152,0.03152,0.20257,1.0,87
36.0,42.0,0.98421,3.51083,0.09439,0.06637,0.06637,0.10621,1.0,7
36.0,58.0,0.90509,5.95358,0.07038,0.08251,0.08251,0.29912,1.0,21
36.0,59.0,0.88401,6.03546,0.05751,0.01642,0.01642,0.32418,1.0,23
36.0,60.0,0.96704,5.80791,0.05231,-0.00595,-0.00595,0.26426,0.84281,42
36.0,60.0,0.72061,6.278,0.04131,0.00095,0.00095,0.00048,0.15719,42
36.0,61.0,1.03214,5.7516,0.06331,-0.02155,-0.02155,0.15276,1.0,76
36.0,62.0,1.00839,5.73596,0.06804,-0.02545,-0.02545,0.12581,1.0,103
36.0,63.0,1.07016,5.68918,0.07065,-0.01226,-0.01226,0.07497,1.0,66
36.0,79.0,0.80125,3.13569,0.04282,0.00068,0.00068,0.00044,1.0,45
36.0,80.0,0.80607,3.1423,0.0498,-0.00053,-0.00053,0.00044,1.0,101
36.0,81.0,0.81648,3.14822,0.05843,-0.00188,-0.00188,0.00039,1.0,61
37.0,38.0,0.95082,3.14352,0.06434,0.02999,0.02999,0.26054,1.0,19
37.0,39.0,0.90452,3.08005,0.04715,0.00547,0.00547,0.27448,1.0,66
37.0,40.0,0.87875,3.15769,0.05091,0.01844,0.01844,0.17904,1.0,139
37.0,41.0,0.82259,3.25312,0.06431,0.00724,0.00724,0.24018,1.0,73
37.0,57.0,0.97336,6.16,0.00261,-0.00747,-0.00747,0.02312,1.0,7
37.0,58.0,0.92926,5.95989,0.06981,0.03081,0.03081,0.18787,1.0,25
37.0,59.0,0.87905,5.88204,0.05898,0.00174,0.00174,0.16786,1.0,42
37.0,60.0,0.939,5.79838,0.05203,-0.01172,-0.01172,0.16631,1.0,67
37.0,61.0,0.96061,5.79986,0.06046,-0.02203,-0.02203,0.18053,1.0,97
37.0,62.0,1.00199,5.96349,0.04063,-0.01667,-0.01667,0.19231,0.96047,83
37.0,62.0,0.29647,6.11472,0.00881,0.04583,0.04583,0.3543,0.03953,83
37.0,63.0,0.99395,6.27953,0.00312,5e-05,5e-05,0.00015,1.0,12
37.0,79.0,0.81562,3.13391,0.04753,0.00028,0.00028,0.00032,1.0,56
37.0,80.0,0.86931,3.10765,0.06302,0.01,0.01,0.16079,0.97175,127
37.0,80.0,0.34561,5.16355,0.00016,-0.00605,-0.00605,0.92785,0.02825,127
37.0,81.0,0.86692,3.28558,0.06986,0.02681,0.02681,0.31861,1.0,67
37.0,82.0,1.02145,3.471,0.0236,0.00528,0.00528,0.03917,1.0,7
38.0,36.0,0.6799,0.28092,0.08943,-0.06449,-0.06449,1.36286,1.0,9
38.0,37.0,0.64579,6.14482,0.08202,0.02193,0.02193,1.59377,1.0,8
38.0,38.0,0.86412,3.14057,0.03077,0.00049,0.00049,0.00053,1.0,14
38.0,39.0,0.90874,3.21242,0.04893,0.0194,0.0194,0.23289,1.0,62
38.0,40.0,0.90749,3.22561,0.04672,0.02268,0.02268,0.17981,1.0,134
38.0,41.0,0.86209,3.41959,0.06473,-0.00554,-0.00554,0.208,1.0,72
38.0,42.0,0.64963,3.48457,0.08356,0.0578,0.0578,0.50524,1.0,17
38.0,57.0,0.79479,6.26288,0.09945,-0.07335,-0.07335,0.2268,1.0,21
38.0,58.0,0.91154,5.88129,0.07625,0.07009,0.07009,0.3558,1.0,28
38.0,59.0,0.9286,5.85632,0.05806,-0.01317,-0.01317,0.22475,1.0,58
38.0,60.0,0.94874,5.83305,0.05279,-0.00807,-0.00807,0.17805,1.0,77
38.0,61.0,0.98499,5.90598,0.04781,-0.03739,-0.03739,0.24309,1.0,75
38.0,62.0,0.92214,-0.00053,0.04197,-0.00024,-0.00024,0.00016,1.0,60
38.0,63.0,0.98347,0.02397,0.01436,-0.00409,-0.00409,0.13267,1.0,12
38.0,78.0,0.98173,2.7362,0.10937,-0.06627,-0.06627,0.19773,1.0,10
38.0,79.0,0.88826,2.95303,0.08533,-0.01344,-0.01344,0.19361,1.0,50
38.0,80.0,0.90234,3.13711,0.06069,0.01,0.01,0.19186,1.0,111
38.0,81.0,0.95185,3.22392,0.05369,0.01186,0.01186,0.11567,1.0,62
39.0,38.0,0.90914,3.35838,0.05101,0.06667,0.06667,0.93952,1.0,14
39.0,39.0,0.86347,3.01327,0.0557,0.01787,0.01787,0.29079,1.0,55
39.0,40.0,0.92467,3.15992,0.05196,0.00578,0.00578,0.22524,1.0,134
39.0,41.0,0.91291,3.26354,0.04575,0.01323,0.01323,0.14817,1.0,73
39.0,42.0,0.79931,3.19052,0.08032,-0.00028,-0.00028,0.28984,1.0,18
39.0,56.0,0.6654,0.36451,0.12926,-0.03843,-0.03843,0.35707,1.0,13
39.0,57.0,0.97963,6.46061,0.03058,-0.06028,-0.06028,0.2677,1.0,33
39.0,58.0,0.84566,5.79585,0.07898,0.03542,0.03542,0.32536,1.0,45
39.0,59.0,0.95816,5.86897,0.05625,-0.00097,-0.00097,0.25754,1.0,65
39.0,60.0,0.96461,5.90212,0.04091,-0.02279,-0.02279,0.17485,1.0,75
39.0,61.0,0.90045,5.9307,0.06826,0.02822,0.02822,0.41173,1.0,59
39.0,62.0,0.94884,6.09852,0.04305,-0.01617,-0.01617,0.27976,1.0,44
39.0,78.0,0.89337,2.645,0.02752,-0.0108,-0.0108,0.00436,0.4444444444444444,8
39.0,79.0,0.89469,3.13813,0.05873,-0.00142,-0.00142,0.17072,1.0,48
39.0,80.0,0.93652,3.14068,0.04874,0.00372,0.00372,0.14953,1.0,113
39.0,81.0,0.9327,3.2181,0.05377,-0.0031,-0.0031,0.13464,1.0,66
40.0,36.0,1.03411,0.04107,0.02153,0.04521,0.04521,0.10807,1.0,6
40.0,38.0,0.89864,2.89448,0.05538,0.03591,0.03591,0.21882,1.0,17
40.0,39.0,0.88647,2.90516,0.05784,0.00068,0.00068,0.1771,1.0,59
40.0,40.0,0.89703,3.11651,0.04932,0.01711,0.01711,0.20618,1.0,130
40.0,41.0,0.92546,3.11512,0.05507,0.04065,0.04065,0.22028,1.0,81
40.0,42.0,0.68379,3.0565,0.01295,0.05137,0.05137,0.21726,0.3,6
40.0,42.0,1.12039,3.12043,0.02405,0.03504,0.03504,0.21654,0.7,13
40.0,56.0,0.69585,0.38514,0.09835,0.00488,0.00488,0.42933,1.0,10
40.0,57.0,0.85714,6.1659,0.07769,-0.01184,-0.01184,0.16678,1.0,35
40.0,58.0,1.07944,5.96374,0.01082,6e-05,6e-05,0.00013,1.0,55
40.0,59.0,0.99173,5.78914,0.0458,0.01149,0.01149,0.19681,1.0,68
40.0,60.0,0.92865,5.93515,0.07603,-0.02888,-0.02888,0.16385,1.0,70
40.0,61.0,0.88826,5.88969,0.08374,-0.01379,-0.01379,0.179,1.0,41
40.0,62.0,1.00699,5.91315,0.03937,-0.02758,-0.02758,0.23222,1.0,27
40.0,63.0,0.9078,5.863,0.01441,0.00713,0.00713,0.0039,1.0,17
40.0,79.0,0.85666,3.06635,0.08181,0.03693,0.03693,0.59987,1.0,55
40.0,80.0,0.88592,3.1225,0.06162,-0.00569,-0.00569,0.34621,1.0,116
40.0,81.0,0.94476,3.23049,0.04716,0.00073,0.00073,0.17254,1.0,63
40.0,82.0,0.89377,3.41725,0.02186,0.00594,0.00594,0.06891,1.0,11
41.0,38.0,0.84783,2.90957,0.05373,7e-05,7e-05,0.16371,1.0,16
41.0,39.0,0.86945,2.97981,0.06635,-0.02088,-0.02088,0.20647,1.0,64
41.0,40.0,0.88305,3.02935,0.06164,0.00981,0.00981,0.17593,1.0,124
41.0,41.0,0.85436,3.14313,0.05078,-0.00049,-0.00049,0.00026,1.0,77
41.0,42.0,1.01065,3.27383,0.02955,-0.0414,-0.0414,0.15364,1.0,10
41.0,57.0,0.83759,6.04599,0.06595,-0.01747,-0.01747,0.164,1.0,46
41.0,58.0,0.95338,5.99615,0.06085,-0.01769,-0.01769,0.13049,1.0,64
41.0,59.0,1.02449,5.81901,0.03643,-0.02041,-0.02041,0.12847,1.0,60
41.0,60.0,0.95853,5.87244,0.06625,-0.05215,-0.05215,0.2578,1.0,55
41.0,61.0,0.9665,6.0902,0.08041,-0.07354,-0.07354,0.25101,1.0,36
41.0,62.0,1.01874,5.98492,0.03481,-0.02202,-0.02202,0.14013,1.0,21
41.0,63.0,1.04214,5.4875,0.00062,-0.00039,-0.00039,0.00024,1.0,12
41.0,78.0,0.93442,3.19389,0.07897,-0.01887,-0.01887,0.27644,1.0,8
41.0,79.0,0.82266,3.20358,0.10628,0.01287,0.01287,0.57529,1.0,56
41.0,80.0,0.88469,3.21342,0.07667,-0.00686,-0.00686,0.34044,1.0,117
41.0,81.0,0.91886,3.28548,0.05232,-0.00633,-0.00633,0.24355,1.0,70
41.0,82.0,0.78768,3.2728,0.0539,0.06252,0.06252,0.4198,1.0,15
42.0,36.0,0.88878,0.19665,0.02006,-0.01599,-0.01599,0.10228,0.6,9
42.0,38.0,0.89543,2.87555,0.04624,-0.00489,-0.00489,0.10685,1.0,22
42.0,39.0,0.90717,3.05224,0.07288,-0.01624,-0.01624,0.19722,1.0,73
42.0,40.0,0.92801,3.0299,0.05792,0.00133,0.00133,0.128,1.0,123
42.0,41.0,0.91639,3.0544,0.04737,0.0058,0.0058,0.12217,1.0,58
42.0,56.0,1.01242,-0.25104,0.0121,0.05004,0.05004,0.2335,1.0,24
42.0,57.0,0.84211,6.11964,0.06812,-0.00653,-0.00653,0.24948,1.0,70
42.0,58.0,0.91098,6.0515,0.06658,-0.01668,-0.01668,0.275,1.0,84
42.0,59.0,0.98859,5.96413,0.04962,-0.03795,-0.03795,0.23033,1.0,55
42.0,60.0,0.96003,5.80461,0.0363,-0.00324,-0.00324,0.15513,1.0,33
42.0,61.0,0.97969,6.06641,0.05368,-0.05674,-0.05674,0.25594,1.0,32
42.0,62.0,0.9869,6.11472,0.08754,-0.11886,-0.11886,0.28897,1.0,25
42.0,79.0,0.87697,3.17243,0.0837,-0.05552,-0.05552,0.24831,1.0,45
42.0,80.0,0.8892,3.2026,0.07474,-0.01102,-0.01102,0.28408,1.0,121
42.0,81.0,0.86357,3.14122,0.05218,0.00066,0.00066,0.00016,0.35444,81
42.0,81.0,0.89529,3.20221,0.08601,0.0102,0.0102,0.52014,0.64556,81
42.0,82.0,0.58135,3.132,0.0038,0.00068,0.00068,0.00012,0.5,6
43.0,37.0,0.62486,3.132,0.07926,0.00119,0.00119,0.00019,1.0,9
43.0,38.0,0.69623,2.839,0.00087,0.00636,0.00636,0.04708,0.2413793103448276,7
43.0,38.0,0.77585,2.99018,0.09994,-0.08089,-0.08089,0.16199,0.7586206896551724,18
43.0,39.0,0.92491,3.10735,0.05086,-0.02855,-0.02855,0.20762,1.0,74
43.0,40.0,0.94141,3.04799,0.04875,-0.0131,-0.0131,0.13512,1.0,121
43.0,41.0,1.03114,2.92155,0.02273,-0.00962,-0.00962,0.0874,1.0,51
43.0,56.0,0.76721,6.22739,0.05216,-0.00104,-0.00104,0.13826,1.0,38
43.0,57.0,0.79757,6.23619,0.08477,-0.02766,-0.02766,0.35725,1.0,88
43.0,58.0,0.87168,6.10064,0.07505,-0.00702,-0.00702,0.23635,1.0,83
43.0,59.0,0.86818,6.00635,0.06174,0.00323,0.00323,0.34085,1.0,55
43.0,60.0,0.89861,5.88237,0.05467,0.02714,0.02714,0.27109,1.0,38
43.0,61.0,0.9485,5.99445,0.07123,0.00197,0.00197,0.16597,1.0,27
43.0,62.0,0.93795,6.08864,0.11889,-0.06011,-0.06011,0.12717,1.0,19
43.0,78.0,1.24514,2.64167,0.00585,-0.00884,-0.00884,0.01367,0.6,6
43.0,79.0,0.89211,3.14486,0.05538,-0.03252,-0.03252,0.20664,1.0,39
43.0,80.0,0.99486,3.14039,0.00886,0.00044,0.00044,0.00023,0.31611,129
43.0,80.0,0.80168,3.25907,0.08888,-0.02801,-0.02801,0.36655,0.66252,129
43.0,80.0,0.30324,1.76414,0.00012,-0.00268,-0.00268,0.11527,0.02137,129
43.0,81.0,1.01023,3.16242,0.01574,0.0129,0.0129,0.07638,0.67738,86
43.0,81.0,0.47492,3.22038,0.03381,-0.03349,-0.03349,0.8574,0.32262,86
44.0,36.0,0.9041,0.03901,0.00969,-0.01142,-0.01142,0.0861,1.0,6
44.0,37.0,0.94684,6.21003,0.01518,-0.01561,-0.01561,0.07029,1.0,9
44.0,38.0,1.05562,2.99564,0.02834,-0.05138,-0.05138,0.12837,1.0,20
44.0,39.0,0.91107,3.05468,0.05311,-0.01241,-0.01241,0.19485,1.0,73
44.0,40.0,0.90386,3.14194,0.04921,-0.0001,-0.0001,0.00014,1.0,132
44.0,41.0,1.02674,3.14338,0.0067,6e-05,6e-05,0.00016,1.0,36
44.0,56.0,0.84763,0.09208,0.05575,-0.03396,-0.03396,0.23973,1.0,36
44.0,57.0,0.88315,6.24136,0.06855,-0.01503,-0.01503,0.15164,1.0,88
44.0,58.0,0.87696,6.10989,0.05945,-0.00159,-0.00159,0.12702,1.0,84
44.0,59.0,0.80131,6.05131,0.06547,0.01568,0.01568,0.25733,1.0,60
44.0,60.0,0.8726,5.87861,0.06519,0.06554,0.06554,0.33647,1.0,29
44.0,61.0,1.05597,6.0109,0.03319,0.03314,0.03314,0.24479,1.0,23
44.0,79.0,0.89383,3.22178,0.01992,0.00799,0.00799,0.13602,1.0,32
44.0,80.0,0.98227,3.16897,0.02523,-0.00548,-0.00548,0.11435,0.78003,134
44.0,80.0,0.48786,3.36661,0.03237,-0.03789,-0.03789,0.77983,0.21997,134
44.0,81.0,0.90168,3.26868,0.07297,-0.02183,-0.02183,0.1558,1.0,79
45.0,36.0,1.08049,5.963,0.0059,-0.00113,-0.00113,0.00022,0.6,6
45.0,38.0,0.85953,3.12254,0.06372,-0.06097,-0.06097,0.24156,1.0,24
45.0,39.0,0.87947,3.11028,0.06607,-0.006,-0.006,0.18783,1.0,70
45.0,40.0,0.94248,3.14102,0.03544,6e-05,6e-05,0.00022,1.0,137
45.0,41.0,1.00376,3.14172,0.00859,1e-05,1e-05,0.00018,1.0,38
45.0,56.0,0.94932,0.04485,0.04495,0.01615,0.01615,0.11073,1.0,37
45.0,57.0,0.86167,0.00451,0.04382,-0.00058,-0.00058,0.00047,1.0,84
45.0,58.0,0.91098,6.10186,0.0386,0.01785,0.01785,0.16856,1.0,75
45.0,59.0,0.85741,5.95456,0.06235,0.00695,0.00695,0.23258,1.0,48
45.0,60.0,0.91776,5.80957,0.0552,0.03171,0.03171,0.45544,0.91857,33
45.0,60.0,0.76263,0.46299,0.00726,-0.00142,-0.00142,0.00031,0.08143,33
45.0,61.0,1.04391,-0.18055,0.03674,0.01892,0.01892,0.31876,1.0,19
45.0,62.0,1.08447,0.1602,0.00108,0.00487,0.00487,0.02564,0.5714285714285714,8
45.0,79.0,0.77131,2.92504,0.07598,0.03775,0.03775,0.58148,1.0,41
45.0,80.0,0.89003,3.1068,0.06274,0.02316,0.02316,0.27853,1.0,139
45.0,81.0,0.93011,3.26503,0.05361,0.00956,0.00956,0.12425,1.0,78
46.0,36.0,0.95379,5.99485,0.01934,0.00104,0.00104,0.09145,1.0,10
46.0,38.0,0.82624,3.19338,0.072,-0.05483,-0.05483,0.22381,1.0,23
46.0,39.0,0.81341,3.24318,0.07424,-0.01028,-0.01028,0.30575,1.0,71
46.0,40.0,0.95366,3.14135,0.0252,0.00045,0.00045,0.00021,1.0,150
46.0,41.0,1.0035,3.14178,0.00725,0.00029,0.00029,0.00017,1.0,48
46.0,56.0,0.90712,0.16448,0.03472,0.01022,0.01022,0.09728,1.0,32
46.0,57.0,0.91746,0.02855,0.04084,0.00941,0.00941,0.15903,1.0,103
46.0,58.0,0.91158,6.15739,0.0459,0.0173,0.0173,0.2112,1.0,92
46.0,59.0,0.94716,5.95419,0.04993,0.04816,0.04816,0.2768,1.0,37
46.0,60.0,0.84786,0.462,0.00012,0.00012,0.00012,0.00012,0.06452,22
46.0,60.0,0.97501,5.95192,0.05817,-0.00538,-0.00538,0.30903,0.93548,22
46.0,61.0,0.96462,6.10058,0.05778,-0.00768,-0.00768,0.14907,1.0,14
46.0,79.0,0.86871,2.96825,0.05611,0.0068,0.0068,0.24809,1.0,40
46.0,80.0,0.8966,3.15906,0.054,-0.00084,-0.00084,0.15975,0.9893,134
46.0,80.0,0.7562,1.314,0.01193,-0.02655,-0.02655,0.05906,0.0107,134
46.0,81.0,0.88633,3.25127,0.06118,0.00174,0.00174,0.17589,1.0,77
47.0,36.0,0.95117,5.91913,0.02479,0.00632,0.00632,0.1402,1.0,8
47.0,37.0,1.00054,2.4956,0.06079,-0.03663,-0.03663,1.74861,1.0,8
47.0,38.0,1.51721,2.4495,0.01248,-0.01089,-0.01089,0.00951,0.30434782608695654,7
47.0,38.0,0.7783,3.2205,0.03376,-0.00775,-0.00775,0.19464,0.6956521739130435,15
47.0,39.0,0.75993,3.2846,0.06951,-0.00999,-0.00999,0.29734,1.0,77
47.0,40.0,0.86301,3.13806,0.07107,0.00138,0.00138,0.00057,1.0,164
47.0,41.0,0.91947,3.13735,0.04656,0.0014,0.0014,0.00032,1.0,55
47.0,56.0,0.81181,0.20108,0.03003,0.012,0.012,0.13177,1.0,36
47.0,57.0,0.86965,6.31845,0.05584,0.00995,0.00995,0.21244,1.0,115
47.0,58.0,0.85817,6.12712,0.07502,0.03898,0.03898,0.31696,1.0,94
47.0,59.0,0.90687,-0.26874,0.07966,0.04693,0.04693,0.3381,1.0,45
47.0,60.0,0.77026,5.6818,0.00692,-0.01209,-0.01209,0.02183,0.35714285714285715,10
47.0,60.0,1.14797,5.95767,0.00052,0.0001,0.0001,0.00038,0.6428571428571429,19
47.0,61.0,1.04094,5.94555,0.09632,-0.04271,-0.04271,0.16229,1.0,12
47.0,62.0,1.12032,6.05867,0.00086,-0.00409,-0.00409,0.0199,0.4666666666666667,7
47.0,79.0,0.87036,3.00964,0.04304,-0.00894,-0.00894,0.11075,1.0,35
47.0,80.0,0.91144,3.14517,0.04539,-0.00443,-0.00443,0.14027,1.0,123
47.0,81.0,0.81639,3.14011,0.05915,-0.00116,-0.00116,0.00028,1.0,79
47.0,82.0,0.83599,3.54178,0.07576,-0.06909,-0.06909,0.22203,1.0,12
48.0,37.0,1.11131,3.29967,0.01466,-0.02802,-0.02802,0.05357,0.7777777777777778,7
48.0,38.0,0.9054,3.4515,0.02344,-0.02346,-0.02346,0.12379,1.0,9
48.0,39.0,0.78171,3.17906,0.0693,0.01283,0.01283,0.19141,1.0,74
48.0,40.0,0.84099,3.13866,0.07755,0.00037,0.00037,0.00066,1.0,169
48.0,41.0,0.88566,3.14339,0.05316,-0.00094,-0.00094,0.00035,1.0,51
48.0,56.0,0.78579,6.28589,0.04614,0.00025,0.00025,0.00032,1.0,44
48.0,57.0,0.86655,6.26102,0.05534,0.01651,0.01651,0.23371,1.0,122
48.0,58.0,0.87874,6.13775,0.05998,-0.01687,-0.01687,0.2511,1.0,95
48.0,59.0,0.87675,6.10604,0.04817,-0.01812,-0.01812,0.37945,1.0,45
48.0,60.0,0.94932,6.02091,0.07268,0.00818,0.00818,0.20892,1.0,20
48.0,61.0,1.06309,-0.40324,0.08637,-0.03078,-0.03078,0.15524,1.0,13
48.0,62.0,1.08761,6.14648,0.02585,-0.01676,-0.01676,0.10239,0.7777777777777778,7
48.0,79.0,0.87925,2.9746,0.0545,0.0047,0.0047,0.13487,1.0,41
48.0,80.0,0.90819,3.06201,0.05585,-0.01061,-0.01061,0.13216,1.0,121
48.0,81.0,0.87251,3.27863,0.0641,-0.04171,-0.04171,0.22395,1.0,78
48.0,82.0,0.74874,3.59775,0.00471,0.00015,0.00015,0.00011,0.36363636363636365,8
48.0,82.0,0.83133,3.33233,0.10191,0.02792,0.02792,0.08519,0.6363636363636364,15
49.0,38.0,0.96427,3.48714,0.02206,0.04527,0.04527,0.70975,1.0,11
49.0,39.0,0.85854,2.98325,0.06216,0.02785,0.02785,0.27967,1.0,70
49.0,40.0,0.82468,3.14235,0.07468,-0.00102,-0.00102,0.00034,1.0,173
49.0,41.0,0.8701,3.14658,0.04738,-0.00287,-0.00287,0.00046,1.0,51
49.0,56.0,0.81155,0.19486,0.06163,0.03261,0.03261,0.27539,1.0,48
49.0,57.0,0.86637,6.33008,0.05692,0.0033,0.0033,0.15951,1.0,135
49.0,58.0,0.90093,6.15198,0.06018,-0.01673,-0.01673,0.2052,1.0,86
49.0,59.0,0.94559,5.9668,0.05317,-0.01614,-0.01614,0.17869,1.0,34
49.0,60.0,0.98055,-0.26248,0.02442,0.07161,0.07161,0.27306,1.0,23
49.0,79.0,0.90566,2.97086,0.04696,-0.01544,-0.01544,0.11072,1.0,40
49.0,80.0,0.90475,3.13007,0.06663,-0.03213,-0.03213,0.14247,1.0,123
49.0,81.0,0.8622,3.22535,0.08512,-0.03013,-0.03013,0.19715,1.0,72
49.0,82.0,0.52918,3.158,0.13022,-0.0023,-0.0023,0.00069,1.0,12
50.0,38.0,0.92761,2.97,0.02613,0.01656,0.01656,0.24023,1.0,10
50.0,39.0,0.79198,3.02485,0.07162,-0.00809,-0.00809,0.29974,1.0,75
50.0,40.0,0.7968,3.1446,0.09044,-0.00071,-0.00071,0.00055,1.0,162
50.0,41.0,0.80701,3.1477,0.10038,-0.00189,-0.00189,0.00033,1.0,56
50.0,56.0,0.79397,0.27358,0.05441,0.01063,0.01063,0.07446,1.0,45
50.0,57.0,0.86857,0.11311,0.05344,0.00353,0.00353,0.16257,1.0,136
50.0,58.0,0.92517,6.19444,0.04851,0.00399,0.00399,0.19941,1.0,86
50.0,59.0,0.93026,6.12302,0.05379,-0.04477,-0.04477,0.34974,1.0,31
50.0,60.0,0.79155,6.16575,0.03796,-0.03031,-0.03031,0.28774,1.0,19
50.0,79.0,0.89216,3.03447,0.08187,-0.01398,-0.01398,0.09132,1.0,41
50.0,80.0,0.86503,3.17929,0.09108,-0.02627,-0.02627,0.36195,1.0,118
50.0,81.0,0.8719,3.31701,0.08738,-0.04864,-0.04864,0.39845,1.0,75
50.0,82.0,0.91401,3.22593,0.03264,-0.02895,-0.02895,0.07684,1.0,11
51.0,38.0,0.87726,2.9702,0.01409,-0.00173,-0.00173,0.1522,1.0,14
51.0,39.0,0.77009,3.11151,0.07308,-0.00012,-0.00012,0.36438,1.0,70
51.0,40.0,0.80139,3.1461,0.0684,-0.00116,-0.00116,0.0006,1.0,140
51.0,41.0,0.86115,3.35981,0.05461,0.02212,0.02212,0.13959,1.0,73
51.0,42.0,0.72165,3.626,0.02235,-0.00314,-0.00314,0.00044,1.0,6
51.0,56.0,0.94108,0.37933,0.01522,-0.00714,-0.00714,0.00455,1.0,18
51.0,57.0,0.86197,6.2809,0.05823,0.00106,0.00106,0.00033,1.0,129
51.0,58.0,0.91007,-0.07885,0.05161,0.01331,0.01331,0.1928,1.0,106
51.0,59.0,0.7367,6.1665,0.06228,-0.05118,-0.05118,0.30094,1.0,26
51.0,60.0,0.65708,6.01296,0.05025,-0.0146,-0.0146,0.40304,1.0,24
51.0,61.0,1.34721,5.63533,0.00711,-0.00696,-0.00696,0.00688,0.4666666666666667,7
51.0,79.0,0.86451,3.06508,0.08021,-0.00159,-0.00159,0.19538,1.0,40
51.0,80.0,0.81373,3.14381,0.08338,-0.00022,-0.00022,0.00025,1.0,121
51.0,81.0,0.84963,3.22919,0.08249,-0.00133,-0.00133,0.20685,1.0,90
51.0,82.0,0.90585,3.1408,0.00255,-0.00051,-0.00051,0.00012,1.0,10
52.0,38.0,0.98372,3.05845,0.02852,-0.04631,-0.04631,0.11658,1.0,15
52.0,39.0,0.83417,3.12741,0.06429,0.01999,0.01999,0.29941,1.0,51
52.0,40.0,0.90249,3.1797,0.05922,0.01545,0.01545,0.17613,1.0,121
52.0,41.0,0.90859,3.16489,0.05308,0.00044,0.00044,0.13187,1.0,77
52.0,42.0,0.72179,3.19883,0.01256,-0.00091,-0.00091,0.16608,1.0,7
52.0,57.0,0.88676,6.28549,0.05331,5e-05,5e-05,0.0004,1.0,132
52.0,58.0,0.89606,6.28608,0.04973,-7e-05,-7e-05,0.0003,1.0,118
52.0,59.0,0.85025,6.04138,0.06521,-0.04008,-0.04008,0.19301,1.0,31
52.0,60.0,0.70584,5.7756,0.05067,-0.02159,-0.02159,0.12064,1.0,21
52.0,79.0,0.83259,3.09882,0.06025,-0.01662,-0.01662,0.30078,1.0,40
52.0,80.0,0.88183,3.11645,0.06807,-0.02142,-0.02142,0.22267,1.0,118
52.0,81.0,0.89073,3.14155,0.07065,-0.00035,-0.00035,0.00022,1.0,84
53.0,38.0,1.08539,2.8822,0.00145,0.00155,0.00155,0.01661,1.0,9
53.0,39.0,0.87063,3.10039,0.06687,0.00448,0.00448,0.37776,1.0,49
53.0,40.0,0.93813,3.09488,0.05405,0.02116,0.02116,0.25216,1.0,142
53.0,41.0,0.92497,3.1866,0.0523,0.01362,0.01362,0.12454,1.0,87
53.0,57.0,0.92212,6.2871,0.0559,-0.00036,-0.00036,0.00041,1.0,132
53.0,58.0,0.92619,6.09526,0.05848,-0.00863,-0.00863,0.12112,1.0,125
53.0,59.0,0.91638,5.73946,0.08548,-0.02026,-0.02026,0.12376,1.0,33
53.0,60.0,1.02845,5.60884,0.06345,-0.04367,-0.04367,0.06895,1.0,16
53.0,79.0,0.83862,3.06924,0.05896,-0.02391,-0.02391,0.2084,1.0,42
53.0,80.0,0.90438,3.10765,0.05539,-0.00938,-0.00938,0.1566,1.0,121
53.0,81.0,0.92014,3.17587,0.04112,-0.03151,-0.03151,0.15635,1.0,65
53.0,82.0,1.05433,3.3,0.00831,0.00396,0.00396,0.15011,1.0,7
54.0,39.0,0.86508,3.18158,0.04009,-0.03407,-0.03407,0.19749,1.0,43
54.0,40.0,0.88806,3.18328,0.05654,0.0191,0.0191,0.15938,1.0,143
54.0,41.0,0.91137,3.23075,0.05498,0.02381,0.02381,0.10762,1.0,89
54.0,56.0,1.05501,5.96051,0.00824,0.00026,0.00026,0.00017,1.0,29
54.0,57.0,0.95181,5.97731,0.05233,-0.00637,-0.00637,0.07621,1.0,156
54.0,58.0,0.91451,5.8562,0.09297,-0.00434,-0.00434,0.20947,0.97018,112
54.0,58.0,0.53625,5.47558,0.00103,-0.00038,-0.00038,0.00038,0.02982,112
54.0,59.0,1.29785,5.55097,0.01516,-0.00624,-0.00624,0.02997,0.46638,36
54.0,59.0,0.69943,5.47962,0.07103,0.0355,0.0355,0.62566,0.53362,36
54.0,79.0,1.0919,2.82328,0.00574,-0.00015,-0.00015,8e-05,1.0,39
54.0,80.0,0.92325,3.13998,0.05017,-0.0001,-0.0001,0.0003,1.0,111
54.0,81.0,0.89305,3.13652,0.03771,1e-05,1e-05,0.00035,1.0,58
55.0,39.0,0.83846,3.22097,0.04885,-0.00402,-0.00402,0.22569,1.0,28
55.0,40.0,0.88867,3.31598,0.0636,0.01451,0.01451,0.1358,1.0,137
55.0,41.0,0.8999,3.38825,0.06614,0.00664,0.00664,0.11184,1.0,109
55.0,42.0,1.0448,3.1894,0.00037,-0.00228,-0.00228,0.01637,1.0,10
55.0,56.0,0.96468,5.7474,0.08632,-0.00646,-0.00646,0.06448,1.0,80
55.0,57.0,0.98931,5.77601,0.07499,-0.00869,-0.00869,0.08981,1.0,186
55.0,58.0,1.01714,5.62443,0.10701,-0.00448,-0.00448,0.2185,1.0,79
55.0,79.0,0.98609,2.88823,0.04816,0.01804,0.01804,0.10981,1.0,42
55.0,80.0,0.89936,3.14022,0.06275,-0.00028,-0.00028,0.0005,1.0,113
55.0,81.0,0.85883,3.1433,0.04761,-0.00014,-0.00014,0.00041,1.0,58
55.0,82.0,1.07889,2.73833,0.00474,-0.00879,-0.00879,0.0167,0.75,6
56.0,33.0,1.00664,0.00341,0.00608,-0.00161,-0.00161,0.00042,0.6666666666666666,8
56.0,39.0,0.87566,3.32552,0.04159,0.00267,0.00267,0.21921,1.0,17
56.0,40.0,0.84815,3.47266,0.07082,-0.01722,-0.01722,0.14564,1.0,82
56.0,41.0,0.94489,3.59226,0.06954,-0.00406,-0.00406,0.1209,1.0,135
56.0,42.0,1.05417,3.78027,0.0519,-0.00325,-0.00325,0.08471,1.0,72
56.0,55.0,1.18624,5.69314,0.00992,3e-05,3e-05,0.00011,1.0,31
56.0,56.0,1.03886,5.63195,0.08898,-0.00046,-0.00046,0.06347,1.0,135
56.0,57.0,1.05146,5.64524,0.0975,-0.01028,-0.01028,0.08425,1.0,131
56.0,58.0,0.97874,5.48974,0.09355,-0.01549,-0.01549,0.06822,1.0,18
56.0,78.0,0.84758,2.74033,0.12558,0.04904,0.04904,0.0198,1.0,12
56.0,79.0,0.90989,2.82999,0.0795,0.01304,0.01304,0.18489,1.0,57
56.0,80.0,0.9141,2.98291,0.06718,0.01789,0.01789,0.20287,1.0,121
56.0,81.0,0.87302,3.11848,0.06634,-0.01607,-0.01607,0.13658,1.0,57
57.0,40.0,0.81688,3.51838,0.0942,-0.03429,-0.03429,0.18404,1.0,28
57.0,41.0,0.98788,3.67925,0.07878,-0.02142,-0.02142,0.12913,1.0,105
57.0,42.0,0.99874,3.95515,0.07916,-0.01792,-0.01792,0.10362,1.0,127
57.0,43.0,0.96658,4.19483,0.10972,-0.07977,-0.07977,0.27841,1.0,94
57.0,44.0,0.86199,4.30031,0.02673,0.0085,0.0085,0.00321,1.0,19
57.0,55.0,1.07914,5.59544,0.11132,-0.03031,-0.03031,0.05929,1.0,114
57.0,56.0,1.13921,5.60035,0.07447,-0.00718,-0.00718,0.05118,1.0,176
57.0,57.0,0.91803,5.55077,0.07561,0.04339,0.04339,0.16685,1.0,28
57.0,78.0,1.01832,2.8921,0.01157,-0.0117,-0.0117,0.03262,1.0,16
57.0,79.0,0.91432,2.80602,0.06214,-0.00737,-0.00737,0.17973,1.0,89
57.0,80.0,0.91828,2.88464,0.06099,0.01781,0.01781,0.16047,1.0,112
57.0,81.0,0.8425,2.99914,0.06702,0.01994,0.01994,0.24491,1.0,32
58.0,33.0,0.89892,6.11492,0.01437,-0.01484,-0.01484,0.02841,1.0,9
58.0,41.0,0.91963,3.794,0.10064,-0.04703,-0.04703,0.19643,1.0,31
58.0,42.0,1.0139,3.95109,0.09787,-0.04195,-0.04195,0.17734,1.0,112
58.0,43.0,0.96056,4.05671,0.08203,-0.02247,-0.02247,0.14805,1.0,146
58.0,44.0,0.90863,3.97951,0.09596,0.02762,0.02762,0.13383,1.0,78
58.0,54.0,1.09996,5.52939,0.07475,0.00187,0.00187,0.03305,1.0,107
58.0,55.0,1.12936,5.5447,0.09489,-0.009,-0.009,0.05034,0.99278,177
58.0,55.0,0.74217,6.28159,0.00012,0.00019,0.00019,0.00031,0.00722,177
58.0,56.0,0.95178,5.57153,0.07375,-0.0012,-0.0012,0.12212,1.0,45
58.0,78.0,0.87384,2.56935,0.09038,-0.02238,-0.02238,0.47153,1.0,47
58.0,79.0,0.91264,2.65721,0.07345,0.00433,0.00433,0.30544,1.0,120
58.0,80.0,0.9263,2.82378,0.05515,0.01697,0.01697,0.20336,1.0,72
58.0,81.0,0.93378,2.96533,0.04166,-0.005,-0.005,0.11436,1.0,14
59.0,33.0,0.85341,0.20006,0.00185,0.00187,0.00187,0.04459,1.0,8
59.0,42.0,0.89517,3.92155,0.00681,0.0001,0.0001,6e-05,1.0,27
59.0,43.0,1.02896,3.94446,0.0739,-0.01933,-0.01933,0.10568,1.0,89
59.0,44.0,0.99172,3.89598,0.08004,0.00705,0.00705,0.12248,1.0,127
59.0,45.0,1.0152,3.8041,0.11484,0.02986,0.02986,0.10132,1.0,61
59.0,53.0,1.11384,5.54651,0.07309,-0.01498,-0.01498,0.04783,1.0,103
59.0,54.0,1.14313,5.48676,0.0763,0.02307,0.02307,0.05424,1.0,173
59.0,55.0,0.92053,5.36588,0.10467,0.07746,0.07746,0.21895,1.0,55
59.0,56.0,1.16539,5.56367,0.06275,-0.00837,-0.00837,0.11593,1.0,10
59.0,77.0,1.22364,2.55338,0.00858,-8e-05,-8e-05,0.00012,1.0,17
59.0,78.0,0.94016,2.50235,0.08363,0.00388,0.00388,0.1195,1.0,83
59.0,79.0,0.96439,2.60116,0.08348,-0.01091,-0.01091,0.41429,1.0,114
59.0,80.0,1.0061,2.88544,0.05635,-0.03806,-0.03806,0.18904,1.0,45
60.0,33.0,0.957,0.19884,0.00946,0.00043,0.00043,0.10694,1.0,9
60.0,43.0,1.0051,3.93674,0.08241,-0.05129,-0.05129,0.1491,1.0,25
60.0,44.0,1.03576,3.87246,0.0883,0.00914,0.00914,0.19021,1.0,100
60.0,45.0,1.03787,3.87559,0.09026,0.01599,0.01599,0.12741,1.0,126
60.0,46.0,1.08991,3.89721,0.0944,-0.00536,-0.00536,0.03284,1.0,59
60.0,51.0,1.03652,5.2477,0.04117,-0.01628,-0.01628,0.0375,1.0,29
60.0,52.0,1.03447,5.49831,0.07684,-0.02472,-0.02472,0.10449,1.0,105
60.0,53.0,1.09614,5.52236,0.08982,-0.01792,-0.01792,0.08486,1.0,169
60.0,54.0,0.96617,5.42195,0.10621,0.04221,0.04221,0.15883,1.0,54
60.0,55.0,0.8356,5.1075,0.20906,0.2692,0.2692,0.54675,1.0,14
60.0,77.0,1.06597,2.46373,0.08211,-0.01221,-0.01221,0.07422,1.0,61
60.0,78.0,1.0817,2.49757,0.05564,-0.0067,-0.0067,0.07367,1.0,116
60.0,79.0,1.02419,2.73135,0.07831,0.02957,0.02957,0.34248,1.0,55
60.0,80.0,1.04973,2.82944,0.03107,5e-05,5e-05,0.00012,1.0,16
61.0,44.0,0.97878,4.00407,0.10551,-0.02611,-0.02611,0.76599,1.0,26
61.0,45.0,1.05926,3.86203,0.07108,0.00419,0.00419,0.05876,1.0,121
61.0,46.0,1.05488,3.93331,0.07853,-0.00151,-0.00151,0.04364,1.0,127
61.0,47.0,1.10785,4.17654,0.07039,-0.03641,-0.03641,0.09291,1.0,110
61.0,48.0,0.80275,4.80599,0.08351,0.01683,0.01683,0.18972,1.0,43
61.0,49.0,1.05745,5.03664,0.00645,-7e-05,-7e-05,0.00013,1.0,60
61.0,50.0,0.88347,4.96668,0.06138,0.00687,0.00687,0.11294,1.0,91
61.0,51.0,0.94919,5.17039,0.07522,0.00714,0.00714,0.19025,1.0,133
61.0,52.0,1.0332,5.34705,0.06968,-0.00499,-0.00499,0.12555,1.0,169
61.0,53.0,0.91857,5.39089,0.09812,0.01212,0.01212,0.27651,1.0,69
61.0,54.0,0.915,5.0713,0.09627,0.02923,0.02923,0.54885,1.0,19
61.0,55.0,0.8885,5.5428,0.1222,-0.02841,-0.02841,0.23239,1.0,10
61.0,58.0,0.80661,4.8416,0.08113,0.03026,0.03026,0.18054,1.0,6
61.0,76.0,1.03129,2.38648,0.08752,-0.00717,-0.00717,0.06254,1.0,57
61.0,77.0,1.0791,2.48036,0.07601,-0.02647,-0.02647,0.08939,1.0,111
61.0,78.0,1.00221,2.57828,0.07295,-0.03576,-0.03576,0.12198,1.0,69
61.0,79.0,1.00208,2.71989,0.07278,-0.04157,-0.04157,0.06942,1.0,20
62.0,34.0,0.83681,6.08062,0.00115,0.01163,0.01163,0.22702,1.0,7
62.0,45.0,0.90373,3.85421,0.05509,0.00134,0.00134,0.08848,1.0,27
62.0,46.0,1.06382,3.97454,0.07743,-0.00041,-0.00041,0.06481,1.0,115
62.0,47.0,0.94798,4.25723,0.08184,-0.00117,-0.00117,0.12446,1.0,138
62.0,48.0,0.88567,4.50779,0.09299,-0.02818,-0.02818,0.36526,0.97667,190
62.0,48.0,0.22154,0.15092,0.01607,-0.03872,-0.03872,0.09483,0.02333,190
62.0,49.0,0.84059,4.82322,0.07926,-0.03414,-0.03414,0.27422,1.0,177
62.0,50.0,0.86026,4.93991,0.07306,0.00999,0.00999,0.26447,1.0,163
62.0,51.0,0.93138,5.04084,0.08927,0.03898,0.03898,0.3409,1.0,124
62.0,52.0,0.97157,5.15369,0.0469,0.02325,0.02325,0.24948,1.0,69
62.0,53.0,0.87516,5.03865,0.08532,0.0175,0.0175,0.41598,1.0,37
62.0,54.0,0.74703,4.79411,0.08512,-0.0236,-0.0236,0.3689,1.0,18
62.0,57.0,1.01601,4.78917,0.01213,0.01533,0.01533,0.08262,1.0,7
62.0,58.0,0.84345,4.86737,0.04657,0.02164,0.02164,0.12282,1.0,11
62.0,59.0,0.91642,4.71471,0.0424,-0.02168,-0.02168,0.21425,1.0,10
62.0,75.0,1.03551,2.59626,0.05526,-0.01201,-0.01201,0.00321,1.0,42
62.0,76.0,1.00962,2.45942,0.07584,-0.00538,-0.00538,0.06828,1.0,108
62.0,77.0,1.01763,2.52066,0.06805,-0.01094,-0.01094,0.10622,1.0,77
62.0,78.0,0.94483,2.60317,0.05299,-0.00183,-0.00183,0.11859,1.0,26
63.0,34.0,0.81839,6.17946,0.02338,-0.01829,-0.01829,0.10195,1.0,8
63.0,45.0,0.89853,5.151,0.15174,0.05158,0.05158,0.08153,0.8461538461538461,11
63.0,46.0,0.99078,4.69111,0.07015,0.04433,0.04433,0.33036,1.0,24
63.0,47.0,0.90839,4.17134,0.08297,-0.02945,-0.02945,0.20623,0.96471,61
63.0,47.0,1.22086,5.6297,0.00519,0.00648,0.00648,0.00815,0.03529,61
63.0,48.0,0.86088,4.47405,0.10304,-0.03991,-0.03991,0.55886,1.0,103
63.0,49.0,0.74843,4.71317,0.09413,0.00076,0.00076,0.00041,1.0,98
63.0,50.0,0.86206,4.90356,0.07741,0.02351,0.02351,0.65705,1.0,73
63.0,51.0,0.89237,5.12666,0.07008,0.05377,0.05377,0.88585,1.0,57
63.0,52.0,1.01871,5.09316,0.03417,0.09279,0.09279,1.43287,1.0,29
63.0,53.0,0.97822,4.7972,0.01055,0.02694,0.02694,0.11865,1.0,16
63.0,56.0,0.956,1.94767,0.03918,-0.01181,-0.01181,0.00358,0.5555555555555556,10
63.0,57.0,0.99578,1.668,0.00612,-0.01229,-0.01229,0.02554,0.375,6
63.0,58.0,1.02128,1.56175,0.00827,-0.0207,-0.0207,0.05249,0.5,8
63.0,59.0,0.95433,1.56133,0.00669,-0.00119,-0.00119,0.00023,0.4666666666666667,7
63.0,60.0,0.9111,1.56775,0.00609,-6e-05,-6e-05,0.00021,0.4666666666666667,7
63.0,62.0,0.57822,1.577,0.00417,-0.00169,-0.00169,0.07916,0.30434782608695654,7
63.0,63.0,0.88876,2.60343,0.08518,0.17826,0.17826,2.2203,1.0,17
63.0,64.0,0.95656,1.65726,0.04678,-0.08066,-0.08066,0.16069,1.0,19
63.0,65.0,0.79881,1.50213,0.06524,-0.0294,-0.0294,0.16784,1.0,24
63.0,66.0,0.78632,1.11561,0.08889,-0.05185,-0.05185,0.16094,1.0,22
63.0,67.0,0.89545,0.7126,0.08312,-0.02451,-0.02451,0.01063,1.0,6
63.0,74.0,1.06536,2.30044,0.03152,-0.00295,-0.00295,0.05739,1.0,44
63.0,75.0,0.992,2.49338,0.06683,-0.01318,-0.01318,0.06542,1.0,90
63.0,76.0,1.02427,2.52365,0.07063,-0.00676,-0.00676,0.08642,1.0,109
63.0,77.0,1.02446,2.53659,0.06164,0.00435,0.00435,0.11452,1.0,40
64.0,33.0,0.92765,6.24676,0.03631,-0.02955,-0.02955,0.10263,0.6666666666666666,8
64.0,44.0,0.82964,5.1478,0.07377,0.03435,0.03435,0.14944,1.0,13
64.0,45.0,0.8728,5.00533,0.08294,0.05062,0.05062,0.14565,1.0,19
64.0,46.0,0.78234,4.96885,0.08604,0.04797,0.04797,0.11854,0.8666666666666667,13
64.0,47.0,0.9658,5.07091,0.08733,0.09454,0.09454,0.20046,1.0,25
64.0,48.0,1.01435,4.85928,0.07731,0.0989,0.0989,2.23504,1.0,28
64.0,49.0,0.91876,4.70949,0.05159,-0.00067,-0.00067,9e-05,0.12311,37
64.0,49.0,0.92526,0.98738,0.07057,-0.49409,-0.49409,6.0722,0.87689,37
64.0,50.0,0.8762,1.43416,0.03426,0.01448,0.01448,0.26719,0.36114,39
64.0,50.0,0.90253,4.91087,0.05807,-0.04057,-0.04057,0.52812,0.63886,39
64.0,51.0,0.87566,1.45234,0.05193,0.14366,0.14366,3.59976,1.0,40
64.0,52.0,0.67653,1.5664,0.0455,0.00146,0.00146,0.00051,1.0,43
64.0,53.0,0.86261,1.55201,0.05354,-0.07922,-0.07922,0.70502,1.0,46
64.0,54.0,0.89287,1.3154,0.04847,-0.10075,-0.10075,0.84989,1.0,42
64.0,55.0,0.90146,1.5439,0.04304,-0.03775,-0.03775,0.59576,1.0,35
64.0,56.0,0.91325,1.54868,0.07125,-0.04233,-0.04233,0.87774,1.0,41
64.0,57.0,1.01556,1.54334,0.03843,0.02711,0.02711,0.31263,1.0,33
64.0,58.0,0.89408,1.61906,0.07705,0.04583,0.04583,0.66736,1.0,34
64.0,59.0,0.93979,1.37024,0.05311,-0.00559,-0.00559,0.1302,1.0,34
64.0,60.0,0.874,1.41596,0.05916,-0.04913,-0.04913,0.23123,1.0,38
64.0,61.0,0.82505,1.53883,0.04712,-0.03963,-0.03963,0.20163,1.0,50
64.0,62.0,0.85913,1.61241,0.06085,-0.06025,-0.06025,0.81042,1.0,52
64.0,63.0,0.81435,1.74876,0.08639,-0.10547,-0.10547,0.96066,1.0,58
64.0,64.0,0.88663,1.68903,0.0534,-0.01093,-0.01093,0.50451,1.0,51
64.0,65.0,0.84679,1.58748,0.04266,0.02364,0.02364,0.34019,1.0,49
64.0,66.0,0.86845,1.28178,0.03998,-0.02268,-0.02268,0.17577,1.0,52
64.0,67.0,0.87373,1.1343,0.09546,-0.02546,-0.02546,0.13073,1.0,52
64.0,68.0,0.89652,1.11783,0.10715,-0.01367,-0.01367,0.12987,1.0,32
64.0,69.0,1.04492,1.8908,0.00675,-0.00035,-0.00035,0.00012,1.0,25
64.0,70.0,0.89903,1.77682,0.057,0.00155,0.00155,0.05956,1.0,40
64.0,71.0,0.81245,1.57216,0.06497,-0.00229,-0.00229,0.00056,1.0,59
64.0,72.0,0.89519,1.56763,0.03761,0.00037,0.00037,0.00018,1.0,81
64.0,73.0,0.82665,1.57136,0.06677,-9e-05,-9e-05,0.00032,1.0,106
64.0,74.0,0.98596,2.04313,0.06306,0.04059,0.04059,0.18913,1.0,128
64.0,75.0,1.06647,2.30533,0.05053,0.00043,0.00043,0.09166,1.0,123
64.0,76.0,1.04284,2.35231,0.06178,-0.00436,-0.00436,0.10726,1.0,38
64.0,77.0,1.05461,2.43429,0.03263,-0.00087,-0.00087,0.06706,1.0,8
65.0,42.0,1.26374,5.37925,0.0173,0.03017,0.03017,0.0559,0.6363636363636364,7
65.0,43.0,1.00924,5.44875,0.06893,0.05985,0.05985,0.31892,1.0,18
65.0,44.0,0.88312,5.80782,0.07147,-0.00187,-0.00187,1.10537,1.0,21
65.0,45.0,0.83725,4.70167,0.00025,0.0002,0.0002,0.00016,0.42857142857142855,12
65.0,46.0,1.00672,2.07242,0.05669,-0.29365,-0.29365,3.3295,0.92684,28
65.0,46.0,1.19124,5.37732,0.01591,-0.01166,-0.01166,0.00855,0.07316,28
65.0,47.0,0.9605,1.67284,0.08176,-0.27428,-0.27428,1.73966,1.0,44
65.0,48.0,0.91397,1.56375,0.01026,0.00047,0.00047,0.00016,1.0,42
65.0,49.0,0.97389,1.59959,0.03525,0.00455,0.00455,0.14577,1.0,49
65.0,50.0,0.87192,1.55576,0.06472,-0.03293,-0.03293,0.88404,1.0,62
65.0,51.0,0.80512,1.61869,0.07668,-0.01971,-0.01971,0.4941,1.0,78
65.0,52.0,0.80945,1.70532,0.06826,-0.00228,-0.00228,0.2126,1.0,74
65.0,53.0,0.88431,1.58898,0.05534,-0.02613,-0.02613,0.51365,1.0,87
65.0,54.0,0.9066,1.55622,0.06971,-0.03233,-0.03233,0.30107,1.0,84
65.0,55.0,0.93382,1.59639,0.06351,-0.00936,-0.00936,0.14053,1.0,91
65.0,56.0,0.92631,1.64112,0.05736,-0.01041,-0.01041,0.10689,1.0,82
65.0,57.0,0.91172,1.63329,0.0604,-0.00375,-0.00375,0.18658,1.0,86
65.0,58.0,0.89434,1.58947,0.06948,-0.00095,-0.00095,0.23658,1.0,104
65.0,59.0,0.84698,1.57406,0.06289,-0.00046,-0.00046,0.00036,1.0,102
65.0,60.0,0.9125,1.59763,0.05093,-0.01387,-0.01387,0.14932,1.0,104
65.0,61.0,0.92026,1.55937,0.04549,-0.01251,-0.01251,0.21971,1.0,106
65.0,62.0,0.898,1.64808,0.05338,-0.04511,-0.04511,0.35538,1.0,108
65.0,63.0,0.9114,1.68597,0.06727,-0.00941,-0.00941,0.37284,0.97735,111
65.0,63.0,0.62311,3.42821,0.39355,0.1722,0.1722,11.2107,0.02265,111
65.0,64.0,0.88964,1.67545,0.06559,0.02235,0.02235,0.32347,1.0,104
65.0,65.0,0.85662,1.57124,0.04847,0.0059,0.0059,0.25946,1.0,98
65.0,66.0,0.85346,1.49823,0.05035,0.02139,0.02139,0.40553,1.0,109
65.0,67.0,0.83236,1.57313,0.04764,-0.00106,-0.00106,0.00022,1.0,111
65.0,68.0,0.86301,1.47145,0.08599,0.05636,0.05636,0.4811,1.0,112
65.0,69.0,0.96581,1.63053,0.0622,0.01926,0.01926,0.26564,1.0,107
65.0,70.0,0.93109,1.80575,0.06107,0.0162,0.0162,0.14382,1.0,97
65.0,71.0,0.89774,1.56926,0.04471,-0.00014,-0.00014,0.00024,1.0,98
65.0,72.0,0.86384,1.7418,0.06889,0.01909,0.01909,0.20827,1.0,107
65.0,73.0,0.91248,1.90876,0.08167,0.03674,0.03674,0.15739,1.0,114
65.0,74.0,0.9768,2.12157,0.097,0.05443,0.05443,0.2515,1.0,78
65.0,75.0,0.96228,2.24244,0.07252,-0.00527,-0.00527,0.10144,1.0,26
66.0,40.0,0.87094,5.381,0.0861,-0.03027,-0.03027,0.0391,1.0,13
66.0,41.0,0.80076,5.59698,0.07374,-0.06624,-0.06624,1.71746,1.0,19
66.0,42.0,0.89934,5.26092,0.0931,-0.03262,-0.03262,0.25009,0.55877,27
66.0,42.0,0.89483,1.95489,0.03081,0.01304,0.01304,0.11124,0.44123,27
66.0,43.0,1.03842,5.26508,0.06349,0.00687,0.00687,0.04064,0.6296296296296297,17
66.0,43.0,0.86431,2.005,0.01404,-0.00371,-0.00371,0.00332,0.37037037037037035,22
66.0,44.0,1.17611,5.06662,0.00641,0.01648,0.01648,0.04749,0.13888,25
66.0,44.0,0.88068,1.05094,0.06287,0.10124,0.10124,1.40921,0.86112,25
66.0,45.0,0.85729,1.57537,0.09784,-0.01127,-0.01127,0.82651,1.0,42
66.0,46.0,0.9633,1.5826,0.0856,-0.18479,-0.18479,1.92396,1.0,54
66.0,47.0,0.94881,1.91538,0.0632,-0.03135,-0.03135,0.92074,1.0,56
66.0,48.0,1.02702,1.779,0.03466,0.02804,0.02804,0.40155,1.0,49
66.0,49.0,1.02097,1.76302,0.0342,-0.00231,-0.00231,0.4211,1.0,47
66.0,50.0,0.77084,1.67309,0.09436,0.08109,0.08109,0.65849,1.0,54
66.0,51.0,0.82055,1.86344,0.09847,-0.04973,-0.04973,0.50694,1.0,72
66.0,52.0,0.88103,1.68645,0.06671,-0.00736,-0.00736,0.36304,1.0,62
66.0,53.0,0.93111,1.81181,0.05705,0.01727,0.01727,0.26872,1.0,62
66.0,54.0,0.94834,1.75167,0.06518,-0.01341,-0.01341,0.23644,1.0,68
66.0,55.0,0.92332,1.70032,0.08141,0.00823,0.00823,0.51474,1.0,73
66.0,56.0,0.93718,1.65974,0.06333,0.03789,0.03789,0.22042,1.0,64
66.0,57.0,0.89745,1.8023,0.05094,-0.00092,-0.00092,0.44875,1.0,68
66.0,58.0,0.92417,1.74268,0.05589,-0.01157,-0.01157,0.31453,1.0,61
66.0,59.0,0.91093,1.76256,0.05767,0.01233,0.01233,0.18675,1.0,65
66.0,60.0,0.91288,1.72454,0.05727,-0.00873,-0.00873,0.27761,1.0,70
66.0,61.0,0.94248,1.60689,0.04817,0.01773,0.01773,0.29504,1.0,60
66.0,62.0,0.92668,1.64507,0.04943,-0.00548,-0.00548,0.10889,1.0,55
66.0,63.0,0.95545,1.55753,0.06857,0.0201,0.0201,0.61919,1.0,55
66.0,64.0,0.87928,1.61371,0.05508,0.01688,0.01688,0.74372,1.0,52
66.0,65.0,0.86969,1.72083,0.06888,0.03136,0.03136,0.92232,1.0,66
66.0,66.0,0.86382,1.72142,0.06238,0.03215,0.03215,0.54616,1.0,60
66.0,67.0,0.83373,1.70027,0.05683,0.03549,0.03549,0.55769,1.0,63
66.0,68.0,0.86452,1.54706,0.09267,-0.00416,-0.00416,0.54861,1.0,89
66.0,69.0,0.87178,1.5585,0.09272,0.03595,0.03595,0.39007,1.0,71
66.0,70.0,0.8895,1.74645,0.07247,-0.02479,-0.02479,0.85361,1.0,50
66.0,71.0,0.89406,2.19619,0.063,0.00857,0.00857,0.3542,1.0,34
66.0,72.0,0.95405,2.1983,0.08318,0.01976,0.01976,0.27019,1.0,36
66.0,73.0,1.01651,2.29622,0.08916,0.00783,0.00783,0.19394,1.0,24
67.0,39.0,1.11697,5.26771,0.02261,0.03357,0.03357,0.55719,1.0,13
67.0,40.0,0.92179,4.86401,0.04089,0.05594,0.05594,2.27263,1.0,24
67.0,41.0,0.87991,4.78054,0.05926,-0.13045,-0.13045,3.23221,1.0,39
67.0,42.0,0.84589,1.77823,0.08353,-0.15968,-0.15968,3.44157,0.89498,39
67.0,42.0,1.00644,5.07724,0.01661,-0.00819,-0.00819,0.0045,0.10502,39
67.0,43.0,0.89978,1.99285,0.07348,-0.1161,-0.1161,2.74135,1.0,36
67.0,44.0,0.9837,1.71795,0.03505,-0.04884,-0.04884,2.2301,1.0,42
67.0,45.0,0.97083,1.90524,0.05469,-0.08745,-0.08745,1.77062,1.0,61
67.0,46.0,0.92604,2.0151,0.05834,0.00713,0.00713,0.36377,1.0,52
67.0,47.0,1.02911,1.89875,0.05307,0.03665,0.03665,0.29929,1.0,51
67.0,48.0,0.89886,1.52273,0.06175,0.04823,0.04823,0.65526,1.0,43
67.0,49.0,0.82731,1.60632,0.06268,0.09287,0.09287,0.82649,1.0,45
67.0,50.0,0.91355,2.1636,0.08071,0.0529,0.0529,0.60554,1.0,49
67.0,51.0,0.94618,1.99982,0.08656,0.00792,0.00792,0.38062,1.0,42
67.0,52.0,1.06472,1.95204,0.05715,0.03482,0.03482,0.09582,1.0,31
67.0,53.0,1.03455,1.93906,0.0575,0.00737,0.00737,0.15207,1.0,22
67.0,54.0,1.04781,1.7891,0.05379,0.08279,0.08279,1.48598,1.0,20
67.0,55.0,1.09005,1.80908,0.06093,0.05233,0.05233,0.2437,1.0,21
67.0,56.0,0.86304,1.25947,0.05189,0.17365,0.17365,0.83846,1.0,19
67.0,58.0,0.98038,1.85642,0.04133,0.03627,0.03627,0.16624,0.6521739130434783,15
67.0,59.0,1.13732,1.8735,0.00062,-0.00029,-0.00029,0.00013,0.5555555555555556,10
67.0,60.0,0.81915,1.97533,0.01765,-0.00888,-0.00888,0.00455,0.7142857142857143,10
67.0,61.0,0.89276,1.82883,0.06035,-0.06224,-0.06224,0.20713,0.6363636363636364,7
67.0,63.0,0.76995,1.40382,0.09107,-0.02103,-0.02103,1.80436,1.0,13
67.0,64.0,0.88409,1.28272,0.07422,-0.02768,-0.02768,1.7639,1.0,16
67.0,65.0,0.95385,1.64756,0.06827,-0.00024,-0.00024,0.07208,1.0,16
67.0,66.0,0.98805,1.63337,0.03277,-0.00025,-0.00025,0.1129,1.0,16
67.0,67.0,0.93835,2.56989,0.05977,0.04891,0.04891,1.4117,1.0,21
67.0,68.0,0.83235,1.56556,0.0422,-0.00064,-0.00064,0.00066,1.0,19
67.0,69.0,1.00525,1.5047,0.0742,0.0716,0.0716,0.17798,1.0,19
67.0,70.0,0.97239,1.71133,0.03906,0.00112,0.00112,0.19604,1.0,21
67.0,71.0,0.89835,2.15733,0.10326,-0.01264,-0.01264,0.13695,1.0,21
67.0,74.0,0.48518,3.09329,0.03308,0.0066,0.0066,0.00142,1.0,17
68.0,33.0,0.88242,-0.12513,0.00935,-0.00915,-0.00915,0.23839,1.0,9
68.0,34.0,1.05823,5.72442,0.04053,-0.02045,-0.02045,0.23371,1.0,8
68.0,37.0,1.07031,5.4678,0.01111,-0.01142,-0.01142,0.01802,1.0,17
68.0,38.0,1.06674,5.0185,0.00144,-0.00041,-0.00041,0.00012,1.0,16
68.0,39.0,1.06101,5.1826,0.03412,0.05923,0.05923,0.81069,1.0,20
68.0,40.0,1.02071,5.26063,0.03792,-0.15015,-0.15015,4.46969,0.92857,29
68.0,40.0,0.86717,2.56906,0.00614,-0.01076,-0.01076,0.01904,0.07143,29
68.0,41.0,1.01096,4.96314,0.05821,-0.28701,-0.28701,2.89498,0.64176,32
68.0,41.0,0.9573,2.34205,0.0244,-0.03357,-0.03357,0.06586,0.35824,32
68.0,42.0,0.87924,2.34224,0.08493,-0.12378,-0.12378,1.52751,1.0,38
68.0,43.0,0.94311,2.15778,0.08318,-0.09196,-0.09196,1.80114,1.0,50
68.0,44.0,0.99688,1.74458,0.06465,-0.02063,-0.02063,1.35674,1.0,57
68.0,45.0,0.98181,1.82505,0.05355,0.03802,0.03802,0.50185,1.0,53
68.0,46.0,1.02234,1.90745,0.04655,0.00522,0.00522,0.70011,1.0,52
68.0,47.0,0.91489,2.1157,0.06105,0.00657,0.00657,1.70342,1.0,53
68.0,48.0,0.84841,1.68774,0.06634,0.03839,0.03839,1.56712,1.0,56
68.0,49.0,0.83127,1.63919,0.06807,0.02986,0.02986,1.54496,1.0,53
68.0,50.0,0.88543,2.44615,0.06959,-0.07192,-0.07192,1.33218,1.0,43
68.0,51.0,1.22332,2.24025,0.02612,0.01445,0.01445,0.13319,1.0,21
68.0,52.0,1.09065,1.9362,0.05954,0.05066,0.05066,0.04332,0.4166666666666667,10
68.0,53.0,1.15182,2.16477,0.07521,0.00023,0.00023,0.0195,1.0,16
69.0,33.0,0.95208,6.11951,0.01715,0.00105,0.00105,0.1578,1.0,11
69.0,35.0,1.13657,4.87633,0.03117,-0.12066,-0.12066,1.65498,1.0,7
69.0,36.0,0.90239,5.61333,0.0486,-0.0657,-0.0657,0.0952,1.0,17
69.0,37.0,0.96262,5.5937,0.07478,-0.09754,-0.09754,0.12942,1.0,17
69.0,38.0,1.08339,5.12387,0.03577,0.01717,0.01717,0.06087,1.0,15
69.0,39.0,1.04453,2.41088,0.0153,0.01036,0.01036,0.00759,0.32,28
69.0,39.0,1.10014,5.13888,0.04165,0.02651,0.02651,0.07776,0.68,28
69.0,40.0,1.0269,2.42118,0.03238,0.00301,0.00301,0.54645,0.91667,30
69.0,40.0,0.73825,5.624,0.00017,0.00299,0.00299,0.08708,0.08333,30
69.0,41.0,1.09062,2.22988,0.03519,0.0015,0.0015,0.09341,1.0,43
69.0,42.0,0.93964,2.32365,0.06716,-0.05567,-0.05567,0.77601,1.0,58
69.0,43.0,0.93886,2.03865,0.09716,-0.02776,-0.02776,0.99712,1.0,81
69.0,44.0,1.00744,1.9682,0.08843,0.0436,0.0436,0.511,1.0,78
69.0,45.0,0.94454,1.74158,0.10511,0.05903,0.05903,0.33613,1.0,52
69.0,46.0,0.98357,2.05286,0.07142,-0.01015,-0.01015,0.29905,1.0,48
69.0,47.0,0.97279,2.04873,0.05979,-0.00336,-0.00336,0.40203,0.89189,54
69.0,47.0,0.93161,4.91388,0.02075,0.03099,0.03099,0.04772,0.10811,54
69.0,48.0,0.91584,1.8352,0.05152,-0.00217,-0.00217,0.1832,0.65217,34
69.0,48.0,0.72163,4.89712,0.02313,0.02116,0.02116,0.18206,0.34783,34
69.0,49.0,0.85644,1.5393,0.04481,0.05243,0.05243,2.54808,1.0,28
69.0,50.0,1.14935,1.736,0.00769,0.01403,0.01403,0.0256,0.2727272727272727,9
69.0,50.0,0.90281,2.11412,0.05697,0.02424,0.02424,0.18873,0.7272727272727273,21
69.0,70.0,0.94646,2.17617,0.01107,-0.0129,-0.0129,0.12988,1.0,6
69.0,77.0,0.73189,4.33557,0.14021,-0.0893,-0.0893,0.32682,1.0,6
70.0,33.0,0.90215,0.00897,0.00681,-0.00074,-0.00074,0.0001,1.0,12
70.0,34.0,0.96225,5.95278,0.06445,-0.01165,-0.01165,0.43492,1.0,13
70.0,35.0,0.92458,5.49722,0.00271,5e-05,5e-05,6e-05,1.0,14
70.0,36.0,0.86704,5.57254,0.10735,-0.03999,-0.03999,0.11819,1.0,26
70.0,37.0,1.04469,1.80657,0.00103,-0.00266,-0.00266,0.02096,0.32941176470588235,16
70.0,37.0,1.0111,5.11,0.01544,0.01467,0.01467,0.01396,0.1411764705882353,16
70.0,37.0,0.68692,5.47484,0.16093,-0.16745,-0.16745,0.21827,0.5294117647058824,25
70.0,38.0,0.9631,1.9335,0.01632,-0.00706,-0.00706,0.00395,1.0,23
70.0,39.0,1.01558,1.6136,0.03453,-0.00758,-0.00758,2.5085,1.0,37
70.0,40.0,1.0476,2.14956,0.04737,0.09725,0.09725,1.67568,1.0,55
70.0,41.0,1.0174,2.2403,0.05099,-0.00719,-0.00719,0.09937,1.0,68
70.0,42.0,0.98477,2.09813,0.0723,0.02855,0.02855,0.46631,1.0,73
70.0,43.0,0.94564,2.28671,0.11539,-0.00967,-0.00967,0.91208,1.0,69
70.0,44.0,0.90188,1.87596,0.06144,0.03845,0.03845,0.31485,1.0,39
70.0,45.0,0.95309,1.88857,0.09447,-0.00207,-0.00207,0.04637,1.0,29
70.0,46.0,1.13547,2.04325,0.01499,0.01843,0.01843,0.10528,1.0,20
70.0,63.0,0.88841,4.08622,0.01454,-0.01209,-0.01209,0.06049,1.0,7
71.0,33.0,0.78315,6.10995,0.05192,0.00215,0.00215,0.31104,1.0,22
71.0,34.0,0.88547,5.61257,0.11858,-0.08012,-0.08012,1.28439,1.0,25
71.0,35.0,1.2416,5.26767,0.0599,0.072,0.072,0.0874,1.0,26
71.0,36.0,0.91613,1.96596,0.05368,-0.02506,-0.02506,0.63057,1.0,28
71.0,37.0,0.94089,1.92418,0.04977,0.01123,0.01123,0.32808,1.0,40
71.0,38.0,0.97751,1.98133,0.05761,0.01915,0.01915,0.10132,0.77612,44
71.0,38.0,1.07269,5.14027,0.01855,-0.00449,-0.00449,0.02203,0.22388,44
71.0,39.0,0.98905,2.0926,0.06757,0.03037,0.03037,0.15096,0.82278,53
71.0,39.0,1.02377,5.22707,0.02979,0.00063,0.00063,0.04884,0.17722,53
71.0,40.0,0.93754,2.49947,0.08453,-0.0157,-0.0157,0.6082,1.0,71
71.0,41.0,0.98031,2.38073,0.08425,-0.02543,-0.02543,0.11642,1.0,74
71.0,42.0,1.12761,2.30492,0.0539,0.00356,0.00356,0.04626,1.0,46
71.0,64.0,0.88402,3.9496,0.0085,0.0161,0.0161,0.03682,1.0,8
72.0,32.0,1.24096,5.75475,0.00307,-0.00601,-0.00601,0.01211,0.3333333333333333,7
72.0,32.0,0.77454,5.727,0.02373,0.00965,0.00965,0.03258,0.6666666666666666,14
72.0,33.0,0.86836,5.90137,0.08276,-0.01647,-0.01647,0.45351,1.0,36
72.0,34.0,0.92116,5.47974,0.13874,0.00159,0.00159,0.19188,1.0,32
72.0,35.0,1.08681,2.21537,0.03456,0.01886,0.01886,0.1185,1.0,33
72.0,36.0,1.0421,2.25089,0.07542,-0.02402,-0.02402,0.09971,0.67164,46
72.0,36.0,0.90353,5.22142,0.13704,0.05475,0.05475,0.13836,0.32836,46
72.0,37.0,0.98588,1.96827,0.07644,0.02708,0.02708,0.21088,0.81855,44
72.0,37.0,0.91888,5.23415,0.0518,0.0248,0.0248,0.09623,0.18145,44
72.0,38.0,0.9813,1.95952,0.06818,0.02207,0.02207,0.10234,1.0,53
72.0,39.0,0.93215,2.11414,0.06685,0.0122,0.0122,0.12322,1.0,65
72.0,40.0,0.89762,2.36037,0.07002,-0.00354,-0.00354,0.18581,1.0,73
72.0,41.0,0.9586,2.45238,0.1045,0.00355,0.00355,0.1094,0.94715,42
72.0,41.0,0.54223,3.65186,0.00144,0.01286,0.01286,0.12424,0.05285,42
73.0,32.0,1.09504,5.66045,0.03034,-0.00844,-0.00844,0.03334,1.0,33
73.0,33.0,0.93215,5.33607,0.12132,0.13053,0.13053,0.37973,0.6875,44
73.0,33.0,0.96655,2.20444,0.05827,0.08868,0.08868,0.26276,0.3125,44
73.0,34.0,0.88644,2.00507,0.08585,0.35633,0.35633,3.34253,0.95089,53
73.0,34.0,0.93462,5.16946,0.03254,0.05419,0.05419,0.09109,0.04911,53
73.0,35.0,1.01533,2.18383,0.06835,0.0136,0.0136,0.10249,0.8169,54
73.0,35.0,1.00857,5.393,0.07576,-0.00084,-0.00084,0.02797,0.1831,54
73.0,36.0,1.01065,2.13669,0.07764,-0.0054,-0.0054,0.12517,1.0,58
73.0,37.0,0.96697,2.00714,0.08198,0.05701,0.05701,0.87301,1.0,52
73.0,38.0,0.95695,1.95631,0.0719,0.06682,0.06682,0.56692,1.0,60
73.0,39.0,0.94389,2.1517,0.06503,0.01106,0.01106,0.11061,1.0,53
73.0,40.0,0.9637,2.30965,0.05963,0.01694,0.01694,0.0767,1.0,34
74.0,31.0,1.03068,5.45614,0.11181,0.00097,0.00097,0.02469,1.0,29
74.0,32.0,1.07114,5.44819,0.09433,0.03032,0.03032,0.07408,0.658,60
74.0,32.0,0.75676,2.2614,0.10854,0.05231,0.05231,0.36201,0.342,60
74.0,33.0,0.77817,2.33798,0.1015,-0.00547,-0.00547,0.42923,0.78189,63
74.0,33.0,1.04378,5.29899,0.09694,0.0911,0.0911,0.16435,0.21811,63
74.0,34.0,0.89339,2.09767,0.0912,-0.11293,-0.11293,1.40742,0.9728,72
74.0,34.0,1.16343,5.26636,0.02457,0.00803,0.00803,0.00264,0.0272,72
74.0,35.0,0.92058,1.99674,0.08429,-0.01978,-0.01978,0.6821,1.0,68
74.0,36.0,0.97301,2.14439,0.0762,-0.0086,-0.0086,0.2667,1.0,71
74.0,37.0,0.9447,2.14731,0.08642,0.01417,0.01417,0.10176,1.0,62
74.0,38.0,0.90656,2.18775,0.08095,0.01505,0.01505,0.12161,1.0,42
74.0,39.0,0.9719,2.24133,0.06425,0.01987,0.01987,0.09896,1.0,22
75.0,29.0,0.97313,5.5065,0.00245,0.00052,0.00052,0.00011,0.22580645161290322,7
75.0,29.0,0.79756,1.7508,0.18824,0.0763,0.0763,0.03154,0.7741935483870968,19
75.0,30.0,0.91009,5.51544,0.1023,-0.00366,-0.00366,0.04501,1.0,41
75.0,31.0,1.07099,5.51791,0.10002,-0.00111,-0.00111,0.11893,0.84722,64
75.0,31.0,1.11784,2.29045,0.05167,-0.04412,-0.04412,0.04021,0.15278,64
75.0,32.0,0.91131,2.33151,0.07616,-0.01227,-0.01227,0.18053,0.74026,58
75.0,32.0,1.0446,5.4197,0.08727,0.00908,0.00908,0.06354,0.25974,58
75.0,33.0,0.91931,2.23301,0.07986,-0.01987,-0.01987,0.25503,1.0,74
75.0,34.0,0.97909,2.04329,0.07249,0.01461,0.01461,0.10671,1.0,76
75.0,35.0,1.01915,1.94624,0.06101,0.00413,0.00413,0.36726,1.0,68
75.0,36.0,0.95839,2.03096,0.04165,-0.01992,-0.01992,0.30207,1.0,51
75.0,37.0,0.97947,2.09012,0.06656,-0.01124,-0.01124,0.08425,1.0,26
75.0,38.0,1.08188,2.21708,0.0316,0.00563,0.00563,0.02715,1.0,11
75.0,66.0,1.16305,2.808,0.00024,0.00027,0.00027,0.00029,1.0,8
76.0,28.0,0.82409,5.88418,0.12758,-0.18691,-0.18691,0.4,1.0,24
76.0,29.0,0.90596,6.19988,0.11388,0.18566,0.18566,2.18225,1.0,58
76.0,30.0,0.95561,5.44768,0.11036,-0.00902,-0.00902,0.07543,0.57522,74
76.0,30.0,0.98985,1.96795,0.07443,-0.06672,-0.06672,0.24302,0.42478,74
76.0,31.0,0.98665,2.08875,0.07614,-0.01299,-0.01299,0.23885,0.72,56
76.0,31.0,1.0134,5.25112,0.03922,0.02042,0.02042,0.08778,0.28,56
76.0,32.0,1.00897,2.36055,0.06794,0.00295,0.00295,0.9495,1.0,77
76.0,33.0,1.06759,2.34076,0.07774,-0.00597,-0.00597,0.0746,1.0,80
76.0,34.0,1.14949,2.10484,0.06335,0.03346,0.03346,0.05723,1.0,48
76.0,35.0,1.01369,1.82662,0.01751,-0.00869,-0.00869,0.02971,1.0,10
76.0,65.0,0.2386,3.145,0.02636,0.00211,0.00211,0.00017,1.0,9
77.0,26.0,0.80557,2.13464,0.07728,-0.03747,-0.03747,0.03584,1.0,10
77.0,27.0,1.19627,5.6975,0.00945,6e-05,6e-05,0.00011,0.10526,33
77.0,27.0,0.90644,2.33262,0.08943,-0.06585,-0.06585,0.3334,0.89474,33
77.0,28.0,1.02041,5.31093,0.07427,0.05156,0.05156,0.18903,1.0,62
77.0,29.0,0.99992,5.47125,0.10984,0.00472,0.00472,0.07468,0.57547,72
77.0,29.0,0.95369,2.06938,0.0591,-0.02964,-0.02964,0.18069,0.42453,72
77.0,30.0,0.95787,2.16312,0.05177,-0.02211,-0.02211,0.16123,0.6375,59
77.0,30.0,0.86836,5.3269,0.08081,-0.00795,-0.00795,0.09586,0.3625,59
77.0,31.0,0.96715,2.20531,0.09167,0.02121,0.02121,0.14184,0.90179,83
77.0,31.0,0.86804,5.21345,0.02778,-0.00981,-0.00981,0.15038,0.09821,83
77.0,32.0,1.03901,2.39328,0.07272,-0.0105,-0.0105,0.11139,0.83483,85
77.0,32.0,0.54506,2.76971,0.10119,0.44823,0.44823,2.22718,0.16517,85
77.0,33.0,1.11997,2.42548,0.07512,-0.00403,-0.00403,0.05632,1.0,50
77.0,65.0,0.63013,2.96533,0.21522,-0.12988,-0.12988,0.21809,1.0,10
78.0,25.0,0.88206,2.2785,0.00722,-0.04378,-0.04378,0.33464,1.0,13
78.0,26.0,0.99062,2.27607,0.058,-0.01972,-0.01972,0.01044,1.0,29
78.0,27.0,1.08353,5.553,0.06623,-0.00428,-0.00428,0.05931,0.35644,64
78.0,27.0,0.94805,2.20418,0.09331,-0.01382,-0.01382,0.18013,0.64356,64
78.0,28.0,1.14538,5.4245,0.05487,0.03425,0.03425,0.10102,0.46212,81
78.0,28.0,0.87318,2.05196,0.05996,-0.03665,-0.03665,0.26653,0.53788,81
78.0,29.0,0.92731,2.0292,0.07463,-0.01354,-0.01354,0.22328,0.80679,73
78.0,29.0,0.88283,5.36033,0.14759,0.1344,0.1344,0.30269,0.19321,73
78.0,30.0,0.93505,2.00563,0.07666,-0.01906,-0.01906,0.15526,0.85852,67
78.0,30.0,0.85884,3.00594,0.14441,-0.1395,-0.1395,0.24434,0.14148,67
78.0,31.0,0.90772,2.27651,0.10326,0.00096,0.00096,0.39423,1.0,78
78.0,32.0,0.97424,2.44853,0.12416,0.01544,0.01544,0.13782,1.0,51
78.0,65.0,0.93483,2.7536,0.16562,-0.06018,-0.06018,0.04247,1.0,8
79.0,24.0,0.7999,1.34465,0.06635,-0.02623,-0.02623,1.51217,1.0,22
79.0,25.0,0.89872,2.11764,0.09027,-0.00798,-0.00798,0.38419,0.7148,67
79.0,25.0,0.8042,5.40348,0.09553,0.0453,0.0453,0.29687,0.2852,67
79.0,26.0,0.97613,5.43989,0.08541,0.04215,0.04215,0.13978,0.33359,95
79.0,26.0,0.95231,2.11733,0.09215,0.00386,0.00386,0.30639,0.66641,95
79.0,27.0,0.9125,2.06044,0.05443,-0.0003,-0.0003,0.20143,0.64276,102
79.0,27.0,1.13893,5.50403,0.04807,0.00021,0.00021,0.08034,0.35724,102
79.0,28.0,0.94472,1.8341,0.07895,-0.11372,-0.11372,1.15664,1.0,75
79.0,29.0,0.93296,1.96486,0.05867,-0.01407,-0.01407,0.00427,0.20236,76
79.0,29.0,0.88182,1.93238,0.12035,-0.13129,-0.13129,0.93339,0.79764,76
79.0,30.0,0.88564,2.02344,0.0579,-0.00452,-0.00452,0.08347,0.67866,69
79.0,30.0,1.01458,2.73981,0.16234,-0.14823,-0.14823,0.20599,0.32134,69
79.0,31.0,0.92565,2.33065,0.00943,-0.00385,-0.00385,0.0044,1.0,35
79.0,32.0,0.9687,2.445,0.02725,0.01625,0.01625,0.01038,1.0,8
80.0,23.0,0.98596,2.13529,0.06653,0.03389,0.03389,0.05719,0.5122,30
80.0,23.0,0.78191,5.37665,0.05591,0.04264,0.04264,0.12771,0.4878,30
80.0,24.0,0.94298,2.22216,0.08199,0.03288,0.03288,0.22366,0.56692,76
80.0,24.0,0.73184,5.46323,0.08417,-0.04699,-0.04699,0.25166,0.43308,76
80.0,25.0,0.91853,2.05845,0.10246,0.06581,0.06581,0.37166,0.66251,133
80.0,25.0,0.8702,5.26949,0.09226,0.02053,0.02053,0.1293,0.33749,133
80.0,26.0,0.87217,2.05058,0.06893,0.01285,0.01285,0.2903,0.64771,118
80.0,26.0,0.94172,5.29427,0.11252,0.05257,0.05257,0.13178,0.35229,118
80.0,27.0,0.91858,1.7231,0.06452,0.04741,0.04741,1.65784,1.0,78
80.0,28.0,0.9484,2.05365,0.10054,-0.06548,-0.06548,1.21131,1.0,57
80.0,29.0,0.85138,2.33638,0.0931,0.01558,0.01558,0.48839,1.0,45
80.0,30.0,0.85367,2.3571,0.07601,0.04135,0.04135,0.43387,1.0,34
81.0,22.0,1.00432,2.31761,0.0498,-0.02068,-0.02068,0.10958,0.47368,28
81.0,22.0,0.9239,5.6364,0.03684,0.00121,0.00121,0.03158,0.52632,28
81.0,23.0,1.01399,2.21312,0.0496,0.01284,0.01284,0.08236,0.56391,94
81.0,23.0,0.84796,5.48347,0.05586,0.01652,0.01652,0.10524,0.43609,94
81.0,24.0,1.02155,2.20304,0.07878,0.01297,0.01297,0.15132,0.62662,129
81.0,24.0,0.83017,5.30011,0.10015,-0.03252,-0.03252,0.23254,0.37338,129
81.0,25.0,0.92028,2.07068,0.0971,0.06041,0.06041,0.4354,0.68352,112
81.0,25.0,0.97752,5.17761,0.0756,0.01906,0.01906,0.08039,0.31648,112
81.0,26.0,0.92978,2.06302,0.04373,0.02421,0.02421,0.29087,1.0,58
81.0,27.0,0.92234,1.95118,0.10674,0.06543,0.06543,0.26429,1.0,32
81.0,28.0,0.90821,2.20115,0.0985,0.11605,0.11605,0.53263,1.0,17
81.0,29.0,0.99605,2.24667,0.00993,0.0145,0.0145,0.02119,1.0,9
82.0,21.0,0.84581,2.31943,0.05146,0.00365,0.00365,0.15188,0.575,29
82.0,21.0,0.8003,5.80739,0.0488,-0.02859,-0.02859,0.16162,0.425,29
82.0,22.0,0.97483,2.32604,0.05277,-0.00366,-0.00366,0.08458,0.625,98
82.0,22.0,0.88556,5.63566,0.06543,-0.01309,-0.01309,0.10118,0.375,98
82.0,23.0,1.07671,2.24693,0.05383,0.00797,0.00797,0.06277,0.67052,121
82.0,23.0,0.98758,5.52879,0.08306,-0.00232,-0.00232,0.06983,0.32948,121
82.0,24.0,1.12242,2.20363,0.05775,0.01038,0.01038,0.1574,0.75342,103
82.0,24.0,1.1429,5.30422,0.06239,0.03022,0.03022,0.07467,0.24658,103
82.0,25.0,0.97445,1.86071,0.04367,-0.02185,-0.02185,0.02622,1.0,19
83.0,20.0,0.17131,6.11134,0.00424,-0.02216,-0.02216,0.11647,1.0,14
83.0,21.0,0.84753,2.42442,0.07314,-0.00226,-0.00226,0.17528,0.64662,95
83.0,21.0,0.8463,5.78349,0.07582,-0.02252,-0.02252,0.13466,0.35338,95
83.0,22.0,0.96043,2.46048,0.08768,-0.01642,-0.01642,0.11444,0.72223,150
83.0,22.0,0.94523,5.71601,0.12055,-0.06469,-0.06469,0.154,0.27777,150
83.0,23.0,1.17812,2.42225,0.05113,-0.00587,-0.00587,0.04615,0.82031,93
83.0,23.0,1.30797,5.50361,0.07171,-0.00862,-0.00862,0.00663,0.17969,93
84.0,20.0,0.66588,1.4796,0.14128,0.21072,0.21072,2.53953,0.92892,60
84.0,20.0,0.76624,5.87699,0.00628,0.00463,0.00463,0.00371,0.07108,60
84.0,21.0,0.91321,2.47565,0.09571,-0.01327,-0.01327,0.1356,0.68752,155
84.0,21.0,0.76836,5.69931,0.18264,-0.02963,-0.02963,0.26044,0.31248,155
84.0,22.0,1.23031,5.63222,0.06141,-0.02894,-0.02894,0.02331,0.23295,124
84.0,22.0,0.95618,2.60322,0.1366,-0.03844,-0.03844,0.46384,0.76705,124
85.0,20.0,0.75141,5.8634,0.0041,0.00308,0.00308,0.0025,1.0,33
85.0,21.0,0.93184,2.57425,0.10783,-0.14093,-0.14093,0.58059,0.725,82
85.0,21.0,1.05529,5.74125,0.11562,-0.06595,-0.06595,0.05027,0.275,82
85.0,22.0,0.89901,2.29481,0.10424,0.05943,0.05943,0.86346,1.0,21
55.0,59.0,1.1123,5.507,0.06186,-0.003,-0.003,0.01478,1.0,8
63.0,33.0,0.85682,6.25812,0.03117,-0.02529,-0.02529,0.10033,1.0,9
27.0,42.0,0.72978,3.1486,0.09353,-0.00852,-0.00852,0.00087,1.0,10
32.0,42.0,0.84879,3.60967,0.03652,-0.05657,-0.05657,0.19635,1.0,7
62.0,33.0,0.84346,5.87,0.00089,0.00196,0.00196,0.0048,1.0,8
28.0,74.0,1.02263,5.0865,0.00176,-0.01637,-0.01637,0.15249,1.0,5
