10.0,39.0,0.67452,3.30022,0.02375,-0.03413,-0.03413,0.14434,1.0,78
10.0,40.0,0.70062,3.23157,0.03887,-0.0609,-0.0609,0.30517,1.0,117
10.0,41.0,0.65206,3.58511,0.06328,-0.01554,-0.01554,0.1308,1.0,61
11.0,39.0,0.74947,2.88303,0.0514,-0.02234,-0.02234,0.21518,1.0,230
11.0,40.0,0.83321,3.18956,0.04403,0.00053,0.00053,0.13841,1.0,491
11.0,41.0,0.85389,3.13533,0.03793,0.00082,0.00082,0.00018,1.0,343
12.0,38.0,0.82972,2.53862,0.14941,-0.02811,-0.02811,0.08624,1.0,48
12.0,39.0,0.87482,2.81159,0.07585,0.0242,0.0242,0.13619,1.0,230
12.0,40.0,0.91671,3.14024,0.03611,4e-05,4e-05,0.00022,1.0,612
12.0,41.0,0.92237,3.23104,0.03734,0.01251,0.01251,0.11504,1.0,365
13.0,38.0,1.05986,2.77244,0.00523,-0.0103,-0.0103,0.10542,1.0,51
13.0,39.0,0.81219,3.1444,0.04836,-0.00133,-0.00133,0.00044,1.0,220
13.0,40.0,0.91233,3.14348,0.03881,-0.00088,-0.00088,0.0003,1.0,593
13.0,41.0,0.98654,3.13855,0.03051,-0.00011,-0.00011,0.00016,1.0,350
13.0,42.0,1.13236,3.50786,0.00915,-0.01023,-0.01023,0.07548,1.0,62
14.0,38.0,1.02321,3.25133,0.01102,0.01759,0.01759,0.06021,1.0,41
14.0,39.0,0.83353,2.99481,0.05535,0.0215,0.0215,0.18005,1.0,226
14.0,40.0,0.92075,3.12428,0.04621,0.00233,0.00233,0.10596,1.0,596
14.0,41.0,0.98525,3.20288,0.03102,-0.00505,-0.00505,0.10685,1.0,329
14.0,42.0,1.03266,3.36433,0.02716,-0.00962,-0.00962,0.13225,1.0,60
15.0,38.0,0.84158,2.97629,0.02661,0.04505,0.04505,0.28003,1.0,44
15.0,39.0,0.82827,2.97191,0.0585,0.03212,0.03212,0.23347,1.0,221
15.0,40.0,0.91912,3.14106,0.04627,-0.00269,-0.00269,0.13652,1.0,575
15.0,41.0,0.97959,3.27732,0.04362,-0.01107,-0.01107,0.14179,1.0,336
15.0,42.0,0.96586,3.45567,0.03634,0.02827,0.02827,0.09775,1.0,69
16.0,38.0,0.75746,2.8852,0.07194,0.04567,0.04567,0.13807,1.0,51
16.0,39.0,0.81926,3.08871,0.0621,0.01461,0.01461,0.21675,1.0,229
16.0,40.0,0.88544,3.12084,0.05755,0.00672,0.00672,0.15522,1.0,550
16.0,41.0,0.98265,3.2852,0.03046,0.00904,0.00904,0.10057,1.0,330
16.0,42.0,0.84768,3.1412,0.02025,0.00228,0.00228,0.00069,1.0,76
17.0,39.0,0.90639,3.10687,0.05124,-0.00818,-0.00818,0.2013,1.0,230
17.0,40.0,0.87506,3.14363,0.06753,0.03165,0.03165,0.15276,1.0,552
17.0,41.0,0.89095,3.31727,0.05304,0.01812,0.01812,0.11813,1.0,325
17.0,42.0,0.99006,3.39573,0.03469,0.03378,0.03378,0.12703,1.0,80
18.0,39.0,0.91411,3.14171,0.03666,0.00111,0.00111,0.00024,1.0,193
18.0,40.0,0.86977,3.14079,0.05461,-6e-05,-6e-05,0.00024,0.85294,545
18.0,40.0,0.5009,2.352,0.07753,0.00133,0.00133,0.00036,0.14706,545
18.0,41.0,0.85766,3.33904,0.0854,-0.00554,-0.00554,0.17412,0.94404,345
18.0,41.0,0.43745,3.52059,0.00096,-0.0355,-0.0355,1.35592,0.05596,345
18.0,42.0,0.90684,3.43195,0.07888,-0.04887,-0.04887,0.24202,1.0,79
18.0,43.0,1.04039,3.3352,0.00979,0.0003,0.0003,0.11465,1.0,30
19.0,39.0,0.93892,2.94606,0.08609,-0.02881,-0.02881,0.11293,1.0,199
19.0,40.0,0.86856,3.11498,0.07908,-0.00047,-0.00047,0.25924,0.65573,559
19.0,40.0,0.89422,3.14046,0.06597,0.00072,0.00072,0.00014,0.34427,559
19.0,41.0,0.9476,3.25332,0.02968,-0.02362,-0.02362,0.1671,0.71375,336
19.0,41.0,0.4675,3.22399,0.02228,0.00248,0.00248,0.60191,0.28625,336
19.0,42.0,0.84379,3.24595,0.09774,-0.0248,-0.0248,0.28943,1.0,69
20.0,39.0,0.81533,2.97495,0.11222,-0.01983,-0.01983,0.16814,1.0,216
20.0,40.0,0.89385,3.09557,0.06222,-0.02864,-0.02864,0.15041,1.0,549
20.0,41.0,0.88192,3.13472,0.04898,-0.03257,-0.03257,0.17151,1.0,333
20.0,42.0,1.0697,3.225,0.02423,-0.00395,-0.00395,0.12824,1.0,63
21.0,39.0,0.97751,2.91895,0.05894,-0.00854,-0.00854,0.08962,1.0,216
21.0,40.0,0.89476,3.1217,0.04416,-0.02317,-0.02317,0.11047,1.0,551
21.0,41.0,0.89071,3.22134,0.0355,-0.03794,-0.03794,0.1194,1.0,347
21.0,42.0,0.99574,3.228,0.043,-0.00228,-0.00228,0.16962,1.0,70
21.0,69.0,1.04319,5.98018,0.01382,0.00027,0.00027,0.00012,1.0,160
21.0,70.0,1.10127,6.10292,0.02179,-0.01404,-0.01404,0.10637,1.0,294
22.0,39.0,0.91471,3.07919,0.05819,-0.01699,-0.01699,0.10677,1.0,212
22.0,40.0,0.91694,3.13442,0.04676,-0.01749,-0.01749,0.13722,1.0,552
22.0,41.0,0.85976,3.45954,0.07435,-0.15094,-0.15094,0.57482,1.0,359
22.0,42.0,0.81174,3.69818,0.08968,-0.11186,-0.11186,0.33151,1.0,65
22.0,69.0,1.13009,5.96587,0.0347,-0.03386,-0.03386,0.1142,1.0,221
22.0,70.0,1.15745,5.94774,0.06869,-0.05764,-0.05764,0.18923,1.0,231
22.0,71.0,1.10428,5.95914,0.01054,-0.00029,-0.00029,0.00032,1.0,206
23.0,39.0,0.86347,2.97867,0.08643,-0.01953,-0.01953,0.10249,1.0,212
23.0,40.0,0.85475,3.14097,0.06415,-0.00014,-0.00014,0.00065,1.0,567
23.0,41.0,0.9138,3.12879,0.03851,0.02644,0.02644,0.16161,0.86503,351
23.0,41.0,0.69181,4.23472,0.08685,-0.08836,-0.08836,0.186,0.13497,351
23.0,42.0,0.80908,3.59067,0.09725,-0.07247,-0.07247,0.50024,1.0,72
23.0,71.0,1.05102,6.15089,0.03859,0.00883,0.00883,0.13581,1.0,98
24.0,38.0,0.86313,3.3175,0.12682,-0.07351,-0.07351,0.17423,1.0,42
24.0,39.0,0.86417,2.98782,0.07462,-0.00824,-0.00824,0.10117,1.0,211
24.0,41.0,0.8766,3.19625,0.04706,0.02872,0.02872,0.18,1.0,341
24.0,42.0,0.9298,3.5228,0.03117,-0.01137,-0.01137,0.00434,1.0,74
24.0,70.0,1.41692,5.49414,0.00511,0.00043,0.00043,0.00012,1.0,114
24.0,71.0,1.41189,5.49537,0.00465,0.00033,0.00033,0.00012,1.0,104
25.0,38.0,0.71571,3.4025,0.10545,-0.07883,-0.07883,0.15755,1.0,49
25.0,39.0,0.82858,3.11948,0.07562,-0.00819,-0.00819,0.17339,1.0,239
25.0,40.0,0.88028,3.16341,0.05337,0.00138,0.00138,0.11713,1.0,566
25.0,41.0,0.85541,3.23017,0.04932,0.00525,0.00525,0.10924,1.0,352
25.0,42.0,0.86049,3.36059,0.06151,0.00523,0.00523,0.13863,1.0,69
25.0,70.0,1.42084,5.49569,0.00732,0.00043,0.00043,0.0001,1.0,143
25.0,71.0,1.10067,5.9632,0.02767,-0.00194,-0.00194,0.00016,1.0,41
26.0,39.0,0.93942,2.978,0.04059,-0.02014,-0.02014,0.14013,1.0,217
26.0,40.0,0.87538,3.12063,0.05976,8e-05,8e-05,0.13753,1.0,537
26.0,41.0,0.88368,3.18616,0.06682,0.00893,0.00893,0.13935,1.0,344
26.0,43.0,0.9042,3.33233,0.15275,-0.05418,-0.05418,0.13146,1.0,26
26.0,68.0,1.12784,5.9568,0.01084,-9e-05,-9e-05,0.00017,1.0,147
26.0,70.0,0.79428,0.06232,0.03261,0.04045,0.04045,0.16075,1.0,62
26.0,71.0,1.07474,5.88828,0.15341,-0.12606,-0.12606,0.16979,1.0,60
27.0,39.0,1.00394,2.97181,0.02461,0.01853,0.01853,0.18596,1.0,217
27.0,40.0,0.92264,3.07548,0.04638,0.00149,0.00149,0.13265,1.0,533
27.0,41.0,0.85021,3.01735,0.04981,-0.00965,-0.00965,0.12471,1.0,311
27.0,42.0,1.13051,2.8164,0.00661,-0.00044,-0.00044,0.00018,1.0,63
27.0,65.0,1.37843,5.49867,0.01433,-0.00064,-0.00064,0.00011,1.0,123
27.0,66.0,1.37919,5.49623,0.01345,-6e-05,-6e-05,0.00011,1.0,240
27.0,68.0,1.44021,5.49632,0.01217,0.00027,0.00027,0.00011,1.0,213
27.0,69.0,1.08016,5.95317,0.00445,0.00011,0.00011,0.00018,1.0,87
27.0,70.0,0.98599,5.65381,0.24084,-0.08727,-0.08727,0.20689,1.0,112
27.0,71.0,0.72675,5.7692,0.01057,-0.02817,-0.02817,0.08408,1.0,65
28.0,38.0,0.94016,2.95217,0.05299,-0.06612,-0.06612,0.11218,1.0,39
28.0,39.0,0.95243,3.0033,0.04367,-0.03695,-0.03695,0.10541,1.0,221
28.0,40.0,0.92403,3.07209,0.05612,0.00095,0.00095,0.13574,1.0,535
28.0,41.0,0.92415,3.11586,0.0546,-0.00192,-0.00192,0.16348,1.0,307
28.0,42.0,0.97886,3.19127,0.06754,0.01385,0.01385,0.19016,1.0,71
28.0,66.0,1.4398,5.49513,0.01183,-0.00037,-0.00037,0.00012,1.0,147
28.0,67.0,1.44299,5.49793,0.01222,-9e-05,-9e-05,0.00012,1.0,216
28.0,68.0,1.45586,5.4965,0.01757,-0.00054,-0.00054,0.00016,1.0,110
28.0,69.0,1.38803,5.49918,0.05873,0.00033,0.00033,0.00013,1.0,182
28.0,70.0,0.84991,5.28625,0.06736,0.00125,0.00125,0.11788,1.0,171
28.0,71.0,0.73948,5.10143,0.0775,-0.05077,-0.05077,0.13462,1.0,157
29.0,38.0,0.86771,3.0896,0.04995,-0.0486,-0.0486,0.13693,1.0,42
29.0,39.0,0.85531,3.01687,0.08929,-0.03799,-0.03799,0.13077,1.0,216
29.0,40.0,0.82006,3.14768,0.08476,-0.0003,-0.0003,0.00059,0.8913,538
29.0,40.0,0.52172,2.3544,0.04634,-0.00076,-0.00076,0.00035,0.1087,538
29.0,41.0,0.86076,3.17198,0.07747,0.0233,0.0233,0.13719,1.0,318
29.0,68.0,1.3816,5.49533,0.04069,-0.00053,-0.00053,0.0001,1.0,233
29.0,69.0,1.05645,5.34014,0.00411,0.00748,0.00748,0.05205,1.0,167
29.0,70.0,1.08399,5.3064,0.0012,-0.00047,-0.00047,0.06846,1.0,159
30.0,38.0,0.88183,2.99688,0.03923,-0.03103,-0.03103,0.14776,1.0,44
30.0,39.0,0.85434,3.05224,0.05946,0.00401,0.00401,0.14864,1.0,230
30.0,40.0,0.88779,3.12806,0.05641,0.01375,0.01375,0.10303,1.0,548
30.0,41.0,0.96761,3.20542,0.03554,0.00693,0.00693,0.11895,1.0,321
30.0,42.0,0.79368,3.93713,0.12434,-0.11422,-0.11422,0.15831,1.0,64
30.0,62.0,1.19997,5.69677,0.0403,-0.02807,-0.02807,0.0287,1.0,71
30.0,63.0,1.22571,5.67321,0.04935,-0.03858,-0.03858,0.03913,1.0,143
30.0,66.0,1.06538,5.96629,0.00596,-0.00064,-0.00064,0.00019,1.0,140
30.0,67.0,1.27526,5.60326,0.05614,-0.02825,-0.02825,0.04613,1.0,265
30.0,68.0,1.05495,5.54125,0.02354,-0.00117,-0.00117,0.07255,1.0,195
31.0,39.0,0.89265,3.07037,0.06249,0.01435,0.01435,0.10599,1.0,233
31.0,40.0,0.88645,3.15599,0.05198,-0.00607,-0.00607,0.11629,1.0,571
31.0,41.0,0.89536,3.1409,0.0389,7e-05,7e-05,0.00015,1.0,320
31.0,42.0,0.74048,3.45893,0.1311,0.05615,0.05615,0.13612,1.0,62
31.0,43.0,0.70019,3.0158,0.10684,0.00765,0.00765,0.20739,1.0,14
31.0,61.0,1.18085,5.6527,0.01798,-0.01097,-0.01097,0.05047,1.0,56
31.0,62.0,1.15828,5.66205,0.04533,-0.01855,-0.01855,0.05203,1.0,128
31.0,63.0,1.11588,5.83965,0.03397,-0.01184,-0.01184,0.08201,1.0,112
31.0,64.0,1.24436,5.69381,0.0308,-0.02784,-0.02784,0.04752,1.0,193
31.0,65.0,1.16154,5.87535,0.07672,-0.06258,-0.06258,0.11027,1.0,156
31.0,66.0,1.2662,5.66646,0.06816,-0.04725,-0.04725,0.05212,1.0,249
31.0,68.0,1.147,5.7312,0.02737,-0.0147,-0.0147,0.02322,1.0,163
31.0,74.0,0.92086,3.886,0.07628,-0.01852,-0.01852,0.00835,1.0,101
32.0,38.0,0.80839,2.77043,0.0577,0.00508,0.00508,0.43062,1.0,43
32.0,39.0,0.88923,3.09296,0.05689,-0.03471,-0.03471,0.16964,1.0,226
32.0,40.0,0.88492,3.17816,0.05847,-0.02178,-0.02178,0.15352,1.0,573
32.0,41.0,0.89779,3.29031,0.05936,-0.01659,-0.01659,0.16224,1.0,326
32.0,42.0,0.93864,3.17906,0.07883,0.04836,0.04836,0.29279,1.0,52
32.0,60.0,1.02516,5.70908,0.02088,-0.0036,-0.0036,0.05619,1.0,48
32.0,61.0,1.05871,5.71664,0.04479,-0.01642,-0.01642,0.10584,1.0,96
32.0,62.0,1.02333,5.87642,0.03455,-0.00827,-0.00827,0.07926,1.0,111
32.0,63.0,1.10779,5.79794,0.02584,-0.02072,-0.02072,0.06676,1.0,185
32.0,64.0,1.24261,5.66979,0.03555,-0.02627,-0.02627,0.05283,1.0,166
32.0,65.0,1.29436,5.66173,0.04259,-0.03682,-0.03682,0.06009,0.80684,306
32.0,65.0,0.49645,6.15738,0.01438,-0.04135,-0.04135,0.32727,0.19316,306
32.0,66.0,1.02535,5.76695,0.05837,-0.03492,-0.03492,0.12946,1.0,215
32.0,67.0,1.12221,5.64525,0.00274,0.00441,0.00441,0.00743,1.0,179
32.0,74.0,0.88752,3.87267,0.09726,-0.02648,-0.02648,0.01042,1.0,59
32.0,75.0,0.76475,4.249,0.00326,0.00097,0.00097,0.00029,1.0,96
33.0,38.0,0.82433,2.94222,0.0495,0.01499,0.01499,0.43881,1.0,48
33.0,39.0,0.90585,3.01357,0.05073,0.02383,0.02383,0.29648,1.0,241
33.0,40.0,0.92249,3.11633,0.05156,-0.00903,-0.00903,0.13724,1.0,576
33.0,41.0,0.89129,3.21758,0.04982,-0.02525,-0.02525,0.16974,1.0,319
33.0,42.0,0.85661,3.32574,0.05011,0.03255,0.03255,0.24211,1.0,58
33.0,59.0,0.99427,5.67843,0.04994,-0.00854,-0.00854,0.05868,1.0,31
33.0,60.0,1.01846,5.68538,0.0262,-0.00359,-0.00359,0.11463,1.0,84
33.0,61.0,0.92614,5.8642,0.04814,0.02259,0.02259,0.13193,1.0,163
33.0,62.0,0.88722,5.96989,0.11312,-0.03185,-0.03185,0.13813,1.0,176
33.0,63.0,0.97749,5.93263,0.07431,-0.02513,-0.02513,0.12524,1.0,180
33.0,64.0,1.07377,5.66996,0.0973,-0.01345,-0.01345,0.08259,1.0,348
33.0,65.0,0.95217,5.44401,0.09372,0.01176,0.01176,0.09717,1.0,299
33.0,66.0,0.89427,5.56876,0.11917,-0.02735,-0.02735,0.12068,1.0,225
34.0,39.0,0.97825,3.15408,0.03692,-0.028,-0.028,0.11684,1.0,237
34.0,40.0,0.90313,3.139,0.03151,0.00045,0.00045,0.00021,1.0,560
34.0,42.0,0.91935,3.22156,0.02739,-0.00469,-0.00469,0.12328,1.0,74
34.0,58.0,0.92593,5.82583,0.09578,-0.006,-0.006,0.01114,1.0,20
34.0,59.0,0.99232,5.80517,0.06312,-0.00999,-0.00999,0.03438,1.0,78
34.0,60.0,1.01582,5.74268,0.02394,-0.00871,-0.00871,0.15425,1.0,142
34.0,61.0,0.82578,5.90162,0.09211,-0.02344,-0.02344,0.15654,1.0,183
34.0,62.0,0.87905,5.98181,0.09453,-0.04043,-0.04043,0.15158,1.0,258
34.0,63.0,0.94078,5.77658,0.0955,-0.01742,-0.01742,0.14295,0.91314,353
34.0,63.0,0.43298,4.70625,0.01897,-0.00128,-0.00128,0.00028,0.08686,353
34.0,64.0,0.9642,5.53897,0.09414,0.0064,0.0064,0.11093,1.0,329
34.0,65.0,1.05738,5.31855,0.09465,0.02841,0.02841,0.05502,1.0,259
34.0,66.0,0.70468,5.24417,0.04123,-0.0443,-0.0443,0.1229,1.0,61
35.0,39.0,0.77831,3.142,0.03864,0.00065,0.00065,0.00032,1.0,215
35.0,40.0,0.88621,3.03624,0.06313,0.02882,0.02882,0.1187,1.0,584
35.0,41.0,0.91316,2.97962,0.05788,0.02427,0.02427,0.22339,1.0,333
35.0,42.0,0.95733,2.91025,0.02459,-0.01636,-0.01636,0.28121,1.0,61
35.0,58.0,0.86791,5.63685,0.06267,0.04996,0.04996,0.22162,1.0,59
35.0,59.0,0.88679,5.60579,0.05262,-0.00587,-0.00587,0.12328,1.0,108
35.0,60.0,0.87051,5.77595,0.08519,-0.03053,-0.03053,0.18485,1.0,164
35.0,61.0,0.92119,5.84537,0.08455,-0.01466,-0.01466,0.16931,1.0,245
35.0,62.0,0.96997,5.74043,0.04472,0.00374,0.00374,0.14885,1.0,385
35.0,63.0,1.00972,5.62641,0.07526,0.00064,0.00064,0.0831,1.0,370
35.0,64.0,1.41763,5.55,0.01608,-0.01065,-0.01065,0.00868,0.38272,232
35.0,64.0,0.82034,5.26194,0.11444,0.01963,0.01963,0.10363,0.61728,232
35.0,80.0,0.72604,3.0727,0.02,-0.02231,-0.02231,0.18402,1.0,110
35.0,81.0,0.7037,3.5055,0.01016,0.01996,0.01996,0.03977,1.0,51
36.0,39.0,0.7668,3.06887,0.07382,0.01292,0.01292,0.12382,1.0,234
36.0,40.0,0.86354,3.0649,0.07033,0.01188,0.01188,0.1315,1.0,616
36.0,41.0,0.86137,3.03728,0.07726,-0.00034,-0.00034,0.24118,0.96825,349
36.0,41.0,0.8412,4.307,0.01684,0.01038,0.01038,0.0064,0.03175,349
36.0,42.0,0.88363,3.33612,0.02656,-0.03225,-0.03225,0.21753,1.0,35
36.0,57.0,0.67942,6.11494,0.06775,0.01596,0.01596,0.08994,1.0,41
36.0,58.0,0.86658,5.85611,0.0362,0.02431,0.02431,0.12278,1.0,105
36.0,59.0,0.86721,5.61771,0.04306,-0.03059,-0.03059,0.26792,1.0,141
36.0,60.0,0.95626,5.76133,0.0605,-0.04223,-0.04223,0.20741,1.0,221
36.0,61.0,0.94879,5.87952,0.08109,-0.0427,-0.0427,0.23042,1.0,336
36.0,62.0,1.01531,5.88604,0.08109,-0.03344,-0.03344,0.09806,1.0,410
36.0,63.0,1.21014,5.68881,0.0471,-0.00945,-0.00945,0.02937,1.0,253
36.0,79.0,0.80908,2.88656,0.03722,-0.01938,-0.01938,0.07615,1.0,169
36.0,80.0,0.82224,3.22198,0.03626,-0.00967,-0.00967,0.12568,1.0,395
36.0,81.0,0.80436,3.40776,0.03891,-0.0178,-0.0178,0.10176,1.0,266
37.0,39.0,0.79493,3.15122,0.02604,0.00014,0.00014,0.00023,1.0,249
37.0,40.0,0.89282,3.05105,0.06608,0.01125,0.01125,0.14143,1.0,605
37.0,41.0,0.88387,3.11031,0.05875,0.0262,0.0262,0.19106,1.0,324
37.0,42.0,0.97431,3.01071,0.01545,-0.03278,-0.03278,0.16252,1.0,50
37.0,57.0,0.64904,0.00873,0.11386,-0.00235,-0.00235,0.00047,1.0,69
37.0,58.0,0.77582,6.0464,0.05546,0.00909,0.00909,0.16188,1.0,145
37.0,59.0,0.94148,5.56766,0.08095,0.01262,0.01262,0.13917,1.0,202
37.0,60.0,1.02561,5.64715,0.04942,-0.01111,-0.01111,0.1108,1.0,279
37.0,61.0,0.99453,5.79631,0.07841,-0.01748,-0.01748,0.19343,1.0,378
37.0,62.0,1.05044,5.92734,0.07136,-0.05402,-0.05402,0.17602,0.87665,343
37.0,62.0,0.71652,5.80386,0.00127,-0.0005,-0.0005,0.00043,0.12335,343
37.0,79.0,0.77223,2.75058,0.10881,0.06544,0.06544,0.1748,1.0,182
37.0,80.0,0.87258,3.17858,0.04688,-0.02494,-0.02494,0.12269,1.0,503
37.0,81.0,0.79074,3.27451,0.05565,-0.00096,-0.00096,0.1642,1.0,290
37.0,82.0,0.97426,3.24533,0.00138,0.00488,0.00488,0.02039,1.0,42
38.0,38.0,0.98525,2.7198,0.12226,-0.02826,-0.02826,0.13302,1.0,46
38.0,39.0,0.89559,2.90106,0.08453,-0.00076,-0.00076,0.11128,0.93939,253
38.0,39.0,0.84597,1.9405,0.04554,-0.01462,-0.01462,0.00469,0.06061,253
38.0,40.0,0.83433,3.14046,0.08425,0.00312,0.00312,0.00052,1.0,596
38.0,41.0,0.91313,3.143,0.05835,0.01675,0.01675,0.13138,1.0,324
38.0,57.0,0.74462,0.00164,0.08362,-0.01459,-0.01459,0.10445,1.0,132
38.0,58.0,0.92059,6.12824,0.04321,-0.03042,-0.03042,0.17322,1.0,205
38.0,59.0,1.01819,5.8354,0.04449,-0.0094,-0.0094,0.22533,1.0,254
38.0,60.0,1.023,5.64165,0.05514,-0.02237,-0.02237,0.12424,1.0,303
38.0,61.0,0.9938,5.86787,0.05019,-0.02099,-0.02099,0.20178,1.0,344
38.0,62.0,0.90484,6.08817,0.04199,0.00597,0.00597,0.11969,1.0,233
38.0,78.0,0.90158,2.83917,0.07196,0.05147,0.05147,0.18081,1.0,26
38.0,79.0,0.79809,2.7373,0.14887,0.09637,0.09637,0.22781,1.0,188
38.0,80.0,0.8547,3.04744,0.07886,0.03671,0.03671,0.18032,1.0,468
38.0,81.0,0.876,3.15744,0.04788,0.02372,0.02372,0.10011,1.0,276
39.0,37.0,0.22181,0.32456,0.01454,0.06497,0.06497,0.66105,1.0,21
39.0,38.0,1.14127,2.651,0.05039,-0.05409,-0.05409,0.06002,1.0,55
39.0,39.0,0.83212,2.89865,0.08145,0.01145,0.01145,0.14699,1.0,241
39.0,40.0,0.87129,3.06144,0.08379,0.01731,0.01731,0.11287,1.0,597
39.0,41.0,0.92599,3.22451,0.0667,-0.00217,-0.00217,0.12882,1.0,324
39.0,42.0,0.94711,3.51067,0.00752,-0.0057,-0.0057,0.00447,1.0,57
39.0,57.0,0.81655,6.17454,0.05433,0.00139,0.00139,0.12318,1.0,177
39.0,58.0,0.90776,6.00499,0.0665,-0.02046,-0.02046,0.13059,1.0,259
39.0,59.0,1.01428,5.7136,0.04712,-0.00078,-0.00078,0.11893,1.0,300
39.0,60.0,1.00863,5.79284,0.05656,-0.01637,-0.01637,0.22822,1.0,281
39.0,61.0,0.93984,5.94543,0.04231,-0.00064,-0.00064,0.1945,1.0,252
39.0,62.0,0.89702,6.26639,0.06487,-0.03213,-0.03213,0.15155,1.0,156
39.0,78.0,0.75484,2.8316,0.05954,0.04334,0.04334,0.1812,1.0,30
39.0,79.0,0.90667,2.95818,0.07095,0.03351,0.03351,0.1391,1.0,185
39.0,80.0,0.89428,3.06082,0.04555,0.01718,0.01718,0.15241,1.0,477
39.0,81.0,0.90488,3.09161,0.03757,-0.00027,-0.00027,0.11566,1.0,284
40.0,38.0,0.86589,2.81286,0.05017,0.0415,0.0415,0.16958,1.0,71
40.0,39.0,0.87999,2.85818,0.05053,0.02115,0.02115,0.12986,1.0,274
40.0,40.0,0.90495,3.08084,0.07243,0.01716,0.01716,0.18413,1.0,575
40.0,41.0,0.91891,3.28762,0.06643,-0.00435,-0.00435,0.15846,1.0,314
40.0,42.0,0.84959,3.487,0.07145,-0.00317,-0.00317,0.12422,1.0,51
40.0,56.0,0.89387,0.13792,0.01407,-0.02023,-0.02023,0.12209,1.0,52
40.0,57.0,0.8384,6.24957,0.04325,0.00344,0.00344,0.17355,1.0,215
40.0,58.0,0.87527,6.03121,0.05497,0.00847,0.00847,0.1419,1.0,295
40.0,59.0,0.98616,5.88737,0.04861,-0.01556,-0.01556,0.16845,1.0,274
40.0,60.0,0.978,5.94814,0.02802,-0.00109,-0.00109,0.1051,1.0,245
40.0,61.0,1.04753,5.92029,0.03684,-0.03041,-0.03041,0.12042,1.0,179
40.0,62.0,0.91871,5.11838,0.02874,-0.01172,-0.01172,0.00556,0.36769,102
40.0,62.0,0.91253,6.2162,0.10147,-0.09923,-0.09923,0.21342,0.63231,102
40.0,79.0,0.83618,3.12304,0.04958,0.01974,0.01974,0.14788,1.0,196
40.0,80.0,0.8416,3.05325,0.06347,-0.01216,-0.01216,0.13401,1.0,479
40.0,81.0,0.7969,3.09326,0.05285,0.00065,0.00065,0.09765,1.0,286
41.0,38.0,0.87974,2.82438,0.0544,0.0281,0.0281,0.20951,1.0,64
41.0,39.0,0.92086,3.04883,0.05853,0.01497,0.01497,0.12813,0.95349,291
41.0,39.0,0.71617,2.029,0.00189,-0.00118,-0.00118,0.00073,0.04651,291
41.0,40.0,0.92749,3.1206,0.0497,-0.01505,-0.01505,0.10939,1.0,562
41.0,41.0,0.90163,3.25447,0.06223,-0.00751,-0.00751,0.14116,1.0,298
41.0,42.0,0.7226,3.18188,0.05855,-0.02866,-0.02866,0.12863,1.0,38
41.0,57.0,0.88059,6.09777,0.05141,0.03681,0.03681,0.16918,1.0,274
41.0,58.0,0.87939,5.98228,0.07002,0.004,0.004,0.14985,1.0,324
41.0,59.0,0.91378,5.81596,0.07985,-0.02133,-0.02133,0.15692,1.0,234
41.0,60.0,1.04639,5.77605,0.05643,-0.01265,-0.01265,0.13543,1.0,208
41.0,61.0,1.00605,5.75793,0.06564,-0.01665,-0.01665,0.15861,1.0,152
41.0,62.0,0.91874,5.70313,0.03658,0.01986,0.01986,0.20109,1.0,80
41.0,79.0,0.87677,3.22458,0.05295,-0.00808,-0.00808,0.10125,1.0,190
41.0,80.0,0.83901,3.09128,0.04913,-0.00305,-0.00305,0.10745,1.0,466
41.0,81.0,0.79988,3.14282,0.04785,0.00122,0.00122,0.0003,1.0,274
42.0,38.0,0.9178,2.87764,0.04968,-2e-05,-2e-05,0.12751,1.0,74
42.0,39.0,0.94022,3.1502,0.05703,0.00895,0.00895,0.12092,1.0,305
42.0,40.0,0.89969,3.09491,0.06801,0.01542,0.01542,0.13654,1.0,561
42.0,41.0,0.84674,2.99941,0.07447,-0.01275,-0.01275,0.1312,1.0,251
42.0,56.0,0.75298,6.1699,0.09457,0.06723,0.06723,0.16346,1.0,95
42.0,57.0,0.85716,6.16019,0.07871,0.01951,0.01951,0.11376,1.0,334
42.0,58.0,0.93504,5.98649,0.05666,-0.01638,-0.01638,0.13428,1.0,361
42.0,59.0,0.88497,6.02896,0.03238,0.0415,0.0415,0.25603,0.79296,232
42.0,59.0,1.31868,5.61271,0.00975,-0.0028,-0.0028,0.01037,0.20704,232
42.0,60.0,1.0057,5.84408,0.0667,-0.02219,-0.02219,0.15765,1.0,164
42.0,61.0,0.91634,5.74731,0.07268,-0.01379,-0.01379,0.1558,1.0,119
42.0,78.0,0.96647,3.26467,0.00287,0.01632,0.01632,0.09285,1.0,32
42.0,79.0,0.90931,3.17667,0.0427,0.00121,0.00121,0.10046,1.0,177
42.0,80.0,0.84145,3.12027,0.06438,0.00918,0.00918,0.11766,1.0,479
42.0,81.0,0.73103,3.14364,0.05353,0.00025,0.00025,0.00018,1.0,282
43.0,38.0,1.03084,2.82133,0.0001,0.00015,0.00015,0.00022,1.0,67
43.0,39.0,0.92179,3.16315,0.06736,0.01214,0.01214,0.14078,1.0,298
43.0,40.0,0.82649,3.1465,0.07055,-0.00201,-0.00201,0.00047,1.0,560
43.0,41.0,0.8219,3.14541,0.07378,-0.00188,-0.00188,0.00068,1.0,208
43.0,56.0,0.71363,6.14194,0.09906,0.00375,0.00375,0.13409,1.0,135
43.0,57.0,0.82915,6.16051,0.09536,0.0086,0.0086,0.14617,1.0,391
43.0,58.0,0.91923,6.1009,0.0592,-0.01977,-0.01977,0.31356,0.82352,383
43.0,58.0,0.96637,6.27611,0.03018,0.00225,0.00225,0.00022,0.17648,383
43.0,59.0,0.99114,5.73698,0.05428,0.00684,0.00684,0.12495,1.0,241
43.0,60.0,0.95802,5.7528,0.09069,0.00241,0.00241,0.10994,1.0,154
43.0,61.0,1.09318,0.0122,0.00067,-0.00582,-0.00582,0.05156,1.0,88
43.0,79.0,0.77909,2.88473,0.07255,0.04338,0.04338,0.13432,1.0,181
43.0,80.0,0.80391,3.22537,0.08825,-0.00608,-0.00608,0.23948,1.0,479
43.0,81.0,0.85823,3.2737,0.09754,0.013,0.013,0.12883,1.0,287
44.0,38.0,0.94349,3.23608,0.07346,0.0209,0.0209,0.123,1.0,72
44.0,39.0,0.89771,3.08322,0.05472,0.01145,0.01145,0.147,1.0,324
44.0,40.0,0.89118,3.14494,0.04789,0.00016,0.00016,0.00027,1.0,595
44.0,41.0,0.98055,3.15059,0.0397,-0.00049,-0.00049,0.00021,1.0,154
44.0,56.0,0.82434,6.25093,0.07866,0.01819,0.01819,0.13104,1.0,142
44.0,57.0,0.83165,6.23382,0.07471,0.02875,0.02875,0.16719,1.0,430
44.0,58.0,0.89598,6.09205,0.06485,0.00267,0.00267,0.20001,1.0,398
44.0,59.0,0.9933,6.0404,0.02917,0.00786,0.00786,0.24249,1.0,223
44.0,60.0,0.89791,0.09402,0.03759,0.0084,0.0084,0.10652,1.0,126
44.0,61.0,0.94637,6.09613,0.04433,-0.02097,-0.02097,0.10752,1.0,75
44.0,79.0,0.68856,3.23448,0.05822,-0.06935,-0.06935,0.41892,1.0,176
44.0,80.0,0.88191,3.21729,0.05853,-0.00537,-0.00537,0.13707,0.89854,488
44.0,80.0,0.33159,2.45433,0.00226,0.02776,0.02776,0.39528,0.10146,488
44.0,81.0,0.89833,3.2944,0.05652,0.0034,0.0034,0.07771,1.0,283
45.0,38.0,0.62428,2.939,0.00441,-0.01359,-0.01359,0.05084,1.0,77
45.0,39.0,0.81893,3.16647,0.05152,0.01164,0.01164,0.17647,1.0,332
45.0,40.0,0.88809,3.14183,0.05876,0.00174,0.00174,0.00052,1.0,638
45.0,41.0,0.96021,3.14284,0.05199,0.00128,0.00128,0.00071,1.0,159
45.0,56.0,0.9409,0.13459,0.03511,-0.00792,-0.00792,0.1147,1.0,146
45.0,57.0,0.84702,6.24869,0.05678,0.0321,0.0321,0.14937,1.0,448
45.0,58.0,0.86362,6.09424,0.05482,0.00293,0.00293,0.14422,1.0,391
45.0,59.0,0.86475,6.10602,0.09558,-5e-05,-5e-05,0.13218,1.0,193
45.0,60.0,0.96971,6.09192,0.08236,-0.04981,-0.04981,0.10947,1.0,116
45.0,61.0,1.01713,5.78274,0.03313,-0.01984,-0.01984,0.12938,1.0,71
45.0,78.0,0.97749,2.9325,0.01591,-0.01691,-0.01691,0.02503,1.0,29
45.0,79.0,0.92702,2.9765,0.01378,-0.02063,-0.02063,0.18056,1.0,181
45.0,80.0,0.82643,3.11802,0.05479,-0.0056,-0.0056,0.10898,0.89729,492
45.0,80.0,0.3227,2.39927,0.00171,0.02476,0.02476,0.4042,0.10271,492
45.0,81.0,0.81697,3.23021,0.06169,0.0132,0.0132,0.10809,0.89219,284
45.0,81.0,0.2944,1.9784,0.00044,0.00599,0.00599,0.14572,0.10781,284
46.0,39.0,0.79842,3.12962,0.05829,0.00263,0.00263,0.18934,1.0,327
46.0,40.0,0.87257,3.13942,0.06457,0.00187,0.00187,0.00071,1.0,688
46.0,41.0,0.96769,3.31106,0.02947,-0.00762,-0.00762,0.04002,1.0,202
46.0,56.0,0.80059,0.04517,0.07423,0.01391,0.01391,0.12147,1.0,163
46.0,57.0,0.84346,6.21601,0.05533,0.01497,0.01497,0.13668,1.0,496
46.0,58.0,0.90918,6.17882,0.0491,-0.00083,-0.00083,0.15715,1.0,396
46.0,59.0,0.90645,6.0716,0.10724,-0.02966,-0.02966,0.20691,1.0,167
46.0,60.0,1.0588,5.70873,0.04636,0.00554,0.00554,0.11586,1.0,81
46.0,61.0,0.99053,5.52925,0.00925,-0.01769,-0.01769,0.03454,1.0,50
46.0,79.0,0.86724,3.10666,0.0312,0.0158,0.0158,0.18572,0.75135,185
46.0,79.0,0.64724,0.21052,0.13603,0.03784,0.03784,1.06281,0.24865,185
46.0,80.0,0.78792,3.05905,0.07153,0.01841,0.01841,0.15085,1.0,507
46.0,81.0,0.86909,3.29237,0.04135,0.00643,0.00643,0.13011,1.0,303
46.0,82.0,1.16526,3.7255,0.00076,0.00032,0.00032,0.00013,1.0,35
47.0,38.0,0.89831,2.73786,0.0699,0.04467,0.04467,0.18001,1.0,62
47.0,39.0,0.78655,3.06143,0.06492,0.0088,0.0088,0.18664,1.0,331
47.0,40.0,0.91205,3.14153,0.03174,-0.00069,-0.00069,0.00022,0.4745,685
47.0,40.0,0.74068,3.30561,0.08228,-0.02127,-0.02127,0.33617,0.5255,685
47.0,41.0,0.83025,3.25439,0.06314,-0.01263,-0.01263,0.06489,1.0,215
47.0,56.0,0.8171,0.13236,0.05661,-0.00699,-0.00699,0.08969,1.0,187
47.0,57.0,0.87402,0.00348,0.04937,-0.0059,-0.0059,0.13543,1.0,533
47.0,58.0,0.88639,6.26313,0.05421,-0.00172,-0.00172,0.15337,1.0,420
47.0,59.0,0.89492,6.07754,0.05737,-0.04593,-0.04593,0.25013,1.0,169
47.0,60.0,1.07205,5.70549,0.00413,-0.00563,-0.00563,0.17474,1.0,72
47.0,79.0,0.82199,3.19353,0.09432,0.09874,0.09874,0.24624,0.7931,179
47.0,79.0,0.71965,6.08991,0.13223,0.14056,0.14056,0.39457,0.2069,179
47.0,80.0,0.84018,3.18312,0.0697,0.01822,0.01822,0.10347,1.0,505
47.0,81.0,0.88516,3.36834,0.07061,0.00172,0.00172,0.11391,1.0,297
47.0,82.0,0.92754,3.51233,0.01176,-0.00731,-0.00731,0.00455,1.0,46
48.0,39.0,0.7945,3.20294,0.07575,-0.01266,-0.01266,0.22261,1.0,331
48.0,40.0,0.87121,3.14361,0.04091,-0.00094,-0.00094,0.00042,0.93333,669
48.0,40.0,0.40305,3.96925,0.00118,0.00105,0.00105,0.00138,0.06667,669
48.0,41.0,0.93669,3.14541,0.0243,-0.0006,-0.0006,0.00023,1.0,199
48.0,56.0,0.78983,0.22655,0.06017,0.01071,0.01071,0.17332,1.0,202
48.0,57.0,0.85623,0.0453,0.05387,-0.00499,-0.00499,0.17247,1.0,560
48.0,58.0,0.89651,6.26317,0.05946,-0.02276,-0.02276,0.21901,1.0,422
48.0,59.0,0.8917,6.13141,0.06762,-0.02001,-0.02001,0.26609,1.0,162
48.0,60.0,1.00932,6.02106,0.00265,0.01844,0.01844,0.17314,1.0,75
48.0,79.0,0.64368,3.092,0.08618,-0.01651,-0.01651,0.26009,1.0,162
48.0,80.0,0.84374,3.18263,0.07204,0.03507,0.03507,0.13655,1.0,477
48.0,81.0,0.93146,3.21626,0.05298,0.02873,0.02873,0.12873,1.0,290
48.0,82.0,0.83252,3.1395,0.01064,-0.00042,-0.00042,0.0003,1.0,51
49.0,39.0,0.89284,3.11514,0.06477,-0.00586,-0.00586,0.11765,1.0,301
49.0,40.0,0.9166,3.23381,0.05034,-0.00525,-0.00525,0.10175,1.0,687
49.0,41.0,0.93726,3.33879,0.03729,-0.03181,-0.03181,0.08323,1.0,229
49.0,56.0,0.85528,0.22128,0.05976,0.00597,0.00597,0.1112,1.0,210
49.0,57.0,0.87494,0.04796,0.04663,0.01738,0.01738,0.14537,1.0,583
49.0,58.0,0.88296,6.27841,0.05145,-0.00508,-0.00508,0.20051,1.0,402
49.0,59.0,0.85501,6.28073,0.0564,-0.00031,-0.00031,0.00049,1.0,155
49.0,60.0,0.99392,0.00011,0.00172,0.00014,0.00014,0.00025,1.0,66
49.0,79.0,0.63792,3.12262,0.05982,0.00227,0.00227,0.00034,0.43818,140
49.0,79.0,0.70517,1.69636,0.0908,0.08904,0.08904,2.29917,0.56182,140
49.0,80.0,0.82493,3.15641,0.07059,-0.02023,-0.02023,0.1624,0.9149,493
49.0,80.0,0.54586,5.87541,0.17185,0.12396,0.12396,0.45715,0.0851,493
49.0,81.0,0.87872,3.06387,0.04085,0.00651,0.00651,0.12189,1.0,300
49.0,82.0,0.89862,2.8865,0.0082,0.0153,0.0153,0.14019,1.0,41
50.0,38.0,1.00738,2.8526,0.03274,-0.03448,-0.03448,0.07423,1.0,29
50.0,39.0,0.88781,3.10797,0.03346,-0.01577,-0.01577,0.11488,1.0,237
50.0,40.0,0.93489,3.14707,0.04063,-0.00107,-0.00107,0.00045,0.9661,698
50.0,40.0,0.20882,4.687,0.02837,-0.00219,-0.00219,0.00017,0.0339,698
50.0,41.0,0.955,3.33591,0.02366,0.00211,0.00211,0.06116,0.79896,295
50.0,41.0,0.44465,3.75751,0.02654,-0.06918,-0.06918,0.45402,0.20104,295
50.0,56.0,0.95198,0.35354,0.02183,-0.00632,-0.00632,0.00271,1.0,179
50.0,57.0,0.88376,0.07624,0.04687,0.00544,0.00544,0.08147,1.0,589
50.0,58.0,0.89442,6.23099,0.05125,-0.01244,-0.01244,0.10884,1.0,417
50.0,59.0,0.90137,6.28181,0.0434,0.00264,0.00264,0.00036,1.0,151
50.0,60.0,0.98279,6.17809,0.0246,0.04146,0.04146,0.10211,1.0,54
50.0,79.0,0.84307,2.92578,0.03537,-0.04871,-0.04871,0.2303,0.68841,145
50.0,79.0,0.55793,6.26898,0.1384,-0.00764,-0.00764,0.73639,0.31159,145
50.0,80.0,0.83337,3.09772,0.06291,-0.02586,-0.02586,0.1699,1.0,484
50.0,81.0,0.85082,3.17794,0.04142,-0.01354,-0.01354,0.14647,1.0,307
51.0,38.0,0.77907,3.1405,0.00941,-0.00093,-0.00093,0.0001,1.0,42
51.0,39.0,0.94049,3.05354,0.02835,-0.02159,-0.02159,0.07772,1.0,235
51.0,40.0,0.91725,3.14317,0.03306,-0.00065,-0.00065,0.00046,1.0,630
51.0,41.0,0.93972,3.28257,0.02399,0.00948,0.00948,0.0541,0.82674,332
51.0,41.0,0.40233,3.82242,0.07096,-0.21801,-0.21801,0.94725,0.17326,332
51.0,56.0,0.98888,0.34211,0.02197,-0.0057,-0.0057,0.0025,1.0,70
51.0,57.0,0.82378,0.00333,0.05397,-0.00071,-0.00071,0.00054,1.0,586
51.0,58.0,0.91019,6.21272,0.05126,-0.00195,-0.00195,0.12281,1.0,507
51.0,59.0,0.97072,6.18006,0.02928,-0.02189,-0.02189,0.11666,1.0,128
51.0,60.0,1.02033,6.28126,0.00418,-0.00074,-0.00074,0.00019,1.0,62
51.0,79.0,0.89895,2.96579,0.07853,-0.08771,-0.08771,0.3347,0.82759,161
51.0,79.0,0.80807,0.29996,0.1125,-0.01691,-0.01691,0.08732,0.17241,161
51.0,80.0,0.86275,3.11815,0.08358,-0.02463,-0.02463,0.16198,1.0,479
51.0,81.0,0.87131,3.36445,0.04387,-0.02707,-0.02707,0.12726,1.0,325
52.0,39.0,0.93574,3.08245,0.0335,-0.00249,-0.00249,0.1342,1.0,232
52.0,40.0,0.92131,3.18227,0.04502,-0.01108,-0.01108,0.10441,1.0,578
52.0,41.0,0.88427,3.1388,0.03944,0.00059,0.00059,0.00034,1.0,318
52.0,57.0,0.90066,6.28247,0.0398,-0.00016,-0.00016,0.00033,1.0,617
52.0,58.0,0.92368,6.25313,0.03406,-0.00393,-0.00393,0.10358,1.0,572
52.0,59.0,0.93624,6.04889,0.02771,-0.02319,-0.02319,0.14457,1.0,145
52.0,60.0,0.88334,6.00093,0.04822,-0.04127,-0.04127,0.13086,1.0,67
52.0,79.0,0.82022,3.12423,0.0678,-0.02227,-0.02227,0.16148,1.0,163
52.0,80.0,0.90296,3.14645,0.06105,0.00931,0.00931,0.12885,1.0,481
52.0,81.0,0.90012,3.1485,0.0496,-0.00134,-0.00134,0.00032,1.0,311
52.0,82.0,0.80129,3.2458,0.10992,-0.01702,-0.01702,0.07586,1.0,38
53.0,39.0,0.88683,3.32855,0.06643,-0.00421,-0.00421,0.13962,1.0,206
53.0,40.0,0.9202,3.18441,0.05176,-0.01289,-0.01289,0.12949,1.0,618
53.0,41.0,0.90363,3.14183,0.04259,0.00022,0.00022,0.00025,1.0,364
53.0,57.0,0.92759,6.28256,0.03627,0.00028,0.00028,0.00032,1.0,626
53.0,58.0,0.96411,6.04139,0.03479,-0.01045,-0.01045,0.11139,1.0,605
53.0,59.0,0.99031,5.80141,0.0294,-0.01224,-0.01224,0.04191,1.0,135
53.0,79.0,0.8533,3.32073,0.05029,0.00448,0.00448,0.09751,1.0,159
53.0,80.0,0.91654,3.27937,0.04414,-0.01529,-0.01529,0.10489,1.0,485
53.0,81.0,0.92567,3.28762,0.0457,-0.00478,-0.00478,0.1097,1.0,294
53.0,82.0,1.05613,3.14667,0.00214,0.0074,0.0074,0.07287,1.0,37
54.0,39.0,0.88914,3.01965,0.05998,0.01923,0.01923,0.16102,1.0,158
54.0,40.0,0.94005,3.24172,0.05852,-0.00438,-0.00438,0.12357,1.0,615
54.0,41.0,0.92403,3.31105,0.05265,0.00752,0.00752,0.08464,1.0,410
54.0,56.0,1.02467,5.97392,0.01624,0.00114,0.00114,0.00018,1.0,117
54.0,57.0,0.93423,6.00043,0.036,0.00858,0.00858,0.07585,1.0,709
54.0,58.0,0.93308,5.86107,0.04921,-0.01119,-0.01119,0.10742,0.96552,503
54.0,58.0,0.34414,4.424,0.02421,0.0543,0.0543,0.1218,0.03448,503
54.0,59.0,1.07485,5.65708,0.04185,-0.01987,-0.01987,0.04102,1.0,106
54.0,79.0,0.73961,3.0841,0.10792,-0.03063,-0.03063,0.18167,0.72727,176
54.0,79.0,0.63035,5.93142,0.22383,0.1356,0.1356,0.3075,0.27273,176
54.0,80.0,0.85997,3.23097,0.08757,-0.03838,-0.03838,0.36424,0.95161,497
54.0,80.0,0.82375,6.19206,0.04228,-0.02873,-0.02873,0.02007,0.04839,497
54.0,81.0,0.89724,3.18241,0.07309,-0.01702,-0.01702,0.17156,1.0,271
55.0,39.0,0.88921,3.1108,0.0528,0.0294,0.0294,0.14485,1.0,100
55.0,40.0,0.93734,3.33844,0.04411,-0.00705,-0.00705,0.07901,1.0,563
55.0,41.0,0.90939,3.38656,0.05345,0.00893,0.00893,0.07078,1.0,471
55.0,42.0,0.95642,3.3239,0.05418,0.00994,0.00994,0.03201,1.0,66
55.0,56.0,0.95993,5.79975,0.06115,-0.01529,-0.01529,0.04729,1.0,351
55.0,57.0,0.98821,5.7899,0.06655,-0.01227,-0.01227,0.06781,1.0,783
55.0,58.0,1.03687,5.63528,0.07716,-0.01511,-0.01511,0.06774,1.0,300
55.0,79.0,0.67003,3.05902,0.11347,-0.08832,-0.08832,0.35526,0.85186,189
55.0,79.0,0.6198,6.0638,0.14973,0.0557,0.0557,0.04803,0.14814,189
55.0,80.0,0.79298,2.99386,0.09504,0.01862,0.01862,0.20622,1.0,490
55.0,81.0,0.81246,3.17684,0.091,-0.00908,-0.00908,0.14478,1.0,263
55.0,82.0,0.92635,3.394,0.01954,-0.00892,-0.00892,0.14659,1.0,31
56.0,40.0,0.92213,3.34217,0.03678,-0.00365,-0.00365,0.05697,0.87834,351
56.0,40.0,0.38934,4.189,0.0101,0.00388,0.00388,0.30875,0.12166,351
56.0,41.0,0.96081,3.54773,0.05881,0.0127,0.0127,0.07954,1.0,588
56.0,42.0,1.08933,3.76607,0.02791,-0.00835,-0.00835,0.06375,1.0,288
56.0,56.0,1.01724,5.65976,0.09309,-0.01528,-0.01528,0.07863,1.0,580
56.0,57.0,1.06169,5.7421,0.08879,-0.06086,-0.06086,0.126,1.0,558
56.0,58.0,1.10103,5.47538,0.0277,-0.0128,-0.0128,0.06882,1.0,75
56.0,79.0,0.72134,2.92713,0.06687,-0.00484,-0.00484,0.22254,1.0,239
56.0,80.0,0.76261,2.97397,0.08474,0.03251,0.03251,0.16779,1.0,489
56.0,81.0,0.85455,3.14207,0.06071,-0.00085,-0.00085,0.00039,1.0,221
57.0,40.0,0.78704,3.3803,0.06011,-0.04838,-0.04838,0.18514,1.0,169
57.0,41.0,0.95859,3.62266,0.07714,0.01598,0.01598,0.11254,0.95779,461
57.0,41.0,0.45112,4.72636,0.00837,-0.00349,-0.00349,0.00288,0.04221,461
57.0,42.0,1.01617,3.93284,0.06144,-0.02533,-0.02533,0.07754,1.0,492
57.0,43.0,0.9675,4.14648,0.11813,-0.09847,-0.09847,0.20096,1.0,360
57.0,44.0,0.49662,4.77602,0.09679,-0.14474,-0.14474,0.55278,1.0,46
57.0,55.0,1.14886,5.57759,0.06115,-0.01474,-0.01474,0.04781,0.84486,488
57.0,55.0,0.45368,5.71082,0.00476,-0.01941,-0.01941,0.11494,0.15514,488
57.0,56.0,0.98337,5.75803,0.0821,-0.03599,-0.03599,0.11956,0.57622,773
57.0,56.0,1.20383,5.5007,0.10786,-0.00136,-0.00136,0.00012,0.42378,773
57.0,57.0,1.02185,5.71339,0.03185,-0.04548,-0.04548,0.14077,1.0,143
57.0,79.0,0.84963,2.72219,0.05634,0.00481,0.00481,0.16703,1.0,337
57.0,80.0,0.86411,2.91685,0.06401,-0.00222,-0.00222,0.11163,1.0,456
57.0,81.0,0.93481,2.83918,0.05601,0.00662,0.00662,0.08929,1.0,125
58.0,40.0,0.74684,3.44567,0.03974,-0.08174,-0.08174,0.28189,1.0,57
58.0,41.0,0.79662,3.61528,0.0762,-0.05267,-0.05267,0.34855,1.0,158
58.0,42.0,1.01875,3.93564,0.06634,-0.02982,-0.02982,0.11425,1.0,481
58.0,43.0,0.89279,4.04106,0.11248,-0.00143,-0.00143,0.11486,0.97917,591
58.0,43.0,0.6324,2.8755,0.00651,-0.01521,-0.01521,0.03553,0.02083,591
58.0,44.0,0.84213,3.97172,0.12152,0.03265,0.03265,0.17637,1.0,335
58.0,54.0,1.03915,5.53917,0.09731,-0.00152,-0.00152,0.04616,1.0,482
58.0,55.0,1.1053,5.5646,0.09439,-0.02382,-0.02382,0.06085,0.9359,785
58.0,55.0,0.3972,5.36729,0.00755,0.03103,0.03103,0.13599,0.0641,785
58.0,56.0,0.91999,5.6494,0.07264,-0.04738,-0.04738,0.11984,1.0,226
58.0,57.0,0.94547,5.68262,0.01803,-0.02089,-0.02089,0.1457,1.0,40
58.0,78.0,0.8525,2.55409,0.0399,-0.02824,-0.02824,0.07197,1.0,148
58.0,79.0,0.91634,2.37726,0.05763,-0.01612,-0.01612,0.5982,1.0,461
58.0,80.0,0.98703,2.70346,0.07395,-0.00516,-0.00516,0.09872,1.0,337
59.0,40.0,0.94167,2.7455,0.02293,0.00966,0.00966,0.00426,1.0,17
59.0,41.0,0.65111,4.16829,0.0237,-0.00417,-0.00417,0.23575,1.0,43
59.0,42.0,1.07384,4.04856,0.07296,-0.04485,-0.04485,0.18171,1.0,121
59.0,43.0,0.92406,3.96632,0.11481,-0.00998,-0.00998,0.12112,1.0,438
59.0,44.0,0.91219,3.88612,0.08396,0.02484,0.02484,0.09912,0.95826,547
59.0,44.0,0.2879,4.63166,0.00395,0.00383,0.00383,0.0161,0.04174,547
59.0,45.0,0.96924,3.90464,0.07868,-0.00522,-0.00522,0.04803,1.0,254
59.0,53.0,1.01431,5.5376,0.09843,-0.00772,-0.00772,0.03094,1.0,452
59.0,54.0,1.09615,5.49258,0.09166,0.00328,0.00328,0.05753,1.0,762
59.0,55.0,0.92396,5.3421,0.08268,0.01199,0.01199,0.11145,1.0,282
59.0,56.0,0.82958,5.42308,0.10015,-0.01316,-0.01316,0.15129,1.0,60
59.0,57.0,1.00735,5.3924,0.08021,0.01695,0.01695,0.04872,1.0,11
59.0,77.0,1.01531,2.44822,0.01546,0.00786,0.00786,0.01015,1.0,58
59.0,78.0,0.92148,2.53017,0.1047,-0.04534,-0.04534,0.08327,0.82691,311
59.0,78.0,0.64274,5.27383,0.13084,0.02284,0.02284,0.24241,0.17309,311
59.0,79.0,0.9761,2.60593,0.1106,-0.05239,-0.05239,0.08091,0.95833,438
59.0,79.0,0.8912,5.667,0.00682,-0.01272,-0.01272,0.02372,0.04167,438
59.0,80.0,1.06607,2.85747,0.03772,-0.03039,-0.03039,0.09165,1.0,198
60.0,40.0,0.90295,2.7375,0.0337,0.01237,0.01237,0.00471,1.0,15
60.0,42.0,1.0776,4.094,0.10006,-0.07121,-0.07121,0.30227,1.0,36
60.0,43.0,1.04197,3.84076,0.09474,-0.00739,-0.00739,0.27001,1.0,132
60.0,44.0,0.9654,3.80463,0.08291,0.02498,0.02498,0.1259,1.0,469
60.0,45.0,1.01719,3.88427,0.05698,0.0017,0.0017,0.06667,1.0,536
60.0,46.0,1.10818,3.91659,0.05288,-0.00263,-0.00263,0.03376,1.0,219
60.0,52.0,1.05166,5.42916,0.08398,0.00696,0.00696,0.04696,1.0,459
60.0,53.0,1.09682,5.49811,0.09886,-0.00162,-0.00162,0.03521,1.0,737
60.0,54.0,1.08067,5.46912,0.07445,-0.00245,-0.00245,0.09084,1.0,270
60.0,55.0,0.98624,5.1579,0.04294,0.0207,0.0207,0.13866,1.0,77
60.0,56.0,0.99242,5.3117,0.07108,0.00261,0.00261,0.09281,1.0,27
60.0,77.0,1.05031,2.45803,0.06363,-0.00266,-0.00266,0.05717,1.0,274
60.0,78.0,1.03945,2.43174,0.09476,0.00509,0.00509,0.05397,0.92063,495
60.0,78.0,0.97899,5.079,0.09034,0.08459,0.08459,0.09881,0.07937,495
60.0,79.0,1.09096,2.62882,0.04664,-0.03976,-0.03976,0.07759,0.63336,238
60.0,79.0,0.64272,3.9845,0.09375,0.10466,0.10466,1.68821,0.36664,238
61.0,42.0,0.97091,4.4026,0.02095,-0.04872,-0.04872,0.30545,1.0,11
61.0,43.0,1.11167,4.16591,0.0644,-0.07242,-0.07242,0.27179,1.0,44
61.0,44.0,0.96899,3.945,0.07927,0.01598,0.01598,0.32252,1.0,138
61.0,45.0,0.99617,3.83961,0.08469,0.03774,0.03774,0.1084,1.0,484
61.0,46.0,1.09163,3.94822,0.06653,0.00706,0.00706,0.07377,1.0,519
61.0,47.0,1.18494,4.17358,0.04465,-0.04303,-0.04303,0.09537,1.0,440
61.0,48.0,0.88512,4.86158,0.04077,-0.01495,-0.01495,0.16229,1.0,184
61.0,49.0,0.85557,5.04585,0.07369,-0.0601,-0.0601,0.27269,1.0,252
61.0,50.0,0.96346,4.96364,0.03647,-0.00072,-0.00072,0.09671,1.0,368
61.0,51.0,0.96678,5.13758,0.04682,0.01522,0.01522,0.09662,1.0,584
61.0,52.0,1.06598,5.31722,0.06119,0.01314,0.01314,0.06265,1.0,737
61.0,53.0,1.09199,5.327,0.06139,0.00731,0.00731,0.08659,1.0,299
61.0,76.0,1.03846,2.28071,0.0813,0.0287,0.0287,0.07357,1.0,270
61.0,77.0,1.03208,2.39747,0.08697,-0.00046,-0.00046,0.06618,0.9661,479
61.0,77.0,0.45775,1.572,0.00945,0.00117,0.00117,0.00014,0.0339,479
61.0,78.0,0.9049,2.3636,0.09735,0.00712,0.00712,0.13605,1.0,282
61.0,79.0,0.82235,2.43745,0.0667,0.00242,0.00242,0.17255,1.0,85
62.0,45.0,0.84282,3.90191,0.08475,0.00802,0.00802,0.2353,1.0,135
62.0,46.0,1.19348,3.98611,0.03799,-0.0074,-0.0074,0.04608,0.72652,493
62.0,46.0,0.65926,4.07502,0.0308,-0.00503,-0.00503,0.2591,0.27348,493
62.0,47.0,0.9904,4.26386,0.0775,-0.03503,-0.03503,0.15309,1.0,575
62.0,48.0,0.96426,4.59358,0.07443,-0.08387,-0.08387,0.26182,1.0,753
62.0,49.0,0.93322,4.77758,0.04123,-0.00772,-0.00772,0.12278,1.0,741
62.0,50.0,0.93155,4.8629,0.0479,0.00608,0.00608,0.09971,1.0,752
62.0,51.0,0.99794,4.97187,0.05096,0.02153,0.02153,0.10617,1.0,609
62.0,52.0,1.02827,5.02767,0.04732,0.00547,0.00547,0.10688,1.0,284
62.0,53.0,1.0734,4.98409,0.03277,0.00868,0.00868,0.11383,1.0,111
62.0,54.0,1.36448,5.383,0.01025,0.01103,0.01103,0.01188,1.0,49
62.0,75.0,0.97808,2.50826,0.05978,0.0163,0.0163,0.09251,1.0,207
62.0,76.0,1.01263,2.4487,0.09241,-0.01251,-0.01251,0.10246,1.0,473
62.0,77.0,0.9885,2.41811,0.08194,-0.00827,-0.00827,0.10571,1.0,296
63.0,46.0,0.7211,4.28682,0.08696,0.00829,0.00829,0.25463,1.0,137
63.0,47.0,0.92014,4.151,0.09947,-0.0485,-0.0485,0.13633,1.0,308
63.0,48.0,1.07751,4.46693,0.00211,-0.00885,-0.00885,0.04982,0.31916,430
63.0,48.0,0.88366,4.57669,0.07517,-0.01894,-0.01894,0.21336,0.68084,430
63.0,51.0,0.91534,4.885,0.07202,-0.01769,-0.01769,0.20576,1.0,182
63.0,60.0,0.7339,1.415,0.00213,-0.00857,-0.00857,0.04017,1.0,44
63.0,64.0,0.97077,1.0636,0.13794,-0.0608,-0.0608,0.15811,1.0,46
63.0,74.0,1.07947,2.31839,0.02464,-0.00122,-0.00122,0.04037,1.0,187
63.0,75.0,0.99981,2.54938,0.07375,-0.02971,-0.02971,0.08076,1.0,409
63.0,76.0,1.07752,2.53592,0.08234,-0.0323,-0.0323,0.08762,1.0,409
64.0,50.0,0.79857,1.405,0.10426,-0.01787,-0.01787,0.26029,1.0,167
64.0,51.0,0.77969,1.48088,0.07726,-0.00782,-0.00782,0.22664,1.0,136
64.0,52.0,0.83521,1.966,0.02189,-0.01064,-0.01064,0.00555,1.0,149
64.0,53.0,0.72541,1.30923,0.13558,-0.05653,-0.05653,0.12225,1.0,154
64.0,54.0,0.64435,1.57056,0.03513,0.00165,0.00165,0.00021,1.0,148
64.0,55.0,0.85713,1.48638,0.06789,-0.01866,-0.01866,0.09972,1.0,141
64.0,56.0,0.87002,1.50355,0.03376,0.00659,0.00659,0.21325,1.0,143
64.0,57.0,0.70846,1.57829,0.05619,0.03244,0.03244,0.14291,1.0,141
64.0,58.0,0.70883,1.57931,0.05719,-0.00367,-0.00367,0.00054,1.0,150
64.0,59.0,0.78033,1.30279,0.0615,-0.02651,-0.02651,0.42322,0.85714,183
64.0,59.0,0.94281,4.321,0.02098,0.01003,0.01003,0.00493,0.14286,183
64.0,60.0,0.71924,1.2115,0.07394,0.04603,0.04603,0.13956,1.0,179
64.0,61.0,0.76669,1.06868,0.0757,-0.02642,-0.02642,0.18289,1.0,194
64.0,62.0,0.77139,1.49729,0.09051,0.06049,0.06049,0.43907,1.0,192
64.0,63.0,0.74059,1.55826,0.08388,-0.04526,-0.04526,0.14117,1.0,193
64.0,64.0,0.78636,1.3711,0.0927,-0.01125,-0.01125,0.30043,1.0,188
64.0,65.0,0.82541,1.275,0.06352,0.01887,0.01887,0.19695,1.0,178
64.0,66.0,0.94452,1.21,0.03594,-0.00323,-0.00323,0.11547,1.0,194
64.0,67.0,0.96868,1.21575,0.00852,0.00533,0.00533,0.00397,1.0,172
64.0,68.0,0.95278,1.28386,0.04471,-0.02362,-0.02362,0.04287,1.0,78
64.0,70.0,0.79857,1.81714,0.08519,0.00161,0.00161,0.05723,1.0,186
64.0,71.0,0.72297,1.73476,0.09034,-0.03152,-0.03152,0.11479,1.0,282
64.0,72.0,0.76694,1.56015,0.07667,0.00335,0.00335,0.00041,1.0,351
64.0,73.0,0.90691,1.87412,0.06343,0.00781,0.00781,0.06583,1.0,434
64.0,74.0,0.96188,2.17758,0.06795,0.00686,0.00686,0.0798,0.96774,526
64.0,74.0,0.26459,3.165,0.01126,0.00159,0.00159,0.00023,0.03226,526
64.0,75.0,1.07541,2.38964,0.06673,-0.00641,-0.00641,0.06809,1.0,537
64.0,76.0,1.1123,2.6028,0.06951,-0.07201,-0.07201,0.11113,1.0,127
65.0,45.0,1.02639,1.6535,0.00758,0.01151,0.01151,0.01868,1.0,116
65.0,46.0,0.99318,1.545,0.01835,-0.01263,-0.01263,0.07832,1.0,142
65.0,47.0,0.98951,1.43312,0.02371,-0.04339,-0.04339,0.09464,1.0,167
65.0,48.0,0.97239,1.83918,0.02639,0.00065,0.00065,0.13014,1.0,224
65.0,49.0,0.90189,1.63678,0.04026,-0.01435,-0.01435,0.20061,1.0,258
65.0,50.0,0.83461,1.44194,0.06816,-0.00407,-0.00407,0.28439,1.0,270
65.0,51.0,0.84192,1.55867,0.06778,0.0028,0.0028,0.28818,1.0,315
65.0,52.0,0.89373,1.62128,0.05172,-0.02889,-0.02889,0.14646,1.0,338
65.0,53.0,0.9053,1.61047,0.0426,-0.00286,-0.00286,0.12794,1.0,369
65.0,54.0,0.83684,1.5507,0.0566,-0.00454,-0.00454,0.12935,0.89517,387
65.0,54.0,0.49827,2.63524,0.01384,-0.00637,-0.00637,0.15462,0.10483,387
65.0,55.0,0.88769,1.51169,0.04696,-0.00622,-0.00622,0.18002,1.0,375
65.0,56.0,0.88231,1.36547,0.05223,0.05692,0.05692,0.26171,1.0,377
65.0,57.0,0.97794,1.61563,0.01816,-0.00227,-0.00227,0.11737,0.64906,382
65.0,57.0,0.47247,1.41127,0.01683,-0.02258,-0.02258,0.65707,0.35094,382
65.0,58.0,0.82138,1.63527,0.07592,0.00141,0.00141,0.11041,1.0,420
65.0,59.0,0.83293,1.59087,0.06427,9e-05,9e-05,0.15459,1.0,419
65.0,60.0,0.85228,1.57,0.06206,-0.00146,-0.00146,0.00035,1.0,430
65.0,61.0,0.94723,1.61964,0.0279,-0.02283,-0.02283,0.0944,0.7007,442
65.0,61.0,0.61165,1.02782,0.06135,-0.09006,-0.09006,0.27934,0.2993,442
65.0,62.0,0.82997,1.62676,0.06281,-0.01198,-0.01198,0.17535,0.9434,447
65.0,62.0,0.26414,3.11633,0.00341,-0.00193,-0.00193,0.00109,0.0566,447
65.0,63.0,0.86514,1.59863,0.04154,0.01161,0.01161,0.13072,0.76575,435
65.0,63.0,0.38989,2.0748,0.02323,-0.0056,-0.0056,0.34164,0.23425,435
65.0,64.0,0.81093,1.65873,0.05991,-0.01959,-0.01959,0.13471,1.0,437
65.0,65.0,0.83728,1.50761,0.05603,0.01379,0.01379,0.16964,1.0,429
65.0,66.0,0.82505,1.56427,0.04532,0.00054,0.00054,0.00041,1.0,456
65.0,67.0,0.87623,1.57028,0.03489,0.00144,0.00144,0.00031,1.0,477
65.0,68.0,0.94877,1.55392,0.04554,-0.03227,-0.03227,0.11871,1.0,458
65.0,69.0,0.95334,1.67149,0.02791,0.0051,0.0051,0.06495,1.0,445
65.0,70.0,0.88491,1.86767,0.05368,-0.0087,-0.0087,0.06716,1.0,438
65.0,71.0,0.79654,1.76381,0.06949,-0.02595,-0.02595,0.10131,1.0,425
65.0,72.0,0.82171,1.82395,0.07071,-0.01323,-0.01323,0.12872,1.0,452
65.0,73.0,0.92887,1.95298,0.06221,0.01956,0.01956,0.05956,1.0,476
65.0,74.0,1.01028,2.19255,0.11022,0.04055,0.04055,0.0652,1.0,309
65.0,75.0,1.36519,2.457,0.01088,-0.00897,-0.00897,0.0074,1.0,71
66.0,45.0,0.90066,2.0253,0.10406,0.02055,0.02055,0.12591,1.0,170
66.0,46.0,0.82477,1.749,0.05841,-0.01978,-0.01978,0.16442,1.0,190
66.0,47.0,0.97011,1.91316,0.03442,0.00939,0.00939,0.16512,1.0,240
66.0,48.0,0.99467,2.02285,0.02698,0.00123,0.00123,0.28333,1.0,247
66.0,49.0,0.94442,1.77947,0.04024,0.02306,0.02306,0.40971,1.0,235
66.0,50.0,0.83177,1.75429,0.05381,0.00374,0.00374,0.45699,1.0,222
66.0,51.0,0.87259,1.74496,0.06062,0.01468,0.01468,0.32164,1.0,277
66.0,52.0,0.91007,1.78482,0.05724,0.00848,0.00848,0.16737,1.0,253
66.0,53.0,0.91304,1.75536,0.03655,-0.02052,-0.02052,0.17842,1.0,265
66.0,54.0,0.85194,1.70308,0.05611,-0.02274,-0.02274,0.19242,1.0,282
66.0,55.0,0.89972,1.51035,0.03275,0.0105,0.0105,0.25477,1.0,279
66.0,56.0,0.88121,1.60836,0.0594,0.03324,0.03324,0.37026,1.0,281
66.0,57.0,0.85959,1.63393,0.06584,0.05901,0.05901,0.28719,1.0,294
66.0,58.0,0.90741,1.73706,0.04291,-0.01879,-0.01879,0.17139,1.0,278
66.0,59.0,0.90656,1.56647,0.02064,-0.00071,-0.00071,0.00022,1.0,255
66.0,60.0,0.89558,1.67784,0.04196,0.01294,0.01294,0.15696,1.0,255
66.0,61.0,0.86349,1.67629,0.0551,-0.01583,-0.01583,0.10862,1.0,246
66.0,62.0,0.83456,1.55051,0.05495,-0.00745,-0.00745,0.24,1.0,247
66.0,63.0,0.81165,1.64076,0.06445,0.00401,0.00401,0.2005,1.0,235
66.0,64.0,0.85119,1.71962,0.03816,-0.00101,-0.00101,0.1984,1.0,247
66.0,65.0,0.81016,1.64477,0.0377,0.00987,0.00987,0.12794,1.0,273
66.0,66.0,0.77667,1.56361,0.04147,0.00046,0.00046,0.00037,1.0,272
66.0,67.0,0.86729,1.66721,0.05759,-0.03473,-0.03473,0.12068,1.0,293
66.0,68.0,0.95446,1.62044,0.0543,-0.02328,-0.02328,0.1462,1.0,358
66.0,69.0,0.96191,2.10469,0.02469,-0.04557,-0.04557,1.14525,1.0,313
66.0,70.0,0.93771,1.86145,0.03897,-0.00964,-0.00964,0.10508,1.0,213
66.0,71.0,0.87783,1.90226,0.0523,0.01816,0.01816,0.12831,1.0,170
66.0,72.0,0.9145,2.06541,0.08234,0.00931,0.00931,0.07877,1.0,158
66.0,74.0,1.00001,3.01033,0.07187,-0.05963,-0.05963,0.18867,1.0,39
67.0,45.0,0.86843,2.07184,0.05896,0.01241,0.01241,0.12978,1.0,209
67.0,46.0,0.95031,1.82218,0.05995,0.05325,0.05325,0.1577,0.80547,224
67.0,46.0,0.8608,6.23904,0.06504,-0.10866,-0.10866,0.30404,0.19453,224
67.0,47.0,0.96151,1.93461,0.05277,0.04222,0.04222,0.24249,1.0,253
67.0,48.0,0.90002,1.97182,0.06649,0.04095,0.04095,0.4194,1.0,227
67.0,49.0,0.95256,2.16255,0.03919,0.01204,0.01204,0.21356,1.0,182
67.0,50.0,0.90776,2.07943,0.07593,0.02352,0.02352,0.09755,1.0,201
67.0,51.0,0.89912,1.75391,0.06476,0.05044,0.05044,0.19416,1.0,171
67.0,52.0,0.87308,1.89019,0.06407,0.02048,0.02048,0.06995,1.0,137
67.0,53.0,0.94325,1.70923,0.05521,0.03163,0.03163,0.21843,1.0,103
67.0,54.0,0.93519,1.539,0.01445,0.02119,0.02119,0.18765,1.0,108
67.0,55.0,0.93523,1.687,0.01796,0.02115,0.02115,0.34919,1.0,110
67.0,56.0,0.8533,1.8625,0.06723,0.06233,0.06233,0.42389,1.0,103
67.0,57.0,0.82502,1.8885,0.09747,0.12431,0.12431,0.35529,1.0,96
67.0,58.0,0.99712,1.745,0.02045,-0.01279,-0.01279,0.19143,1.0,90
67.0,61.0,0.98211,1.747,0.0234,-0.00241,-0.00241,0.03571,1.0,36
67.0,62.0,0.85535,1.5955,0.05486,-0.04899,-0.04899,0.37158,1.0,38
67.0,63.0,0.78919,1.59238,0.05741,0.01224,0.01224,0.30377,1.0,51
67.0,64.0,0.86334,1.63533,0.02566,0.01669,0.01669,0.17007,1.0,55
67.0,65.0,0.83085,1.57271,0.03682,-0.00324,-0.00324,0.10056,1.0,67
67.0,66.0,0.84562,1.79789,0.03067,0.00987,0.00987,0.11148,1.0,74
67.0,67.0,0.94625,1.956,0.00339,-0.00473,-0.00473,0.19662,1.0,74
67.0,69.0,1.0072,1.547,0.01479,-0.00105,-0.00105,0.14459,1.0,74
67.0,70.0,1.10599,1.898,0.00218,0.00057,0.00057,0.00019,1.0,82
67.0,71.0,1.07912,1.894,0.00074,0.00041,0.00041,0.00023,1.0,85
67.0,75.0,0.67616,3.1345,0.00229,0.00069,0.00069,0.00021,1.0,16
68.0,42.0,1.01076,1.25,0.00143,-0.00061,-0.00061,0.00026,1.0,146
68.0,43.0,0.93077,2.17318,0.05683,-0.03257,-0.03257,0.24483,1.0,202
68.0,44.0,0.92658,2.28608,0.06623,-0.00872,-0.00872,0.06251,0.89299,253
68.0,44.0,0.43012,3.13034,0.05543,-0.00127,-0.00127,0.0001,0.10701,253
68.0,45.0,0.89461,2.18215,0.07677,-0.03008,-0.03008,0.14432,1.0,255
68.0,46.0,0.9287,2.08536,0.06269,-0.0101,-0.0101,0.22456,1.0,257
68.0,47.0,0.89994,1.95378,0.04435,-0.01481,-0.01481,0.20316,1.0,236
68.0,48.0,1.00001,2.05743,0.0335,-0.01061,-0.01061,0.16506,1.0,199
68.0,49.0,0.97577,2.10221,0.04597,0.02319,0.02319,0.11401,1.0,173
68.0,50.0,0.7929,1.99464,0.0403,0.04282,0.04282,0.11325,1.0,134
68.0,51.0,0.90043,2.05043,0.02183,0.00014,0.00014,0.13674,1.0,96
68.0,75.0,0.66639,3.14367,0.00172,0.00028,0.00028,0.00031,1.0,19
69.0,37.0,0.7221,5.2984,0.12476,0.04669,0.04669,0.13096,1.0,97
69.0,41.0,0.77523,2.00475,0.0293,-0.01131,-0.01131,0.00448,1.0,163
69.0,42.0,0.88669,2.08792,0.04932,0.00078,0.00078,0.18058,1.0,260
69.0,43.0,0.92248,2.08719,0.05205,0.00815,0.00815,0.21758,1.0,326
69.0,44.0,0.87372,2.16367,0.08932,-0.0196,-0.0196,0.23233,1.0,299
69.0,45.0,0.88151,2.15036,0.08159,-0.05665,-0.05665,0.23211,1.0,260
69.0,46.0,0.93965,2.00443,0.04846,-0.0229,-0.0229,0.11191,1.0,186
69.0,47.0,0.94278,2.00431,0.04264,-0.02583,-0.02583,0.08888,1.0,149
69.0,48.0,1.07904,2.09262,0.01941,0.01081,0.01081,0.07305,1.0,94
70.0,39.0,0.89813,1.9105,0.0475,0.03795,0.03795,0.22895,1.0,152
70.0,40.0,0.87989,2.10833,0.08686,0.03214,0.03214,0.12895,1.0,188
70.0,41.0,0.91999,2.28637,0.05622,-0.04915,-0.04915,0.17035,1.0,284
70.0,42.0,0.97,2.198,0.05362,-0.0227,-0.0227,0.1469,1.0,331
70.0,43.0,0.94736,2.03646,0.04791,0.01617,0.01617,0.14698,1.0,294
70.0,44.0,0.94021,1.96667,0.02843,-0.00369,-0.00369,0.07391,1.0,201
70.0,45.0,0.98627,1.92112,0.01808,-0.00526,-0.00526,0.00264,1.0,130
70.0,46.0,1.07118,2.1248,0.0135,0.01233,0.01233,0.13224,1.0,59
71.0,33.0,0.72105,5.87247,0.0572,0.07361,0.07361,0.16678,1.0,66
71.0,35.0,0.82162,5.46505,0.1482,0.04202,0.04202,0.45783,0.50031,111
71.0,35.0,0.55681,2.5393,0.12894,-0.1216,-0.1216,0.22172,0.49969,111
71.0,37.0,0.77296,1.88429,0.03789,-0.012,-0.012,0.10734,1.0,150
71.0,38.0,0.72142,1.83955,0.02679,-0.01544,-0.01544,0.15719,1.0,175
71.0,39.0,0.89326,1.97014,0.03895,-0.00202,-0.00202,0.17854,1.0,213
71.0,40.0,0.93837,2.24232,0.05492,-0.002,-0.002,0.1266,1.0,301
71.0,41.0,0.93879,2.36124,0.06185,-0.03733,-0.03733,0.1047,1.0,338
71.0,42.0,1.08388,2.20972,0.03691,-0.00107,-0.00107,0.05562,1.0,237
72.0,33.0,0.96986,5.86264,0.0575,-0.03572,-0.03572,0.10166,1.0,145
72.0,34.0,0.9177,1.94859,0.01348,0.02392,0.02392,0.11462,0.25201,142
72.0,34.0,0.59378,5.09943,0.14051,-0.00781,-0.00781,2.40205,0.74799,142
72.0,35.0,0.81117,1.85735,0.15447,0.15266,0.15266,0.20936,0.42486,142
72.0,35.0,0.77476,4.61536,0.15229,0.23754,0.23754,0.97081,0.57514,142
72.0,36.0,0.84088,2.05614,0.01275,0.00884,0.00884,0.06245,1.0,185
72.0,37.0,0.86382,2.07914,0.03698,0.01703,0.01703,0.11573,1.0,192
72.0,38.0,0.83013,2.04933,0.04975,0.03699,0.03699,0.19831,1.0,227
72.0,39.0,0.91088,2.15429,0.04386,0.01781,0.01781,0.14602,1.0,286
72.0,40.0,0.89831,2.35445,0.07354,-0.01726,-0.01726,0.13399,1.0,331
72.0,41.0,0.94543,2.42058,0.07773,0.00469,0.00469,0.14429,1.0,216
73.0,32.0,0.91138,5.71217,0.09976,0.03336,0.03336,0.037,1.0,156
73.0,33.0,0.86101,2.11517,0.01503,0.00355,0.00355,0.11411,1.0,187
73.0,34.0,0.79217,2.01755,0.08583,0.05269,0.05269,0.31082,1.0,173
73.0,35.0,0.85449,2.01957,0.08414,0.03535,0.03535,0.29006,1.0,197
73.0,36.0,0.93653,1.96283,0.02574,0.01276,0.01276,0.20176,1.0,252
73.0,37.0,0.92885,1.9661,0.02654,0.01381,0.01381,0.23119,1.0,251
73.0,38.0,0.90412,2.17595,0.07105,0.03688,0.03688,0.22645,1.0,281
73.0,39.0,1.02831,2.45772,0.08223,-0.04491,-0.04491,0.12689,1.0,269
73.0,40.0,1.06385,2.46652,0.07267,-0.02859,-0.02859,0.04214,1.0,171
74.0,31.0,0.95908,5.4895,0.19815,-0.00151,-0.00151,0.0004,1.0,137
74.0,32.0,0.87277,5.48617,0.15437,0.00063,0.00063,0.00045,0.5,249
74.0,32.0,1.00334,2.21367,0.02445,-0.01511,-0.01511,0.0734,0.5,249
74.0,33.0,0.94218,2.08733,0.04093,-0.01174,-0.01174,0.10042,1.0,217
74.0,34.0,0.98364,1.96884,0.02739,-0.01123,-0.01123,0.07111,1.0,248
74.0,35.0,1.01587,1.92869,0.03793,0.01669,0.01669,0.1447,1.0,313
74.0,36.0,0.96469,1.84265,0.04513,0.01879,0.01879,0.15642,1.0,325
74.0,37.0,0.94158,2.02305,0.05817,-0.01046,-0.01046,0.19821,1.0,305
74.0,38.0,0.96255,2.1694,0.08689,0.00965,0.00965,0.21239,1.0,206
74.0,39.0,1.20594,2.3309,0.03014,0.0065,0.0065,0.04374,1.0,128
75.0,30.0,0.79683,1.9535,0.03301,-0.0124,-0.0124,0.00469,1.0,184
75.0,31.0,0.98083,2.63567,0.07868,0.31897,0.31897,2.29256,0.85015,294
75.0,31.0,1.22587,5.42837,0.0042,-0.0057,-0.0057,0.00775,0.14985,294
75.0,32.0,0.9159,2.02987,0.06063,0.03299,0.03299,0.16836,1.0,251
75.0,33.0,0.93517,2.06588,0.07755,0.00192,0.00192,0.06136,1.0,322
75.0,34.0,1.09144,2.06,0.03105,0.01174,0.01174,0.04102,1.0,363
75.0,35.0,1.09226,1.95181,0.03353,0.044,0.044,0.12401,1.0,320
75.0,36.0,0.91908,1.93042,0.03077,-0.00925,-0.00925,0.00328,1.0,233
75.0,37.0,0.9051,2.01,0.05376,-0.0049,-0.0049,0.04936,1.0,148
75.0,38.0,1.19082,2.289,0.0395,0.00712,0.00712,0.0363,1.0,53
76.0,29.0,1.25515,5.4104,0.03277,0.02956,0.02956,0.05144,1.0,254
76.0,30.0,0.87503,1.91281,0.0397,0.01592,0.01592,0.11288,0.84,302
76.0,30.0,1.1982,5.50375,0.00761,0.01111,0.01111,0.0179,0.16,302
76.0,31.0,0.88421,1.80274,0.05487,0.04628,0.04628,0.17415,1.0,239
76.0,32.0,0.90306,2.11474,0.07132,0.02454,0.02454,0.15182,1.0,329
76.0,33.0,1.03309,2.2233,0.08909,0.01369,0.01369,0.11926,1.0,337
76.0,34.0,1.16846,2.1291,0.04183,0.02604,0.02604,0.03083,1.0,246
76.0,35.0,1.06568,1.889,0.00442,-0.00054,-0.00054,0.00015,1.0,46
77.0,26.0,0.97382,1.78425,0.02595,0.06133,0.06133,0.14917,1.0,59
77.0,27.0,0.77529,1.92238,0.10984,-0.04825,-0.04825,0.29525,1.0,154
77.0,28.0,0.68011,2.11724,0.1427,-0.01764,-0.01764,0.29818,1.0,283
77.0,29.0,0.87697,2.02925,0.07466,0.00029,0.00029,0.13668,1.0,308
77.0,30.0,0.91525,2.06796,0.02876,0.01603,0.01603,0.20009,1.0,265
77.0,31.0,0.91149,2.17709,0.05067,0.01618,0.01618,0.17829,1.0,325
77.0,32.0,0.95021,2.34257,0.09594,-0.01101,-0.01101,0.11424,1.0,323
77.0,33.0,1.21269,2.34496,0.05402,-0.00154,-0.00154,0.02673,1.0,200
78.0,26.0,1.04335,2.0748,0.04143,0.0141,0.0141,0.02044,1.0,143
78.0,27.0,1.00115,1.99319,0.05126,0.00143,0.00143,0.04841,0.7619,311
78.0,27.0,1.18522,5.4922,0.01634,-0.00254,-0.00254,0.01628,0.2381,311
78.0,28.0,0.88277,2.21954,0.16554,-0.1307,-0.1307,0.62689,0.93333,371
78.0,28.0,0.46903,4.0975,0.01411,0.01633,0.01633,0.01891,0.06667,371
78.0,29.0,1.00894,2.13229,0.04276,-0.0166,-0.0166,0.28031,1.0,280
78.0,30.0,0.87744,2.31152,0.06942,-0.02155,-0.02155,0.21938,0.86111,286
78.0,30.0,0.50423,5.54944,0.09758,-0.07053,-0.07053,0.17428,0.13889,286
78.0,31.0,0.85249,2.38445,0.09284,-0.04005,-0.04005,0.1582,1.0,310
78.0,32.0,1.04457,2.35319,0.13584,0.00038,0.00038,0.00031,1.0,174
79.0,24.0,0.8196,2.27975,0.1273,0.06428,0.06428,0.22565,1.0,88
79.0,25.0,1.00302,2.10267,0.08741,0.06694,0.06694,0.09859,1.0,223
79.0,26.0,1.06788,2.10243,0.05757,0.00847,0.00847,0.02761,1.0,360
79.0,27.0,1.09725,1.94953,0.04464,0.04513,0.04513,0.13444,1.0,385
79.0,28.0,0.98458,2.0445,0.0533,-0.04411,-0.04411,0.41246,1.0,290
79.0,29.0,0.96776,2.22119,0.04849,-0.00734,-0.00734,0.25287,1.0,258
79.0,30.0,0.87433,2.34627,0.08824,-0.02651,-0.02651,0.17775,1.0,253
79.0,31.0,0.94249,2.4585,0.13354,-0.03316,-0.03316,0.14865,1.0,145
80.0,23.0,0.98544,2.59971,0.11755,-0.07214,-0.07214,0.12977,1.0,106
80.0,24.0,0.96322,2.49182,0.09212,-0.0321,-0.0321,0.0799,1.0,276
80.0,25.0,1.05645,2.2905,0.06053,0.00488,0.00488,0.03171,1.0,473
80.0,26.0,1.1031,2.00932,0.06066,0.04199,0.04199,0.16893,1.0,437
80.0,27.0,1.02289,2.0255,0.03776,0.02973,0.02973,0.08159,1.0,291
80.0,28.0,0.9601,2.19359,0.05386,0.00218,0.00218,0.19064,1.0,224
80.0,29.0,1.01074,2.2302,0.04179,0.02639,0.02639,0.18449,1.0,177
80.0,30.0,1.0182,2.34385,0.06037,0.02632,0.02632,0.08626,1.0,133
80.0,31.0,1.09379,2.41743,0.01972,0.00765,0.00765,0.01967,1.0,33
81.0,23.0,0.90769,2.28159,0.05355,-0.01107,-0.01107,0.17401,1.0,355
81.0,24.0,0.95039,2.06229,0.05977,0.00949,0.00949,0.34546,0.89796,539
81.0,24.0,1.2578,5.3252,0.02806,0.02238,0.02238,0.03062,0.10204,539
81.0,25.0,1.04798,1.97261,0.05722,0.04002,0.04002,0.16803,1.0,482
81.0,26.0,0.98443,1.92804,0.02383,0.01132,0.01132,0.13899,1.0,264
81.0,27.0,0.98189,1.97455,0.02843,0.01329,0.01329,0.11558,1.0,163
81.0,28.0,0.93874,2.17223,0.06086,-0.0084,-0.0084,0.11934,1.0,116
81.0,29.0,0.98908,2.35323,0.0725,0.00184,0.00184,0.07033,1.0,59
82.0,22.0,1.00001,2.33529,0.03917,-0.00861,-0.00861,0.04377,1.0,366
82.0,23.0,1.02587,2.23237,0.0475,0.01186,0.01186,0.0869,0.86,524
82.0,23.0,1.15567,5.566,0.01543,-0.01285,-0.01285,0.04923,0.14,524
82.0,24.0,1.02486,1.99441,0.05654,0.04152,0.04152,0.10502,1.0,463
82.0,25.0,0.91615,1.70235,0.02268,-0.0027,-0.0027,0.06942,1.0,89
82.0,26.0,0.91681,1.95186,0.03748,-0.01043,-0.01043,0.00386,1.0,58
82.0,27.0,0.91886,2.00625,0.01479,-0.01026,-0.01026,0.15092,1.0,43
82.0,28.0,0.77197,2.03833,0.00261,-0.0011,-0.0011,0.00046,1.0,28
83.0,21.0,0.96585,1.78658,0.09079,-0.09667,-0.09667,1.43378,1.0,335
83.0,22.0,1.06785,2.37935,0.07353,0.00973,0.00973,0.05548,0.90566,620
83.0,22.0,1.0811,5.5804,0.02249,-0.00173,-0.00173,0.01169,0.09434,620
83.0,23.0,1.16066,2.40814,0.03173,-0.0062,-0.0062,0.07415,1.0,453
84.0,20.0,0.82811,2.23995,0.07841,0.07793,0.07793,0.17127,1.0,256
84.0,21.0,0.97296,2.35602,0.08779,0.02092,0.02092,0.09588,0.94643,679
84.0,21.0,1.17469,5.482,0.00995,0.00169,0.00169,0.00029,0.05357,679
84.0,22.0,1.00794,2.49269,0.11007,-0.00858,-0.00858,0.09216,0.91304,510
84.0,22.0,1.21277,5.49175,0.01062,0.00149,0.00149,0.00023,0.08696,510
85.0,20.0,0.66885,2.11125,0.06879,0.09448,0.09448,0.26941,1.0,146
85.0,21.0,0.93683,2.3189,0.10221,0.01298,0.01298,0.23882,1.0,351
86.0,23.0,0.72723,0.9552,0.02423,0.03352,0.03352,0.2788,1.0,17
86.0,24.0,0.69369,1.319,0.00951,0.04196,0.04196,0.60306,1.0,17
87.0,23.0,0.50515,0.32114,0.06002,0.35497,0.35497,3.07609,1.0,10
87.0,24.0,0.73274,2.08825,0.0072,0.0258,0.0258,0.09581,1.0,12
