10.0,40.0,0.8003,0.4688,0.00237,0.00023,0.00023,0.00011,1.0,231
10.0,41.0,0.70128,0.28973,0.03476,0.03856,0.03856,0.13347,1.0,142
11.0,39.0,0.97948,5.92956,0.02313,-0.00743,-0.00743,0.14729,1.0,407
11.0,40.0,0.98265,0.01831,0.03899,-0.00485,-0.00485,0.14967,1.0,951
11.0,41.0,0.96991,0.17818,0.04555,-0.00101,-0.00101,0.11183,1.0,706
12.0,38.0,0.81468,5.80474,0.03588,-0.02661,-0.02661,0.05086,1.0,108
12.0,39.0,0.98121,6.12665,0.06227,0.00406,0.00406,0.21621,1.0,437
12.0,40.0,1.02958,6.26095,0.03864,-0.00421,-0.00421,0.11081,1.0,1142
12.0,41.0,0.96649,0.06097,0.03697,-0.0042,-0.0042,0.11404,1.0,713
12.0,42.0,0.95405,0.22857,0.04378,0.01306,0.01306,0.10203,1.0,149
13.0,38.0,0.93651,6.08697,0.03692,0.00442,0.00442,0.10644,1.0,125
13.0,39.0,1.12615,5.96286,0.01601,-0.00114,-0.00114,0.00013,1.0,435
13.0,40.0,0.96957,6.26616,0.0617,-0.00728,-0.00728,0.10479,1.0,1092
13.0,41.0,0.93648,6.28315,0.0252,-0.00102,-0.00102,0.00024,1.0,699
13.0,42.0,0.90262,0.00543,0.02621,-0.00107,-0.00107,0.0003,1.0,165
14.0,39.0,0.87685,6.0988,0.05425,0.01032,0.01032,0.16694,1.0,457
14.0,40.0,0.91869,6.27163,0.06461,0.00656,0.00656,0.18517,1.0,1060
14.0,41.0,0.98466,0.10923,0.03366,0.00115,0.00115,0.07459,1.0,646
14.0,42.0,1.02373,0.32511,0.00395,-0.00024,-0.00024,0.00026,1.0,185
14.0,43.0,1.04263,0.324,0.00148,-0.00059,-0.00059,0.00024,1.0,50
15.0,38.0,0.93985,5.9045,0.00397,0.00362,0.00362,0.00347,1.0,132
15.0,39.0,0.90256,0.06119,0.04215,-0.02645,-0.02645,0.22239,1.0,477
15.0,40.0,0.92745,6.24674,0.04582,-0.01159,-0.01159,0.18944,1.0,975
15.0,41.0,1.01137,0.14713,0.02374,0.01124,0.01124,0.07208,1.0,606
15.0,42.0,0.97923,0.15085,0.0179,0.0079,0.0079,0.08478,1.0,206
15.0,43.0,0.9377,0.18866,0.03087,-0.0237,-0.0237,0.10024,1.0,72
16.0,36.0,0.94066,0.1006,0.00013,-0.00337,-0.00337,0.0963,1.0,20
16.0,37.0,0.95458,5.9105,0.0043,0.00388,0.00388,0.0047,1.0,63
16.0,38.0,0.9046,5.8516,0.00121,0.00144,0.00144,0.00241,1.0,151
16.0,39.0,0.97452,6.28151,0.02518,0.00047,0.00047,0.00014,1.0,476
16.0,40.0,1.06915,0.00176,0.02706,0.00036,0.00036,0.00014,1.0,902
16.0,41.0,0.96082,0.07738,0.03049,0.00207,0.00207,0.11059,1.0,568
16.0,42.0,0.94346,0.10547,0.02419,-0.00305,-0.00305,0.11954,1.0,213
17.0,36.0,0.98195,6.2754,0.00806,0.00165,0.00165,0.00039,1.0,25
17.0,37.0,0.98195,6.2754,0.00806,0.00165,0.00165,0.00039,1.0,66
17.0,38.0,0.93537,6.09979,0.04594,0.03026,0.03026,0.15683,1.0,163
17.0,39.0,1.04738,6.09185,0.02999,0.00812,0.00812,0.11717,1.0,457
17.0,40.0,1.01704,6.21696,0.02909,-0.01121,-0.01121,0.11495,1.0,895
17.0,41.0,0.92226,6.16107,0.02789,0.00013,0.00013,0.11021,1.0,567
17.0,42.0,0.92093,0.11172,0.03284,0.00152,0.00152,0.16231,1.0,215
17.0,43.0,0.87362,0.24701,0.03493,-0.00843,-0.00843,0.14213,1.0,92
18.0,37.0,0.73929,6.24581,0.12173,0.03824,0.03824,0.08412,1.0,78
18.0,38.0,0.83187,6.11435,0.09238,-0.00716,-0.00716,0.1102,1.0,163
18.0,39.0,1.09063,5.9619,0.02361,-0.01507,-0.01507,0.11929,1.0,411
18.0,40.0,0.91096,6.17496,0.06004,-0.03454,-0.03454,0.12911,1.0,880
18.0,41.0,0.93955,6.27838,0.06877,-0.00086,-0.00086,0.00018,1.0,590
18.0,42.0,0.91685,0.04243,0.02972,-0.01584,-0.01584,0.11439,1.0,212
18.0,43.0,0.87976,0.23695,0.03388,-0.00501,-0.00501,0.15683,1.0,97
18.0,44.0,1.04965,6.1644,0.00117,-0.01023,-0.01023,0.09325,1.0,35
19.0,36.0,0.75565,5.86575,0.04963,0.01245,0.01245,0.00337,1.0,34
19.0,37.0,0.66659,6.04541,0.15261,-0.03651,-0.03651,0.10073,1.0,65
19.0,38.0,0.96227,6.06771,0.14503,-0.04702,-0.04702,0.11623,1.0,143
19.0,39.0,1.11533,5.95497,0.03339,-0.00703,-0.00703,0.10176,1.0,424
19.0,40.0,0.90147,0.00979,0.06913,-0.01398,-0.01398,0.07969,1.0,879
19.0,41.0,0.83219,6.27816,0.06355,-0.00011,-0.00011,0.00016,1.0,558
19.0,42.0,0.95252,0.16316,0.01523,-0.01606,-0.01606,0.11525,1.0,192
19.0,44.0,0.88948,0.15595,0.03551,0.00774,0.00774,0.10426,1.0,39
20.0,36.0,0.97966,5.97562,0.05783,-0.0276,-0.0276,0.06078,1.0,36
20.0,37.0,0.81555,5.99961,0.12311,-0.01604,-0.01604,0.10421,1.0,66
20.0,38.0,0.95621,6.11157,0.06686,0.01333,0.01333,0.13207,1.0,155
20.0,39.0,1.02652,6.1114,0.07162,-0.02048,-0.02048,0.11017,1.0,437
20.0,40.0,1.00359,0.02955,0.08244,-0.00858,-0.00858,0.12846,1.0,834
20.0,41.0,1.03049,0.23396,0.03993,0.02121,0.02121,0.0687,1.0,534
20.0,42.0,0.90803,6.28173,0.0114,-0.0005,-0.0005,0.00021,1.0,171
20.0,43.0,1.04616,0.20144,0.01211,0.00309,0.00309,0.13553,1.0,94
20.0,44.0,1.03425,0.00249,0.02838,0.00057,0.00057,0.16923,1.0,43
20.0,69.0,0.71003,2.47725,0.10457,-0.05713,-0.05713,0.22803,1.0,148
20.0,70.0,0.61471,2.7803,0.05506,-0.03123,-0.03123,0.23935,1.0,139
20.0,71.0,0.53532,3.12825,0.03135,0.00411,0.00411,0.0008,1.0,54
21.0,35.0,1.01389,5.9686,0.00611,-0.00822,-0.00822,0.03509,1.0,28
21.0,36.0,1.0429,6.05923,0.01944,-0.0457,-0.0457,0.14275,1.0,43
21.0,37.0,0.95656,0.40062,0.0435,-0.00423,-0.00423,0.06671,1.0,71
21.0,38.0,0.95044,0.21054,0.06113,0.01183,0.01183,0.08277,1.0,157
21.0,39.0,1.0739,6.25211,0.0753,-0.02764,-0.02764,0.16034,1.0,418
21.0,40.0,0.97422,0.12676,0.06916,-7e-05,-7e-05,0.1149,1.0,831
21.0,41.0,0.84493,6.27859,0.02795,0.00229,0.00229,0.00036,1.0,553
21.0,42.0,0.97408,0.16917,0.03624,0.03253,0.03253,0.07373,1.0,164
21.0,44.0,1.14357,0.4826,0.00819,0.00855,0.00855,0.01771,1.0,42
21.0,68.0,0.95724,2.3295,0.07063,-0.00225,-0.00225,0.07035,1.0,138
21.0,69.0,0.95939,2.53164,0.05547,-0.00402,-0.00402,0.12936,0.92597,557
21.0,69.0,0.3437,4.1093,0.00025,-0.00468,-0.00468,0.40333,0.07403,557
21.0,70.0,0.81482,2.81633,0.07785,-0.00988,-0.00988,0.13648,1.0,751
21.0,71.0,0.7357,3.14073,0.08373,0.00376,0.00376,0.00079,1.0,369
22.0,37.0,1.03662,6.20719,0.0741,-0.07438,-0.07438,0.24504,0.7006,89
22.0,37.0,0.88435,0.41935,0.00615,-0.00577,-0.00577,0.0054,0.2994,89
22.0,38.0,1.06822,0.05267,0.0321,-0.02777,-0.02777,0.168,1.0,159
22.0,39.0,1.05146,6.25247,0.04153,-0.01186,-0.01186,0.15023,1.0,385
22.0,40.0,1.02188,5.9774,0.05318,-0.03744,-0.03744,0.06363,1.0,792
22.0,41.0,0.97695,0.06885,0.04751,0.00623,0.00623,0.22852,1.0,574
22.0,42.0,0.99999,0.10631,0.058,0.03461,0.03461,0.16658,1.0,171
22.0,43.0,0.99039,0.09988,0.03846,0.029,0.029,0.13089,1.0,86
22.0,67.0,0.95335,2.32886,0.03438,0.01777,0.01777,0.06872,1.0,107
22.0,68.0,1.01258,2.3253,0.0678,0.01414,0.01414,0.13519,1.0,375
22.0,69.0,0.93721,2.55064,0.07723,-0.0053,-0.0053,0.10886,0.93666,641
22.0,69.0,0.44435,4.64213,0.10122,0.00326,0.00326,0.23901,0.06334,641
22.0,70.0,0.8171,2.86841,0.06492,0.01972,0.01972,0.11883,1.0,621
22.0,71.0,0.81014,3.14229,0.08006,0.00072,0.00072,0.00018,1.0,371
23.0,35.0,0.99678,0.14694,0.01854,0.02563,0.02563,0.08443,1.0,35
23.0,37.0,1.0518,0.05363,0.03203,0.01153,0.01153,0.11789,1.0,97
23.0,38.0,1.07746,5.96829,0.03458,-0.00063,-0.00063,0.00011,1.0,150
23.0,39.0,0.92535,6.28069,0.00969,-0.00072,-0.00072,0.00029,1.0,390
23.0,40.0,1.09883,6.06675,0.0242,-0.01015,-0.01015,0.24864,1.0,801
23.0,41.0,0.95806,5.82756,0.0386,-0.0095,-0.0095,0.0739,1.0,526
23.0,42.0,1.21393,0.07759,0.00486,0.01958,0.01958,0.31235,0.52149,182
23.0,42.0,0.81374,6.10363,0.01405,0.02396,0.02396,0.08071,0.47851,182
23.0,43.0,0.97941,0.03242,0.03589,0.03969,0.03969,0.15196,1.0,92
23.0,66.0,0.98801,2.31927,0.06172,-0.00128,-0.00128,0.03514,1.0,89
23.0,67.0,1.03541,2.39966,0.0442,0.01149,0.01149,0.09587,1.0,305
23.0,68.0,0.99122,2.38463,0.07043,0.02953,0.02953,0.11838,1.0,466
23.0,69.0,0.86289,2.57312,0.06823,0.02325,0.02325,0.10514,1.0,524
23.0,70.0,0.88963,3.01862,0.06026,0.01624,0.01624,0.14282,1.0,639
23.0,71.0,1.16629,3.146,0.00106,8e-05,8e-05,0.00014,1.0,208
24.0,36.0,1.11819,0.08806,0.01929,0.00172,0.00172,0.16498,1.0,65
24.0,37.0,1.05656,6.17495,0.04207,0.01942,0.01942,0.09044,1.0,98
24.0,38.0,1.00066,6.13788,0.06799,0.00085,0.00085,0.11986,1.0,149
24.0,39.0,0.89705,0.00213,0.0033,0.00061,0.00061,0.00019,1.0,385
24.0,40.0,0.99763,6.23927,0.03168,0.01688,0.01688,0.08736,1.0,790
24.0,42.0,1.05859,0.00068,0.02569,0.0167,0.0167,0.16822,1.0,162
24.0,43.0,0.98294,6.25458,0.04127,0.00234,0.00234,0.13881,1.0,87
24.0,44.0,1.13367,0.23733,0.00979,0.03239,0.03239,0.12715,1.0,51
24.0,65.0,1.01432,2.3152,0.0054,-0.0055,-0.0055,0.00655,1.0,50
24.0,66.0,1.04807,2.35962,0.05259,-0.00488,-0.00488,0.04206,1.0,223
24.0,67.0,1.08177,2.42149,0.04847,0.00145,0.00145,0.08358,1.0,374
24.0,68.0,0.91799,2.63274,0.06561,0.0033,0.0033,0.14071,1.0,460
24.0,69.0,0.88742,2.77615,0.07411,-0.01366,-0.01366,0.14498,1.0,578
25.0,35.0,1.01833,0.25797,0.01232,0.01705,0.01705,0.05815,1.0,46
25.0,37.0,1.01822,6.22558,0.03805,0.00595,0.00595,0.10551,1.0,95
25.0,38.0,1.01432,6.16833,0.05301,0.00453,0.00453,0.1517,1.0,149
25.0,39.0,1.03626,6.27224,0.07874,-0.00465,-0.00465,0.29159,1.0,394
25.0,40.0,1.0987,0.1161,0.04629,0.02284,0.02284,0.13453,1.0,815
25.0,41.0,1.06602,6.25774,0.04626,-0.02291,-0.02291,0.16702,1.0,530
25.0,42.0,1.14111,6.14124,0.02279,-0.03322,-0.03322,0.18982,1.0,154
25.0,43.0,1.01404,6.23429,0.03922,-0.03519,-0.03519,0.1708,1.0,88
25.0,45.0,1.13975,0.06169,0.00957,0.00015,0.00015,0.15865,1.0,32
25.0,64.0,0.98335,2.348,0.00071,-0.00011,-0.00011,0.00021,1.0,43
25.0,65.0,1.03833,2.47879,0.0314,-0.00335,-0.00335,0.06893,1.0,156
25.0,66.0,1.1129,2.52569,0.04276,-0.02004,-0.02004,0.07498,1.0,285
25.0,67.0,1.02445,2.63976,0.04914,-0.01903,-0.01903,0.06144,1.0,422
25.0,68.0,0.9964,2.80889,0.05627,-0.02877,-0.02877,0.12118,1.0,544
25.0,69.0,0.88411,2.82068,0.04154,-0.00598,-0.00598,0.20871,1.0,304
26.0,35.0,0.93586,0.12916,0.0153,0.0141,0.0141,0.1115,1.0,48
26.0,36.0,1.02234,0.08101,0.01952,0.00252,0.00252,0.111,1.0,64
26.0,37.0,1.04123,0.06423,0.02389,0.00412,0.00412,0.14722,1.0,96
26.0,38.0,1.10486,0.02087,0.03119,0.02927,0.02927,0.12738,1.0,152
26.0,39.0,1.43039,0.551,0.00889,0.02234,0.02234,0.05617,1.0,367
26.0,40.0,1.11836,0.13296,0.02685,-0.01036,-0.01036,0.14088,1.0,784
26.0,41.0,1.05951,6.27241,0.0581,-0.01977,-0.01977,0.17886,1.0,516
26.0,42.0,1.03088,6.17755,0.0429,-0.00176,-0.00176,0.17,1.0,153
26.0,43.0,1.01359,0.00467,0.01983,0.02024,0.02024,0.12988,1.0,87
26.0,44.0,1.06031,6.12155,0.00064,0.00212,0.00212,0.02733,1.0,58
26.0,64.0,0.97448,2.44015,0.02344,0.01132,0.01132,0.05187,1.0,123
26.0,65.0,0.99347,2.52518,0.06008,-0.00104,-0.00104,0.18621,1.0,223
26.0,66.0,1.02547,2.71864,0.04901,-0.02742,-0.02742,0.12266,1.0,361
26.0,67.0,0.93153,2.66911,0.08242,-0.00933,-0.00933,0.1734,1.0,538
26.0,68.0,0.94943,2.59948,0.05077,0.0232,0.0232,0.2078,1.0,319
26.0,69.0,0.92258,2.5511,0.07597,0.03479,0.03479,0.20721,1.0,351
26.0,70.0,0.85455,3.01224,0.07092,0.00837,0.00837,0.1818,1.0,198
26.0,71.0,1.07189,3.14233,0.01769,-0.00123,-0.00123,0.00034,1.0,107
27.0,36.0,1.01077,0.16759,0.03072,0.02382,0.02382,0.11602,1.0,86
27.0,39.0,1.05498,0.11447,0.0194,-0.01214,-0.01214,0.12387,1.0,357
27.0,40.0,1.07638,0.03052,0.03849,-0.03441,-0.03441,0.1742,1.0,770
27.0,41.0,1.01648,0.01987,0.03061,-0.02055,-0.02055,0.14394,1.0,494
27.0,44.0,1.04283,0.2196,0.00499,-0.00723,-0.00723,0.1682,1.0,43
27.0,63.0,0.91267,2.4642,0.02139,-0.0185,-0.0185,0.17906,1.0,81
27.0,64.0,0.98324,2.49065,0.03571,-0.01544,-0.01544,0.12112,1.0,166
27.0,65.0,1.06686,2.50212,0.05704,-0.00943,-0.00943,0.17216,1.0,317
27.0,66.0,0.94986,2.73162,0.08776,-0.01991,-0.01991,0.1582,1.0,498
27.0,67.0,0.85019,2.60125,0.08361,-0.00635,-0.00635,0.19832,1.0,344
27.0,68.0,1.00177,2.5286,0.02684,-0.00275,-0.00275,0.1532,1.0,378
27.0,69.0,0.79506,2.43976,0.07741,0.04485,0.04485,0.19555,1.0,218
27.0,70.0,0.72229,3.02773,0.10603,-0.03545,-0.03545,0.30385,1.0,230
27.0,71.0,0.75425,3.445,0.09949,0.01278,0.01278,0.17736,1.0,121
28.0,36.0,0.97157,0.28927,0.05523,0.04022,0.04022,0.05787,1.0,81
28.0,37.0,0.84932,0.06457,0.09439,0.03504,0.03504,0.11807,1.0,98
28.0,38.0,0.91346,0.00401,0.13239,0.03764,0.03764,0.1246,1.0,136
28.0,39.0,1.02746,6.27542,0.04934,0.01164,0.01164,0.12888,1.0,378
28.0,40.0,0.88365,0.01083,0.01588,-0.00054,-0.00054,0.00021,1.0,776
28.0,41.0,1.00811,0.04785,0.01341,-0.00867,-0.00867,0.11297,1.0,483
28.0,42.0,1.05129,0.12206,0.01866,0.01242,0.01242,0.10535,1.0,161
28.0,43.0,1.08575,0.17069,0.01261,0.01843,0.01843,0.1013,1.0,84
28.0,44.0,1.08527,5.9655,0.00018,-0.00018,-0.00018,0.00018,1.0,49
28.0,45.0,0.99353,0.03974,0.02768,-0.04942,-0.04942,0.19847,1.0,38
28.0,62.0,0.9136,2.5334,0.02413,0.02305,0.02305,0.15947,1.0,50
28.0,63.0,0.97644,2.47767,0.04022,-0.015,-0.015,0.14288,1.0,123
28.0,64.0,0.99691,2.65657,0.06165,-0.03487,-0.03487,0.12332,1.0,278
28.0,65.0,0.99742,2.73682,0.06122,-0.02395,-0.02395,0.13471,1.0,449
28.0,66.0,0.97066,2.66668,0.05753,-0.01753,-0.01753,0.12436,1.0,382
28.0,67.0,0.90141,2.72524,0.06223,-0.03422,-0.03422,0.15745,1.0,408
28.0,68.0,1.06004,2.69675,0.03543,-0.03654,-0.03654,0.10201,1.0,260
28.0,69.0,1.00211,2.49035,0.05343,-0.00089,-0.00089,0.18182,1.0,367
28.0,70.0,0.95018,2.11,0.0451,-0.00697,-0.00697,0.1787,1.0,361
28.0,72.0,0.76751,1.15667,0.03174,0.01176,0.01176,0.00436,1.0,207
29.0,36.0,0.82541,0.20003,0.03563,0.05063,0.05063,0.16237,1.0,70
29.0,37.0,0.88059,0.2075,0.10637,0.08265,0.08265,0.21624,1.0,123
29.0,38.0,0.97622,0.13088,0.13338,0.02204,0.02204,0.17394,1.0,159
29.0,39.0,1.04391,6.26065,0.03499,-0.01641,-0.01641,0.10918,1.0,364
29.0,40.0,0.98006,6.26223,0.02811,-0.00757,-0.00757,0.14768,1.0,772
29.0,42.0,0.98543,6.24866,0.04563,-0.01727,-0.01727,0.12555,1.0,153
29.0,43.0,1.04265,0.08522,0.0425,0.01465,0.01465,0.15565,1.0,88
29.0,44.0,0.99744,0.00207,0.00548,0.00067,0.00067,0.00013,1.0,63
29.0,62.0,1.10362,3.06957,0.00973,-0.02019,-0.02019,0.15747,1.0,74
29.0,63.0,0.954,2.81237,0.08197,-0.02296,-0.02296,0.18037,1.0,249
29.0,64.0,0.91315,2.76048,0.06509,-0.04035,-0.04035,0.1175,1.0,404
29.0,65.0,0.94936,2.7112,0.04625,-0.00996,-0.00996,0.1288,1.0,374
29.0,66.0,0.95906,2.63321,0.05311,-0.00784,-0.00784,0.11431,1.0,446
29.0,67.0,1.06761,2.59795,0.05568,-0.0477,-0.0477,0.16969,1.0,293
29.0,68.0,1.14932,2.57609,0.04089,-0.05058,-0.05058,0.10843,1.0,457
29.0,69.0,1.07464,2.473,0.02431,-0.02748,-0.02748,0.19967,1.0,382
29.0,70.0,1.03518,1.926,0.01555,0.01569,0.01569,0.09148,1.0,335
29.0,71.0,1.05275,1.403,0.00111,0.00509,0.00509,0.02341,1.0,213
29.0,73.0,1.05886,1.10067,0.04083,-0.0164,-0.0164,0.09989,1.0,238
29.0,74.0,1.0917,0.7562,0.01301,-0.00049,-0.00049,0.00582,1.0,183
30.0,36.0,0.8014,0.4031,0.09371,-0.04522,-0.04522,0.17401,1.0,56
30.0,37.0,0.91097,0.40271,0.12107,0.01208,0.01208,0.20967,1.0,126
30.0,38.0,1.05552,0.3437,0.0569,-0.06304,-0.06304,0.20948,1.0,191
30.0,39.0,1.03032,0.26846,0.04331,-0.03764,-0.03764,0.16284,1.0,397
30.0,40.0,1.00973,6.23815,0.03059,-0.02972,-0.02972,0.1453,1.0,784
30.0,41.0,1.07135,6.23601,0.01532,-0.01689,-0.01689,0.10175,1.0,489
30.0,42.0,0.97567,6.23807,0.04291,-0.03515,-0.03515,0.10077,1.0,158
30.0,43.0,0.97024,6.14173,0.03979,-0.01202,-0.01202,0.11418,1.0,82
30.0,44.0,1.03931,6.25608,0.02833,0.02838,0.02838,0.15826,1.0,55
30.0,45.0,1.03867,0.12309,0.00811,0.02765,0.02765,0.13392,1.0,48
30.0,62.0,1.00585,3.2927,0.04485,-0.00433,-0.00433,0.12553,1.0,194
30.0,63.0,0.95608,2.65784,0.05504,-0.03695,-0.03695,0.18731,0.87564,362
30.0,63.0,0.97189,3.55267,0.00415,-0.00334,-0.00334,0.00272,0.12436,362
30.0,64.0,0.95284,2.66631,0.04647,-0.0328,-0.0328,0.09751,1.0,363
30.0,65.0,1.02161,2.72295,0.04271,-0.02756,-0.02756,0.10015,1.0,465
30.0,66.0,1.05608,2.67131,0.04082,-0.05102,-0.05102,0.18191,1.0,343
30.0,67.0,1.03101,2.46713,0.07162,-0.01984,-0.01984,0.10644,1.0,506
30.0,68.0,1.07425,2.46314,0.03692,-0.02107,-0.02107,0.08347,1.0,436
30.0,69.0,1.15811,2.407,0.01697,-0.01095,-0.01095,0.09193,1.0,292
30.0,74.0,0.85377,0.98383,0.03445,-0.04832,-0.04832,0.10314,1.0,274
30.0,75.0,0.89696,0.65508,0.02911,0.0319,0.0319,0.18131,1.0,200
31.0,38.0,0.9858,0.49883,0.08173,-0.05573,-0.05573,0.21076,1.0,221
31.0,39.0,1.03095,0.27838,0.06176,-0.04966,-0.04966,0.18654,1.0,426
31.0,40.0,1.00217,0.10432,0.01745,-0.00176,-0.00176,0.10442,1.0,823
31.0,41.0,0.94034,6.16336,0.01767,0.00691,0.00691,0.11036,1.0,501
31.0,42.0,0.90777,6.09176,0.03365,0.00114,0.00114,0.11249,1.0,160
31.0,43.0,1.0463,6.04426,0.03427,-0.04157,-0.04157,0.15121,1.0,82
31.0,44.0,1.09986,6.0572,0.01304,-0.02432,-0.02432,0.16336,1.0,59
31.0,45.0,1.0014,0.17852,0.01411,0.01039,0.01039,0.08382,1.0,48
31.0,46.0,0.88319,6.28079,0.0083,0.00099,0.00099,0.00019,1.0,32
31.0,62.0,0.94449,2.81706,0.03945,-0.0015,-0.0015,0.1802,1.0,309
31.0,63.0,0.96082,2.77777,0.04622,0.00549,0.00549,0.22566,1.0,350
31.0,64.0,0.95147,2.67244,0.05502,-0.00517,-0.00517,0.10426,1.0,452
31.0,65.0,1.0047,2.66978,0.05132,-0.02519,-0.02519,0.06752,1.0,397
31.0,66.0,1.00657,2.49661,0.05171,0.00622,0.00622,0.09838,1.0,522
31.0,67.0,0.92976,2.4097,0.0595,0.01447,0.01447,0.06728,1.0,481
31.0,68.0,1.02632,2.51245,0.04519,-0.02261,-0.02261,0.05798,1.0,351
31.0,75.0,0.76706,0.51377,0.0151,0.03032,0.03032,0.36353,1.0,240
31.0,76.0,0.94335,0.34893,0.09375,0.12046,0.12046,0.28258,1.0,158
32.0,37.0,0.96203,5.81833,0.00694,1e-05,1e-05,0.00028,1.0,77
32.0,38.0,0.98739,0.33549,0.04522,-0.05395,-0.05395,0.26944,1.0,177
32.0,39.0,1.03346,0.43902,0.04312,-0.00994,-0.00994,0.08887,1.0,456
32.0,40.0,1.03136,0.17426,0.03571,0.01483,0.01483,0.08855,1.0,856
32.0,41.0,0.84504,0.01466,0.05864,-0.03224,-0.03224,0.13155,1.0,500
32.0,42.0,0.94233,6.03464,0.03071,-0.00792,-0.00792,0.09191,1.0,157
32.0,43.0,1.07608,6.01592,0.01243,-0.02421,-0.02421,0.05643,1.0,81
32.0,44.0,0.9376,0.00421,0.00269,-0.00053,-0.00053,0.00035,1.0,58
32.0,45.0,0.99335,6.10888,0.02161,-0.01015,-0.01015,0.07893,1.0,48
32.0,62.0,0.95429,2.82004,0.04695,0.0002,0.0002,0.13961,1.0,312
32.0,63.0,0.93801,2.7854,0.05795,-0.00535,-0.00535,0.21541,1.0,479
32.0,64.0,0.98229,2.5046,0.08591,0.03541,0.03541,0.0812,1.0,438
32.0,65.0,0.98164,2.53694,0.07364,0.00556,0.00556,0.09401,1.0,618
32.0,66.0,1.10681,2.47858,0.05183,-0.00231,-0.00231,0.06484,1.0,511
32.0,67.0,0.95013,2.57886,0.05931,-0.00217,-0.00217,0.08881,1.0,347
32.0,75.0,0.70047,0.61796,0.00337,-0.01995,-0.01995,0.47264,1.0,173
32.0,76.0,0.82512,1.005,0.06311,0.00385,0.00385,0.18066,1.0,207
33.0,37.0,0.95406,0.18464,0.06248,0.02269,0.02269,0.127,1.0,73
33.0,38.0,1.03222,0.21178,0.0429,0.01363,0.01363,0.11206,1.0,144
33.0,39.0,1.04927,0.31868,0.02944,0.00837,0.00837,0.10731,1.0,472
33.0,40.0,1.01278,0.2316,0.03958,0.00867,0.00867,0.10819,1.0,900
33.0,41.0,0.94039,6.13655,0.02652,0.00024,0.00024,0.07967,1.0,515
33.0,42.0,0.94874,6.04218,0.04365,-0.02427,-0.02427,0.05684,1.0,154
33.0,43.0,1.1323,5.9583,0.02591,-0.03868,-0.03868,0.08292,1.0,86
33.0,44.0,1.08352,5.9519,0.04154,-0.04529,-0.04529,0.0861,1.0,57
33.0,45.0,1.04781,5.90053,0.04268,-0.0372,-0.0372,0.06154,1.0,51
33.0,61.0,1.09817,2.2742,0.01568,0.06994,0.06994,0.36901,1.0,297
33.0,62.0,0.97006,2.82778,0.0745,-0.04467,-0.04467,0.11112,1.0,414
33.0,63.0,0.9711,2.7449,0.06153,-0.00199,-0.00199,0.23554,0.95353,556
33.0,63.0,0.36217,1.59616,0.02911,-0.00274,-0.00274,0.00056,0.04647,556
33.0,64.0,0.98961,2.50428,0.08405,0.03398,0.03398,0.25744,1.0,733
33.0,65.0,1.06302,2.24717,0.14086,0.02842,0.02842,0.07829,1.0,624
33.0,66.0,0.9659,2.54671,0.08821,-0.02582,-0.02582,0.12274,1.0,413
33.0,67.0,0.81825,2.723,0.00721,0.00612,0.00612,0.0052,1.0,100
33.0,77.0,0.90683,1.0452,0.03261,-0.0097,-0.0097,0.02256,1.0,214
33.0,78.0,0.97652,0.92638,0.0218,0.00223,0.00223,0.02718,1.0,190
34.0,37.0,0.93067,0.47333,0.02567,-0.0269,-0.0269,0.10178,1.0,52
34.0,39.0,0.96356,0.28011,0.05318,0.02249,0.02249,0.13612,1.0,470
34.0,40.0,0.88543,0.08899,0.09014,-0.0177,-0.0177,0.21411,1.0,930
34.0,41.0,0.82171,6.18771,0.09531,-0.06364,-0.06364,0.28144,0.90089,555
34.0,41.0,0.54139,0.01978,0.00425,-0.00087,-0.00087,0.00022,0.09911,555
34.0,42.0,0.94793,6.18328,0.07592,-0.06163,-0.06163,0.21693,1.0,185
34.0,43.0,1.20613,5.86052,0.02886,-0.04024,-0.04024,0.08887,1.0,87
34.0,44.0,1.07238,5.8265,0.00719,-0.0056,-0.0056,0.01963,1.0,56
34.0,45.0,1.13435,5.77757,0.02538,-0.01871,-0.01871,0.0264,1.0,45
34.0,61.0,1.03812,2.468,0.05909,0.02557,0.02557,0.25732,1.0,338
34.0,62.0,1.00155,2.71406,0.08104,-0.03667,-0.03667,0.11636,1.0,574
34.0,63.0,0.93496,2.62,0.0988,0.00798,0.00798,0.23109,1.0,835
34.0,64.0,1.02115,2.49837,0.10249,0.01527,0.01527,0.27859,1.0,720
34.0,65.0,0.97583,2.12506,0.08791,0.02249,0.02249,0.10402,1.0,467
34.0,66.0,0.93851,2.41433,0.02271,0.02236,0.02236,0.12379,1.0,106
35.0,37.0,0.93382,0.45436,0.04807,-0.02184,-0.02184,0.12831,1.0,48
35.0,38.0,1.08108,0.42642,0.03817,-0.03206,-0.03206,0.11128,1.0,134
35.0,39.0,0.81486,0.22992,0.08993,0.03611,0.03611,0.14771,1.0,425
35.0,40.0,0.81141,0.10322,0.09464,-0.0146,-0.0146,0.18051,1.0,997
35.0,41.0,0.84455,6.24412,0.07861,-0.0615,-0.0615,0.19811,1.0,604
35.0,42.0,1.08636,5.69868,0.0304,-0.01212,-0.01212,0.03495,0.6837,182
35.0,42.0,0.78838,0.41675,0.08697,-0.00599,-0.00599,0.06092,0.3163,182
35.0,43.0,0.93244,5.66444,0.0198,0.00197,0.00197,0.02581,1.0,73
35.0,60.0,0.92596,2.919,0.00464,0.00959,0.00959,0.0204,1.0,250
35.0,61.0,1.03407,2.738,0.04695,-0.03267,-0.03267,0.07127,1.0,451
35.0,62.0,0.96926,2.73168,0.07732,-0.03456,-0.03456,0.1116,1.0,862
35.0,63.0,0.9997,2.70592,0.09469,-0.04501,-0.04501,0.11858,1.0,863
35.0,64.0,1.20469,2.445,0.03377,-0.00262,-0.00262,0.18674,1.0,484
35.0,79.0,0.73888,5.8424,0.01377,-0.00018,-0.00018,0.00011,1.0,295
35.0,80.0,0.7813,5.98278,0.03281,-0.00563,-0.00563,0.1248,1.0,265
36.0,39.0,0.79823,0.2124,0.15538,0.03238,0.03238,0.10792,1.0,445
36.0,40.0,0.89067,0.00932,0.08881,-0.01992,-0.01992,0.13358,1.0,1087
36.0,41.0,0.89601,6.13903,0.05329,-0.03611,-0.03611,0.15255,1.0,652
36.0,42.0,0.81733,6.0395,0.04283,-0.00719,-0.00719,0.18343,1.0,149
36.0,43.0,0.7449,5.74033,0.04184,0.00516,0.00516,0.05881,1.0,73
36.0,60.0,0.87279,2.899,0.05496,-0.02532,-0.02532,0.1529,1.0,330
36.0,61.0,0.82559,2.81893,0.09074,-0.03932,-0.03932,0.11881,1.0,648
36.0,62.0,0.92796,2.82799,0.08122,-0.02979,-0.02979,0.12043,1.0,1034
36.0,63.0,1.03805,2.76052,0.06187,-0.02871,-0.02871,0.08396,1.0,696
36.0,79.0,0.85592,6.03872,0.06151,-0.00332,-0.00332,0.09093,1.0,469
36.0,80.0,0.81335,0.01239,0.03323,-0.00048,-0.00048,0.00022,1.0,792
37.0,38.0,1.26832,0.45733,0.0147,0.00696,0.00696,0.01709,1.0,110
37.0,39.0,0.85381,0.17965,0.10505,-0.00534,-0.00534,0.12223,1.0,471
37.0,40.0,1.06147,5.95759,0.00726,0.00028,0.00028,0.00024,0.25458,1092
37.0,40.0,0.85413,0.23974,0.06264,-0.00724,-0.00724,0.09235,0.74542,1092
37.0,41.0,0.9317,6.07652,0.03788,-0.01169,-0.01169,0.12343,1.0,659
37.0,42.0,0.75267,5.79228,0.03365,-0.0286,-0.0286,0.12616,1.0,166
37.0,43.0,0.74728,5.73868,0.07771,-0.04145,-0.04145,0.28005,1.0,78
37.0,44.0,0.79178,5.86988,0.05497,0.03532,0.03532,0.07918,1.0,37
37.0,60.0,0.79111,3.08742,0.06121,-0.02336,-0.02336,0.21514,1.0,398
37.0,61.0,0.83201,3.1082,0.09466,-0.04969,-0.04969,0.25378,1.0,780
37.0,62.0,0.87063,3.14819,0.07305,-0.02082,-0.02082,0.16696,1.0,1031
37.0,63.0,0.93158,3.26413,0.04709,0.00424,0.00424,0.14282,1.0,282
37.0,78.0,0.8101,0.09099,0.05087,-0.08516,-0.08516,0.32631,1.0,91
37.0,79.0,0.85412,6.14196,0.05871,0.00736,0.00736,0.1102,1.0,517
37.0,80.0,0.87607,0.00368,0.04987,0.00089,0.00089,0.00035,1.0,927
37.0,81.0,0.94376,0.01534,0.01021,0.00052,0.00052,0.12503,1.0,448
38.0,39.0,0.8804,0.23152,0.06985,-0.00899,-0.00899,0.09659,1.0,475
38.0,40.0,0.93629,0.0204,0.05355,0.00672,0.00672,0.17745,1.0,1118
38.0,41.0,0.88728,6.24327,0.05777,0.00292,0.00292,0.15316,1.0,667
38.0,42.0,0.79956,5.97031,0.08148,-0.02579,-0.02579,0.18826,1.0,163
38.0,43.0,0.76536,5.75437,0.08927,-0.11308,-0.11308,0.31235,1.0,63
38.0,44.0,0.81872,5.85133,0.01267,0.00689,0.00689,0.00402,1.0,25
38.0,60.0,0.98364,2.982,0.03776,0.01299,0.01299,0.16085,1.0,452
38.0,61.0,0.87656,3.226,0.04689,-0.00295,-0.00295,0.21604,1.0,715
38.0,62.0,0.88674,3.26487,0.05954,-0.01368,-0.01368,0.11038,1.0,937
38.0,63.0,0.89002,3.47936,0.06103,0.01071,0.01071,0.10335,1.0,322
38.0,64.0,0.82086,4.06214,0.15995,-0.02977,-0.02977,0.05584,1.0,34
38.0,78.0,0.87748,0.19277,0.02438,0.00952,0.00952,0.12596,1.0,142
38.0,79.0,0.86527,0.02727,0.05263,0.01687,0.01687,0.15641,1.0,586
38.0,80.0,0.92481,0.04519,0.04053,-0.01006,-0.01006,0.1812,1.0,859
38.0,81.0,1.02968,0.2146,0.00137,-0.00558,-0.00558,0.02374,1.0,419
39.0,39.0,0.91048,0.07051,0.08266,0.01866,0.01866,0.16563,1.0,473
39.0,40.0,0.82052,0.21788,0.08546,-0.01847,-0.01847,0.09189,0.64333,1128
39.0,40.0,0.89842,5.95379,0.05398,0.10289,0.10289,0.34515,0.35667,1128
39.0,41.0,0.88517,0.00648,0.05221,-0.00472,-0.00472,0.17846,0.93853,656
39.0,41.0,0.59964,5.10127,0.03992,-0.02333,-0.02333,0.12552,0.06147,656
39.0,42.0,0.89805,6.02681,0.07366,-0.02064,-0.02064,0.18515,1.0,158
39.0,43.0,0.68476,5.812,0.00026,6e-05,6e-05,0.00023,1.0,48
39.0,60.0,0.63884,2.674,0.00104,0.00047,0.00047,0.00022,1.0,446
39.0,61.0,0.80874,3.19988,0.08471,-0.00294,-0.00294,0.27294,1.0,593
39.0,62.0,1.02194,3.24412,0.01817,0.00349,0.00349,0.04704,0.57008,795
39.0,62.0,0.62409,3.31094,0.03121,-0.02083,-0.02083,0.34283,0.42992,795
39.0,63.0,0.87169,3.27281,0.07803,0.02257,0.02257,0.05906,1.0,347
39.0,64.0,0.68493,3.52986,0.1499,0.11527,0.11527,0.16537,1.0,47
39.0,78.0,0.80838,0.14763,0.08427,0.03081,0.03081,0.07977,1.0,185
39.0,79.0,0.92566,0.05323,0.03843,0.01465,0.01465,0.18552,0.85035,610
39.0,79.0,0.25039,0.2063,0.00277,0.00637,0.00637,0.26342,0.14965,610
39.0,80.0,0.89808,0.00593,0.11079,0.02489,0.02489,0.15172,1.0,833
40.0,39.0,0.91297,0.04865,0.05623,-0.00792,-0.00792,0.10847,1.0,520
40.0,40.0,0.92231,0.02833,0.03447,0.0185,0.0185,0.12541,1.0,1121
40.0,41.0,0.90387,6.18786,0.03926,-0.00681,-0.00681,0.14679,1.0,662
40.0,42.0,0.72219,6.06538,0.04218,-0.01922,-0.01922,0.16855,1.0,155
40.0,60.0,0.85666,2.88533,0.09131,0.01398,0.01398,0.17151,1.0,401
40.0,61.0,0.87868,2.94944,0.0689,0.02684,0.02684,0.17457,1.0,484
40.0,62.0,0.84508,3.14093,0.06879,0.00156,0.00156,0.0003,1.0,684
40.0,63.0,0.89759,3.13872,0.04592,0.00114,0.00114,0.00032,1.0,320
40.0,64.0,1.14013,2.8105,0.00175,0.00048,0.00048,0.00013,1.0,39
40.0,78.0,0.68626,0.01535,0.06314,-0.0438,-0.0438,0.25357,1.0,185
40.0,79.0,0.84145,6.17869,0.08928,0.01861,0.01861,0.15527,1.0,596
40.0,80.0,0.93281,6.18415,0.08278,0.01786,0.01786,0.22209,1.0,815
40.0,81.0,0.99846,0.07543,0.0203,-0.0145,-0.0145,0.24702,1.0,413
41.0,38.0,1.09346,6.27568,0.03388,-0.0333,-0.0333,0.1083,1.0,116
41.0,39.0,0.91253,0.00027,0.03557,0.01207,0.01207,0.11673,1.0,532
41.0,40.0,0.85183,0.00603,0.0576,-0.00137,-0.00137,0.00045,1.0,1161
41.0,41.0,0.8757,6.01357,0.0653,-0.0034,-0.0034,0.14977,1.0,693
41.0,42.0,0.91832,5.78153,0.0798,0.02036,0.02036,0.12111,1.0,128
41.0,60.0,1.36383,2.453,0.01007,-0.00983,-0.00983,0.0096,1.0,340
41.0,61.0,0.83766,3.15076,0.04392,0.00015,0.00015,0.0003,1.0,483
41.0,62.0,0.83559,3.14204,0.07228,0.00106,0.00106,0.00038,1.0,676
41.0,63.0,0.91191,3.18167,0.08954,-0.04453,-0.04453,0.11434,1.0,257
41.0,78.0,0.67476,0.09276,0.08598,0.00817,0.00817,0.29395,1.0,186
41.0,79.0,0.88743,0.01276,0.06479,-0.00075,-0.00075,0.10089,1.0,605
41.0,80.0,0.96067,6.1895,0.03998,-0.02959,-0.02959,0.16805,1.0,784
41.0,81.0,1.01962,5.74503,0.02562,-0.02373,-0.02373,0.22018,1.0,395
42.0,38.0,1.17022,6.13011,0.01124,0.00587,0.00587,0.13848,1.0,126
42.0,39.0,0.82465,0.02813,0.02086,0.0007,0.0007,0.13573,1.0,538
42.0,40.0,0.92769,6.14553,0.04495,-0.00774,-0.00774,0.10967,1.0,1176
42.0,41.0,0.86796,6.27931,0.06513,-0.0008,-0.0008,0.00043,1.0,621
42.0,42.0,1.11338,5.50025,0.08342,0.01733,0.01733,0.03002,1.0,54
42.0,60.0,0.91865,2.93658,0.0776,-0.10662,-0.10662,0.33718,1.0,275
42.0,61.0,0.90605,3.02505,0.04374,-0.01473,-0.01473,0.17911,1.0,475
42.0,62.0,0.93953,3.14869,0.04569,-0.00606,-0.00606,0.12198,1.0,696
42.0,63.0,0.96388,3.14708,0.06321,-0.0364,-0.0364,0.12572,1.0,220
42.0,78.0,0.81001,0.09252,0.07132,-0.02288,-0.02288,0.21948,1.0,202
42.0,79.0,0.88525,0.00136,0.06656,-0.01804,-0.01804,0.10195,1.0,580
42.0,80.0,0.97192,6.18723,0.04055,-0.02999,-0.02999,0.11502,1.0,795
42.0,81.0,0.82117,6.24594,0.06079,-0.07315,-0.07315,0.12209,1.0,394
43.0,38.0,1.17993,0.21214,0.04435,0.06072,0.06072,0.14122,1.0,122
43.0,39.0,0.91825,0.16293,0.0426,0.00256,0.00256,0.12767,1.0,585
43.0,40.0,0.93905,6.28169,0.02859,-0.00044,-0.00044,0.00026,1.0,1196
43.0,41.0,1.03793,5.94074,0.03772,-0.0196,-0.0196,0.07686,1.0,480
43.0,60.0,1.00258,2.57057,0.05171,-0.02026,-0.02026,0.13442,1.0,268
43.0,61.0,0.84841,3.09748,0.05691,-0.01327,-0.01327,0.32415,0.82622,406
43.0,61.0,1.06461,2.82139,0.01392,-0.00017,-0.00017,0.00014,0.17378,406
43.0,62.0,0.95321,3.17768,0.04433,-0.02247,-0.02247,0.15884,1.0,665
43.0,63.0,0.92363,3.14061,0.05584,0.00068,0.00068,0.00022,1.0,257
43.0,78.0,0.84402,0.17289,0.0404,-0.03419,-0.03419,0.28363,1.0,219
43.0,79.0,0.90657,6.278,0.0442,0.00074,0.00074,0.0004,1.0,585
43.0,80.0,1.06227,5.96743,0.01853,-0.0003,-0.0003,0.00017,1.0,822
43.0,81.0,0.62213,0.06821,0.00143,0.00326,0.00326,0.10157,1.0,398
44.0,38.0,1.03774,0.59169,0.16691,-0.02584,-0.02584,0.10723,1.0,128
44.0,39.0,0.88487,0.12341,0.04695,-0.01027,-0.01027,0.19867,1.0,665
44.0,40.0,0.9528,6.28159,0.02651,0.00014,0.00014,0.00014,1.0,1264
44.0,41.0,0.98896,6.28303,0.01145,-0.00032,-0.00032,0.0001,1.0,325
44.0,60.0,0.85584,2.74508,0.08408,0.02645,0.02645,0.18623,1.0,245
44.0,61.0,0.87808,2.86575,0.06567,-0.00189,-0.00189,0.16738,1.0,383
44.0,62.0,0.84528,3.13882,0.06686,0.00096,0.00096,0.00032,1.0,616
44.0,63.0,0.82436,3.13538,0.08821,0.00076,0.00076,0.00027,1.0,272
44.0,78.0,0.87036,6.27534,0.03848,0.01557,0.01557,0.07648,0.63375,207
44.0,78.0,0.72442,1.83688,0.07074,0.32748,0.32748,3.22445,0.36625,207
44.0,79.0,0.89423,6.25673,0.05231,0.00198,0.00198,0.1074,1.0,586
44.0,80.0,0.89529,0.00124,0.0693,-0.03095,-0.03095,0.1721,1.0,859
44.0,81.0,0.91706,5.79233,0.1004,-0.04226,-0.04226,0.05759,1.0,401
45.0,38.0,0.8866,0.50948,0.09451,-0.02519,-0.02519,0.14235,1.0,137
45.0,39.0,0.87863,0.21092,0.05996,0.00503,0.00503,0.19298,1.0,673
45.0,40.0,0.93774,6.28158,0.03237,0.00105,0.00105,0.00019,1.0,1335
45.0,41.0,1.02162,0.00315,0.01224,0.00064,0.00064,0.00015,1.0,337
45.0,59.0,0.91581,2.41686,0.15667,0.07721,0.07721,0.0669,1.0,290
45.0,60.0,0.91642,2.77367,0.08916,0.043,0.043,0.18372,1.0,271
45.0,61.0,0.91098,2.97294,0.05838,0.01101,0.01101,0.14093,1.0,393
45.0,62.0,0.92316,3.03364,0.04183,0.00855,0.00855,0.10467,1.0,555
45.0,63.0,0.88399,3.08118,0.0455,0.00247,0.00247,0.08518,1.0,207
45.0,78.0,0.80579,0.22332,0.05236,-0.00199,-0.00199,0.09394,1.0,194
45.0,79.0,0.87081,0.05562,0.05629,0.01179,0.01179,0.12066,1.0,569
45.0,80.0,0.88347,6.27645,0.04107,0.01852,0.01852,0.15146,1.0,840
45.0,81.0,0.88138,6.02362,0.02034,0.03785,0.03785,0.16821,1.0,415
46.0,39.0,0.9012,0.09082,0.04125,-0.01026,-0.01026,0.11243,1.0,649
46.0,40.0,0.92319,0.00194,0.04865,0.00062,0.00062,0.00028,1.0,1402
46.0,41.0,0.89624,0.00274,0.04787,-0.00025,-0.00025,0.00024,1.0,417
46.0,59.0,0.62003,3.14,0.06213,-0.00096,-0.00096,0.00081,1.0,300
46.0,60.0,0.93625,2.81962,0.06572,-0.03087,-0.03087,0.07613,1.0,281
46.0,61.0,0.95456,2.85661,0.05241,-0.00317,-0.00317,0.19458,1.0,391
46.0,62.0,0.93456,3.144,0.03897,-1e-05,-1e-05,0.00018,1.0,478
46.0,78.0,0.73317,0.3996,0.08931,-0.01237,-0.01237,0.19024,1.0,161
46.0,79.0,0.90286,0.09891,0.05041,-0.00884,-0.00884,0.0652,1.0,583
46.0,80.0,0.91805,0.01307,0.0465,-0.00654,-0.00654,0.10318,1.0,866
46.0,81.0,0.95686,6.06706,0.00074,-0.00412,-0.00412,0.02337,1.0,422
47.0,39.0,0.93643,0.03222,0.05144,-0.01345,-0.01345,0.08006,1.0,629
47.0,40.0,0.91937,6.28303,0.0365,0.00013,0.00013,0.00023,1.0,1370
47.0,41.0,0.92493,0.00217,0.03993,-0.00075,-0.00075,0.0002,1.0,446
47.0,59.0,0.69987,2.63742,0.08324,-0.00874,-0.00874,0.20653,1.0,326
47.0,60.0,0.79316,2.7197,0.08181,-0.00048,-0.00048,0.16093,1.0,293
47.0,61.0,0.91558,2.89227,0.05978,-0.02574,-0.02574,0.16496,1.0,368
47.0,62.0,0.89441,3.14216,0.04373,-4e-05,-4e-05,0.00018,1.0,474
47.0,63.0,0.97849,3.14862,0.01263,-0.0006,-0.0006,0.00017,1.0,119
47.0,78.0,1.03831,0.3226,0.00542,0.00023,0.00023,0.00015,1.0,80
47.0,79.0,0.94345,0.16168,0.04581,-0.00866,-0.00866,0.07418,1.0,602
47.0,80.0,0.85987,6.24995,0.06542,0.02987,0.02987,0.22377,1.0,903
47.0,81.0,0.36646,6.27664,0.07918,-0.00103,-0.00103,0.00042,1.0,407
48.0,38.0,1.01884,0.24268,0.02264,0.03912,0.03912,0.21728,1.0,96
48.0,39.0,0.97375,0.08402,0.04281,0.00978,0.00978,0.10001,1.0,655
48.0,40.0,0.88341,0.002,0.05086,0.00085,0.00085,0.00032,1.0,1334
48.0,41.0,0.95066,0.00086,0.04072,0.02985,0.02985,0.12786,1.0,415
48.0,57.0,0.67767,2.6334,0.14314,0.01069,0.01069,0.14052,1.0,745
48.0,58.0,0.80255,2.5614,0.09475,-0.00181,-0.00181,0.09321,1.0,602
48.0,59.0,0.82894,2.52942,0.06802,0.00999,0.00999,0.11546,1.0,364
48.0,60.0,0.93749,2.53836,0.04763,-0.01539,-0.01539,0.16732,1.0,297
48.0,61.0,0.91545,2.80375,0.05903,-0.00317,-0.00317,0.11845,1.0,315
48.0,62.0,0.90845,3.14491,0.04402,-0.00072,-0.00072,0.00029,1.0,416
48.0,63.0,0.87393,3.14507,0.0663,-0.00209,-0.00209,0.00034,1.0,121
48.0,79.0,0.88403,0.05647,0.06184,0.02015,0.02015,0.09142,1.0,600
48.0,80.0,0.8401,6.24548,0.05906,0.02984,0.02984,0.15673,1.0,936
48.0,81.0,0.63021,5.829,0.10176,-0.04713,-0.04713,0.14127,1.0,410
49.0,38.0,1.03188,0.48571,0.05304,0.02776,0.02776,0.06854,1.0,103
49.0,39.0,0.97513,0.25286,0.04719,0.00963,0.00963,0.13877,1.0,568
49.0,40.0,0.96359,0.22989,0.06238,0.01937,0.01937,0.0631,1.0,1352
49.0,41.0,0.94791,0.27283,0.08549,0.02547,0.02547,0.03885,1.0,476
49.0,58.0,0.76236,2.83582,0.10457,0.01888,0.01888,0.20191,1.0,614
49.0,59.0,0.93144,2.44443,0.05388,0.02446,0.02446,0.14044,1.0,392
49.0,60.0,0.99717,2.50882,0.05411,0.00083,0.00083,0.14286,1.0,297
49.0,61.0,1.00397,2.69669,0.04771,0.02843,0.02843,0.20361,1.0,326
49.0,62.0,0.96507,3.14163,0.01619,-0.00039,-0.00039,0.00017,0.37433,331
49.0,62.0,0.92331,2.88523,0.08234,0.01141,0.01141,0.2004,0.62567,331
49.0,63.0,0.81859,3.13725,0.04991,0.00122,0.00122,0.00032,1.0,101
49.0,79.0,0.91042,0.05054,0.05319,-0.00441,-0.00441,0.10165,1.0,576
49.0,80.0,0.86849,6.25019,0.05752,0.00263,0.00263,0.20743,1.0,972
49.0,81.0,0.86631,5.5802,0.04421,-0.02196,-0.02196,0.15029,1.0,424
50.0,38.0,1.17702,0.59267,0.03072,0.00203,0.00203,0.00014,1.0,91
50.0,39.0,1.03086,0.41604,0.05628,0.00652,0.00652,0.13996,1.0,445
50.0,40.0,0.91443,0.31601,0.07815,0.00679,0.00679,0.10241,1.0,1310
50.0,41.0,0.78917,0.26938,0.10651,0.00029,0.00029,0.09094,1.0,629
50.0,42.0,0.942,0.47025,0.0488,-0.03861,-0.03861,0.03164,1.0,37
50.0,58.0,1.02247,2.84071,0.05481,-0.01995,-0.01995,0.2381,1.0,687
50.0,59.0,0.99121,2.4479,0.05029,0.02694,0.02694,0.14398,1.0,429
50.0,60.0,1.10328,2.4515,0.03194,0.00659,0.00659,0.11525,1.0,317
50.0,61.0,1.1075,2.57528,0.04019,-0.00053,-0.00053,0.10162,1.0,312
50.0,62.0,1.04935,2.93739,0.02168,-0.01059,-0.01059,0.11138,1.0,227
50.0,63.0,0.97459,3.126,0.00774,0.00075,0.00075,0.00019,1.0,58
50.0,79.0,0.87289,0.02014,0.07827,-0.01402,-0.01402,0.18409,0.93664,570
50.0,79.0,0.54027,1.19671,0.00405,-0.0231,-0.0231,0.1325,0.06336,570
50.0,80.0,0.84821,0.02178,0.06359,0.00905,0.00905,0.20289,1.0,929
51.0,39.0,1.07016,0.32648,0.03893,-0.02528,-0.02528,0.20181,1.0,398
51.0,40.0,0.91328,0.21442,0.05909,-0.00215,-0.00215,0.14409,1.0,1128
51.0,41.0,0.84259,0.15128,0.05955,0.00561,0.00561,0.1214,1.0,814
51.0,42.0,0.82019,0.00831,0.07743,-0.00515,-0.00515,0.00067,1.0,137
51.0,57.0,1.01509,2.702,0.01587,-0.02525,-0.02525,0.05906,1.0,800
51.0,58.0,0.98709,2.82316,0.04475,0.00789,0.00789,0.22307,1.0,860
51.0,59.0,1.0496,2.68627,0.03205,-0.01775,-0.01775,0.0929,1.0,441
51.0,60.0,1.09843,2.61389,0.05337,-0.02288,-0.02288,0.05544,1.0,354
51.0,61.0,1.12894,2.65108,0.05032,-0.02582,-0.02582,0.08611,1.0,250
51.0,62.0,0.99753,3.13386,0.0042,0.0002,0.0002,0.00014,1.0,141
51.0,63.0,1.01521,3.13325,0.00094,0.00037,0.00037,0.00015,1.0,30
51.0,78.0,0.79346,0.00666,0.07387,0.00083,0.00083,0.00038,1.0,84
51.0,79.0,0.86994,0.04409,0.06105,0.00388,0.00388,0.06615,1.0,597
51.0,80.0,0.90911,0.08339,0.05579,-0.02453,-0.02453,0.21729,1.0,865
52.0,39.0,1.13828,0.17645,0.00902,0.0027,0.0027,0.12063,1.0,388
52.0,40.0,0.92594,0.18798,0.02904,-0.00174,-0.00174,0.1432,1.0,1030
52.0,41.0,0.89742,0.01706,0.03293,0.00831,0.00831,0.13012,1.0,840
52.0,42.0,0.93,6.09143,0.03068,0.03288,0.03288,0.11895,1.0,150
52.0,57.0,0.92746,2.80929,0.05138,-0.0112,-0.0112,0.1055,1.0,885
52.0,58.0,0.98112,2.78117,0.03864,-0.01305,-0.01305,0.1204,1.0,1056
52.0,59.0,0.96923,2.78807,0.09888,-0.03442,-0.03442,0.16545,1.0,533
52.0,60.0,1.04509,2.67248,0.13533,-0.07867,-0.07867,0.14303,1.0,321
52.0,61.0,1.02109,2.69943,0.08538,-0.00106,-0.00106,0.06245,1.0,189
52.0,78.0,0.68622,0.47771,0.08922,-0.04191,-0.04191,0.02087,1.0,101
52.0,79.0,0.78755,0.1604,0.09645,-0.00708,-0.00708,0.09742,1.0,580
52.0,80.0,0.8461,6.15394,0.07489,-0.00581,-0.00581,0.17689,1.0,864
52.0,81.0,0.78376,5.9022,0.01987,0.00965,0.00965,0.00501,1.0,446
53.0,39.0,0.89613,0.40589,0.06621,0.00832,0.00832,0.15637,1.0,359
53.0,40.0,0.82273,0.2345,0.04367,0.00155,0.00155,0.13501,1.0,1117
53.0,41.0,0.85344,0.03233,0.04457,-0.00612,-0.00612,0.10372,1.0,959
53.0,42.0,0.86016,6.27065,0.05205,0.00078,0.00078,0.00029,1.0,163
53.0,57.0,0.97733,2.79688,0.04781,-0.01352,-0.01352,0.03475,1.0,996
53.0,58.0,1.10656,2.73709,0.01573,-0.01632,-0.01632,0.08303,0.61052,1199
53.0,58.0,0.70878,2.75584,0.06262,0.04262,0.04262,0.37993,0.38948,1199
53.0,59.0,1.29261,2.47811,0.03096,-0.01141,-0.01141,0.00833,0.26629,505
53.0,59.0,0.82268,2.74256,0.10311,-0.01706,-0.01706,0.24359,0.73371,505
53.0,60.0,0.81941,2.31223,0.16177,0.04388,0.04388,0.35989,1.0,251
53.0,61.0,0.8538,2.59167,0.09156,0.03716,0.03716,0.16801,1.0,105
53.0,62.0,0.94418,2.77656,0.02741,0.00999,0.00999,0.00458,1.0,46
53.0,78.0,0.91592,0.3812,0.01811,-0.00857,-0.00857,0.00511,1.0,50
53.0,79.0,0.82847,0.06919,0.09203,-0.01308,-0.01308,0.11634,1.0,573
53.0,80.0,0.85059,6.22645,0.08297,-0.0073,-0.0073,0.12978,1.0,920
53.0,81.0,0.90523,5.949,0.00032,0.00029,0.00029,0.00026,1.0,435
54.0,39.0,0.81994,0.55957,0.05441,0.03707,0.03707,0.09627,1.0,286
54.0,40.0,0.78705,0.28534,0.07344,-0.0036,-0.0036,0.11582,1.0,1125
54.0,41.0,0.82845,0.00231,0.06435,-0.00206,-0.00206,0.00061,1.0,1044
54.0,42.0,0.91391,6.28313,0.03709,-0.00099,-0.00099,0.00067,1.0,195
54.0,57.0,1.0388,2.67396,0.04801,-0.01547,-0.01547,0.06009,1.0,1254
54.0,58.0,1.00485,2.58968,0.08801,-0.01638,-0.01638,0.147,1.0,1087
54.0,59.0,0.96007,2.6204,0.08609,-0.05029,-0.05029,0.26767,1.0,366
54.0,60.0,0.98398,2.22486,0.09575,0.03902,0.03902,0.08508,1.0,132
54.0,61.0,0.85845,2.67825,0.1102,-0.04421,-0.04421,0.11529,1.0,57
54.0,79.0,0.9517,0.0042,0.04402,0.00389,0.00389,0.06715,1.0,585
54.0,80.0,1.0323,6.24255,0.01059,-0.00329,-0.00329,0.09062,0.57515,971
54.0,80.0,0.43189,0.44922,0.03919,-0.00659,-0.00659,0.59947,0.33325,971
54.0,80.0,0.46997,4.88749,0.13139,0.22893,0.22893,0.53613,0.0916,971
54.0,81.0,0.65707,6.1554,0.0974,-0.02668,-0.02668,0.41435,1.0,410
55.0,40.0,0.80979,0.37686,0.07738,0.0231,0.0231,0.11195,1.0,1028
55.0,41.0,0.79992,0.00067,0.07255,-0.00066,-0.00066,0.00048,1.0,1134
55.0,42.0,1.03573,0.32345,0.01177,5e-05,5e-05,0.00018,1.0,241
55.0,56.0,0.95847,2.67021,0.06919,-0.00454,-0.00454,0.03814,1.0,642
55.0,57.0,1.02336,2.64336,0.05737,-0.01913,-0.01913,0.08392,1.0,1507
55.0,58.0,1.03849,2.62655,0.06003,-0.04159,-0.04159,0.16868,1.0,705
55.0,59.0,1.11265,2.68958,0.05149,0.00437,0.00437,0.34957,1.0,167
55.0,60.0,1.22604,2.55933,0.02378,-0.04195,-0.04195,0.10701,1.0,60
55.0,78.0,0.59573,0.7368,0.17333,0.25586,0.25586,1.04913,1.0,43
55.0,79.0,0.87653,6.27681,0.08285,0.00213,0.00213,0.00032,0.8299,600
55.0,79.0,0.29547,1.04552,0.00935,-0.05694,-0.05694,0.357,0.1701,600
55.0,80.0,1.02176,6.17781,0.01297,0.00332,0.00332,0.04327,0.50264,925
55.0,80.0,0.58834,0.23232,0.06582,-0.07171,-0.07171,0.64428,0.45736,925
55.0,80.0,0.10233,4.265,0.01047,0.04809,0.04809,0.2209,0.04,925
55.0,81.0,0.76244,5.79192,0.07742,-0.01132,-0.01132,0.16328,1.0,394
56.0,40.0,0.73921,0.40432,0.05272,0.05753,0.05753,0.21665,1.0,616
56.0,41.0,0.97293,0.46608,0.05579,0.03084,0.03084,0.10086,1.0,1322
56.0,42.0,1.06286,0.67269,0.03974,0.00701,0.00701,0.04794,1.0,682
56.0,56.0,1.08589,2.51324,0.04346,-0.01402,-0.01402,0.05624,1.0,1134
56.0,57.0,1.05774,2.57734,0.06564,-0.03718,-0.03718,0.10575,1.0,1159
56.0,58.0,1.02876,2.56568,0.06704,-0.04218,-0.04218,0.16441,1.0,256
56.0,59.0,0.97515,2.52042,0.11474,-0.0777,-0.0777,0.18391,1.0,74
56.0,60.0,1.15121,3.64533,0.00804,0.01221,0.01221,0.01912,1.0,32
56.0,61.0,0.95459,3.1064,0.04219,0.06107,0.06107,0.16758,1.0,15
56.0,78.0,0.603,0.45929,0.09422,-0.00568,-0.00568,0.28543,1.0,83
56.0,79.0,0.90556,6.21546,0.06332,-0.01581,-0.01581,0.0582,1.0,628
56.0,80.0,0.92011,6.11902,0.04029,-0.01776,-0.01776,0.0646,1.0,915
57.0,40.0,0.73137,0.59353,0.0511,0.0356,0.0356,0.15044,1.0,247
57.0,41.0,1.00847,0.69233,0.05307,0.01338,0.01338,0.06318,1.0,877
57.0,42.0,1.03198,0.83875,0.05894,0.0101,0.0101,0.05711,1.0,1060
57.0,43.0,1.00824,0.80493,0.07413,0.01695,0.01695,0.06905,1.0,767
57.0,44.0,0.73442,0.6374,0.02538,0.01027,0.01027,0.14084,1.0,94
57.0,55.0,1.07573,2.41763,0.07046,0.00122,0.00122,0.04725,1.0,979
57.0,56.0,1.13117,2.44958,0.0383,-0.01105,-0.01105,0.06602,1.0,1564
57.0,57.0,1.10831,2.39324,0.03919,-0.00085,-0.00085,0.12025,1.0,387
57.0,58.0,0.98964,2.22423,0.1149,0.04381,0.04381,0.13494,1.0,105
57.0,59.0,0.92395,2.08337,0.13788,0.048,0.048,0.14698,1.0,35
57.0,78.0,1.01634,6.21787,0.03916,-0.03256,-0.03256,0.11267,1.0,136
57.0,79.0,0.94812,6.10461,0.05659,-0.01902,-0.01902,0.10332,1.0,762
57.0,80.0,0.90342,6.00653,0.05447,-0.01102,-0.01102,0.08753,1.0,836
58.0,41.0,0.96498,0.75955,0.05138,0.01061,0.01061,0.05566,1.0,284
58.0,42.0,1.04323,0.78338,0.05746,0.00902,0.00902,0.08478,1.0,1035
58.0,43.0,1.00638,0.73058,0.0736,0.02024,0.02024,0.07343,1.0,1227
58.0,44.0,1.00317,0.66155,0.08459,0.02586,0.02586,0.06837,1.0,722
58.0,45.0,0.88196,0.47633,0.00145,9e-05,9e-05,0.00012,1.0,64
58.0,54.0,1.01342,2.35669,0.14691,-0.0236,-0.0236,0.08218,1.0,984
58.0,55.0,1.09835,2.35706,0.10309,-0.00336,-0.00336,0.04185,1.0,1604
58.0,56.0,0.97971,2.35856,0.08417,-0.00072,-0.00072,0.00021,1.0,537
58.0,57.0,0.99874,1.9128,0.01266,-0.00537,-0.00537,0.00364,1.0,127
58.0,61.0,0.39515,4.46933,0.0046,-0.02464,-0.02464,0.13488,1.0,12
58.0,78.0,0.9625,5.85666,0.13339,-0.01125,-0.01125,0.16247,1.0,336
58.0,79.0,0.96765,5.91172,0.06996,-0.01939,-0.01939,0.09751,1.0,988
58.0,80.0,0.89908,5.81497,0.05829,-0.02707,-0.02707,0.06637,1.0,627
59.0,42.0,0.91387,0.81483,0.06954,-0.01333,-0.01333,0.18697,1.0,251
59.0,43.0,1.01215,0.69301,0.07074,0.02018,0.02018,0.09021,1.0,893
59.0,44.0,0.99878,0.66816,0.08591,0.01776,0.01776,0.07042,1.0,1190
59.0,45.0,1.04207,0.65692,0.09844,0.01629,0.01629,0.02557,1.0,592
59.0,53.0,1.08038,2.29467,0.10772,0.01123,0.01123,0.03973,1.0,966
59.0,54.0,1.09112,2.35197,0.12053,-0.01767,-0.01767,0.07022,1.0,1584
59.0,55.0,0.9876,2.32529,0.08958,-0.01351,-0.01351,0.09322,1.0,597
59.0,56.0,0.958,2.35789,0.07385,-0.00855,-0.00855,0.06153,1.0,143
59.0,78.0,0.95039,5.63697,0.1304,0.01342,0.01342,0.41397,0.875,680
59.0,78.0,1.02127,2.747,0.05046,0.01419,0.01419,0.00501,0.125,680
59.0,79.0,0.96274,5.80427,0.09165,-0.03547,-0.03547,0.07239,1.0,934
59.0,80.0,0.84452,5.75882,0.04763,-0.0341,-0.0341,0.10858,1.0,364
60.0,43.0,0.84672,0.77715,0.04043,-0.00515,-0.00515,0.11234,1.0,273
60.0,44.0,0.94768,0.77992,0.09405,0.00784,0.00784,0.11603,1.0,987
60.0,45.0,1.05853,0.73378,0.09146,0.00226,0.00226,0.05261,1.0,1126
60.0,46.0,1.23897,0.69561,0.06949,0.00373,0.00373,0.03313,1.0,468
60.0,51.0,1.1584,2.06104,0.03659,0.02443,0.02443,0.02545,1.0,276
60.0,52.0,1.11969,2.32064,0.11847,0.00356,0.00356,0.0263,1.0,995
60.0,53.0,1.21069,2.31755,0.06576,0.00299,0.00299,0.03835,1.0,1547
60.0,54.0,0.97883,2.27897,0.05108,0.01655,0.01655,0.13747,1.0,578
60.0,55.0,1.01337,2.34571,0.03416,-0.02337,-0.02337,0.13323,1.0,167
60.0,77.0,1.05372,5.55692,0.08373,0.00437,0.00437,0.07162,1.0,541
60.0,78.0,1.04234,5.66327,0.10115,-0.02897,-0.02897,0.08399,0.95312,1040
60.0,78.0,0.90905,2.682,0.00038,-0.00016,-0.00016,0.00011,0.04688,1040
60.0,79.0,0.90675,5.78253,0.10114,-0.04457,-0.04457,0.06998,1.0,522
61.0,43.0,0.76765,1.1588,0.03929,0.04845,0.04845,0.06457,1.0,81
61.0,44.0,0.80044,1.05229,0.05129,0.00135,0.00135,0.08249,1.0,286
61.0,45.0,1.04799,0.85997,0.09801,-0.01663,-0.01663,0.06437,1.0,1036
61.0,46.0,0.98014,1.06001,0.07902,-0.00411,-0.00411,0.08301,1.0,1070
61.0,47.0,0.99254,1.27675,0.04509,-0.0092,-0.0092,0.11021,1.0,912
61.0,48.0,0.8835,1.80162,0.05676,0.00954,0.00954,0.05868,1.0,469
61.0,49.0,0.89544,1.63823,0.03708,0.0122,0.0122,0.09197,1.0,671
61.0,50.0,0.93792,1.83526,0.06427,0.00156,0.00156,0.08833,1.0,979
61.0,51.0,0.97163,2.01759,0.10727,0.03203,0.03203,0.07688,1.0,1369
61.0,52.0,1.36657,2.26808,0.02576,0.01044,0.01044,0.01018,0.43614,1581
61.0,52.0,0.87645,2.24596,0.0861,-0.01484,-0.01484,0.11965,0.56386,1581
61.0,53.0,1.02315,2.40988,0.0495,-0.00099,-0.00099,0.085,1.0,584
61.0,54.0,1.15263,2.6196,0.05107,-0.06536,-0.06536,0.11968,1.0,161
61.0,75.0,0.51712,6.06979,0.06441,-0.04535,-0.04535,0.11075,1.0,74
61.0,76.0,0.81708,5.69907,0.09024,-0.031,-0.031,0.11756,0.82608,532
61.0,76.0,0.40966,0.55364,0.00186,-0.01183,-0.01183,0.46534,0.17392,532
61.0,77.0,1.04566,5.5319,0.0793,0.00423,0.00423,0.06163,1.0,975
61.0,78.0,0.95094,5.51412,0.09067,-0.0059,-0.0059,0.16592,1.0,668
61.0,79.0,0.78179,5.4676,0.12498,-0.04637,-0.04637,0.47612,1.0,157
62.0,45.0,0.90538,1.00376,0.0757,-0.00496,-0.00496,0.10996,1.0,319
62.0,46.0,0.92967,1.18913,0.08976,-0.01454,-0.01454,0.08314,1.0,1063
62.0,47.0,0.86859,1.52575,0.07431,-0.0025,-0.0025,0.16354,0.96263,1233
62.0,47.0,0.63024,0.45134,0.00359,-0.00076,-0.00076,0.00019,0.03737,1233
62.0,48.0,0.98257,1.93194,0.03606,-0.00915,-0.00915,0.00447,0.3673,1521
62.0,48.0,0.82712,1.54663,0.06308,-0.00469,-0.00469,0.24543,0.6327,1521
62.0,49.0,0.97457,1.76308,0.02817,0.00292,0.00292,0.07717,0.76177,1538
62.0,49.0,0.56641,1.51611,0.02258,-0.03286,-0.03286,0.83423,0.23823,1538
62.0,50.0,0.94724,1.9772,0.06463,-0.01366,-0.01366,0.094,1.0,1537
62.0,51.0,0.93516,2.04639,0.12399,0.04696,0.04696,0.10223,1.0,1168
62.0,52.0,0.82365,2.26347,0.1025,-0.02848,-0.02848,0.1832,1.0,471
62.0,75.0,0.85109,5.87452,0.14265,-0.07533,-0.07533,0.09413,1.0,410
62.0,76.0,0.85903,5.54971,0.12192,0.01112,0.01112,0.31402,1.0,986
62.0,77.0,0.96521,5.50514,0.10502,-0.00951,-0.00951,0.08592,1.0,695
62.0,78.0,0.9784,5.38222,0.09063,0.01291,0.01291,0.02945,1.0,188
63.0,46.0,0.95469,1.4814,0.04563,0.04058,0.04058,0.25695,1.0,290
63.0,47.0,0.85934,1.67242,0.08268,0.02751,0.02751,0.15283,1.0,616
63.0,48.0,0.846,1.4683,0.07597,0.08667,0.08667,0.737,1.0,826
63.0,49.0,0.91719,2.05168,0.09237,-2e-05,-2e-05,0.12816,1.0,715
63.0,50.0,0.97139,2.24618,0.05248,-0.02099,-0.02099,0.07417,1.0,495
63.0,74.0,1.10861,5.53993,0.0251,0.00971,0.00971,0.0366,1.0,347
63.0,75.0,1.03208,5.52881,0.08591,0.05151,0.05151,0.07537,0.91304,845
63.0,75.0,0.24845,3.126,0.02371,-0.08224,-0.08224,0.30501,0.08696,845
63.0,76.0,1.0738,5.57149,0.07336,0.0046,0.0046,0.07324,0.83478,894
63.0,76.0,0.5968,2.7212,0.11242,-0.07143,-0.07143,0.10386,0.09259,894
63.0,76.0,0.27864,5.8791,0.00033,-0.00613,-0.00613,0.16898,0.07263,894
63.0,77.0,0.77572,5.3,0.09313,-0.00704,-0.00704,0.13479,1.0,245
64.0,47.0,0.91828,1.91425,0.01241,-0.00493,-0.00493,0.00305,1.0,214
64.0,48.0,1.13495,2.11867,0.03872,0.03851,0.03851,0.09099,0.54545,274
64.0,48.0,0.60677,5.72548,0.07096,-0.06999,-0.06999,0.36668,0.45455,274
64.0,65.0,0.97541,4.59338,0.07046,0.00973,0.00973,0.47923,1.0,249
64.0,70.0,0.83845,5.26657,0.07381,0.05668,0.05668,0.13044,1.0,290
64.0,71.0,0.63647,4.927,0.02979,0.06169,0.06169,0.30338,1.0,437
64.0,72.0,0.91284,4.87464,0.04858,0.01188,0.01188,0.26914,1.0,543
64.0,73.0,0.86915,5.01676,0.04282,-0.00453,-0.00453,0.13521,1.0,711
64.0,74.0,1.01219,5.29316,0.06315,0.03083,0.03083,0.10676,1.0,980
64.0,75.0,1.11445,5.44659,0.06337,0.02858,0.02858,0.07567,1.0,1101
64.0,76.0,1.05013,5.4078,0.0973,0.01833,0.01833,0.09725,1.0,288
65.0,45.0,0.91086,2.339,0.04713,0.04953,0.04953,0.15153,1.0,196
65.0,46.0,0.96693,2.15033,0.06281,0.10438,0.10438,0.22157,1.0,224
65.0,55.0,1.03945,4.7754,0.01268,0.01643,0.01643,0.05554,1.0,490
65.0,57.0,1.04596,4.5825,0.00951,0.0185,0.0185,0.03829,1.0,505
65.0,58.0,0.76597,4.725,0.14405,-0.00674,-0.00674,0.00064,1.0,546
65.0,59.0,0.75157,4.90229,0.07239,-0.01598,-0.01598,0.03817,1.0,548
65.0,62.0,0.82284,5.0925,0.00416,-0.00358,-0.00358,0.00308,1.0,587
65.0,63.0,0.87075,5.065,0.00503,-0.00306,-0.00306,0.0023,1.0,567
65.0,64.0,0.80811,4.95178,0.06486,0.03415,0.03415,0.13569,1.0,584
65.0,65.0,0.9497,3.94929,0.02254,-0.03273,-0.03273,0.25682,1.0,564
65.0,66.0,0.80555,3.9414,0.06043,-0.01868,-0.01868,0.07156,1.0,600
65.0,69.0,1.16847,5.39357,0.03845,0.01863,0.01863,0.02533,1.0,645
65.0,70.0,1.00738,5.19319,0.04762,0.041,0.041,0.12632,1.0,692
65.0,71.0,0.85468,4.96605,0.03968,0.04152,0.04152,0.21735,1.0,720
65.0,72.0,0.90528,5.16593,0.0595,-0.01008,-0.01008,0.15707,1.0,816
65.0,73.0,0.9689,5.28069,0.07322,0.01426,0.01426,0.19294,1.0,923
65.0,74.0,1.08014,5.36873,0.07914,0.03172,0.03172,0.15587,1.0,685
65.0,75.0,1.12837,5.34643,0.0892,0.03373,0.03373,0.10644,1.0,184
66.0,44.0,0.85337,2.33771,0.01826,-0.00402,-0.00402,0.07809,1.0,211
66.0,45.0,0.95579,2.4556,0.04299,0.01345,0.01345,0.09984,1.0,259
66.0,47.0,1.08746,4.85025,0.01909,0.04481,0.04481,0.11424,1.0,346
66.0,48.0,0.84124,4.9644,0.05269,-0.08359,-0.08359,0.14237,1.0,341
66.0,49.0,0.8873,5.0398,0.02716,-0.01233,-0.01233,0.08859,1.0,320
66.0,50.0,1.13856,5.1754,0.01743,0.02222,0.02222,0.20822,1.0,310
66.0,51.0,1.07613,5.23456,0.02661,0.02138,0.02138,0.04844,1.0,406
66.0,52.0,1.00083,4.78064,0.01604,0.01282,0.01282,0.12,1.0,391
66.0,53.0,0.91162,4.89312,0.07815,-0.04892,-0.04892,0.32764,1.0,419
66.0,54.0,1.01975,4.80267,0.05073,0.01368,0.01368,0.2146,1.0,433
66.0,56.0,1.01365,4.87389,0.01701,0.00186,0.00186,0.11862,1.0,481
66.0,57.0,0.95221,4.76596,0.02122,-0.00173,-0.00173,0.08344,1.0,535
66.0,58.0,0.78572,4.71793,0.05948,-0.00273,-0.00273,0.00052,1.0,548
66.0,59.0,0.83233,4.56424,0.04411,-0.01978,-0.01978,0.17048,1.0,493
66.0,60.0,0.87878,4.77747,0.05817,-0.06124,-0.06124,0.17006,1.0,453
66.0,61.0,0.84176,4.86342,0.05136,-0.03497,-0.03497,0.14679,1.0,426
66.0,62.0,0.8725,4.72124,0.06607,-0.02,-0.02,0.17653,1.0,435
66.0,63.0,0.88282,4.88962,0.07819,0.02217,0.02217,0.11559,1.0,441
66.0,64.0,0.86438,4.75137,0.06059,0.03616,0.03616,0.25459,0.87503,446
66.0,64.0,1.05281,2.93095,0.00048,-0.00246,-0.00246,0.02553,0.12497,446
66.0,65.0,0.81961,4.60994,0.05581,0.01222,0.01222,0.11488,1.0,451
66.0,66.0,0.7873,4.43767,0.08509,0.02946,0.02946,0.14522,1.0,488
66.0,67.0,0.88996,5.07291,0.05669,-0.05457,-0.05457,0.23086,1.0,558
66.0,68.0,0.88659,5.05356,0.07367,-0.03788,-0.03788,0.22763,1.0,665
66.0,69.0,1.01857,5.11433,0.06067,0.03001,0.03001,0.0955,1.0,619
66.0,70.0,0.964,4.98246,0.049,0.00458,0.00458,0.13011,1.0,502
66.0,71.0,0.95029,5.01032,0.05956,0.00575,0.00575,0.18889,1.0,454
66.0,72.0,0.92092,5.09638,0.07356,0.01069,0.01069,0.20007,1.0,428
66.0,73.0,1.0207,5.41996,0.07426,-0.00999,-0.00999,0.07541,1.0,320
66.0,74.0,1.05553,5.58994,0.09345,-0.02832,-0.02832,0.14444,1.0,142
67.0,43.0,1.12547,5.3512,0.00455,0.01547,0.01547,0.15782,1.0,252
67.0,44.0,1.07664,5.07212,0.01073,0.01547,0.01547,0.26482,1.0,304
67.0,45.0,0.99702,4.93683,0.02497,0.02768,0.02768,0.28087,1.0,347
67.0,46.0,1.02362,4.7395,0.01039,0.00387,0.00387,0.21936,1.0,359
67.0,47.0,0.98273,5.10756,0.05889,0.00669,0.00669,0.16903,1.0,375
67.0,48.0,0.92363,5.06995,0.05924,0.00699,0.00699,0.17362,1.0,347
67.0,49.0,0.91646,5.00371,0.04906,0.0434,0.0434,0.22167,1.0,307
67.0,50.0,0.94601,4.96225,0.07094,0.06562,0.06562,0.23827,1.0,382
67.0,51.0,0.94159,4.8067,0.04254,-0.00013,-0.00013,0.14625,1.0,391
67.0,52.0,0.96927,4.89773,0.0599,0.01628,0.01628,0.22174,1.0,399
67.0,53.0,0.83826,4.84697,0.08969,0.04113,0.04113,0.20204,1.0,380
67.0,54.0,0.83074,4.79036,0.09599,0.04227,0.04227,0.15262,1.0,389
67.0,55.0,0.88508,4.80775,0.07375,0.00932,0.00932,0.137,1.0,403
67.0,56.0,0.95969,4.89988,0.04103,0.00378,0.00378,0.08791,1.0,449
67.0,57.0,1.02752,5.05168,0.01425,-0.00214,-0.00214,0.00148,1.0,442
67.0,58.0,0.92117,4.71959,0.05321,0.02172,0.02172,0.10473,0.93053,486
67.0,58.0,0.96663,3.64183,0.07113,0.01619,0.01619,0.00411,0.06947,486
67.0,59.0,0.93482,4.54831,0.05417,-0.00668,-0.00668,0.12626,1.0,530
67.0,60.0,0.90558,4.62349,0.04008,-0.0074,-0.0074,0.07531,1.0,447
67.0,61.0,0.81866,4.71127,0.06618,-0.00063,-0.00063,0.00047,1.0,398
67.0,62.0,0.89447,4.71313,0.07346,0.00057,0.00057,0.00024,1.0,385
67.0,63.0,0.88196,4.71253,0.04926,0.0015,0.0015,0.00028,1.0,395
67.0,64.0,0.79956,4.70874,0.06884,0.00188,0.00188,0.00026,1.0,408
67.0,65.0,0.907,4.68279,0.05339,0.02259,0.02259,0.15196,1.0,427
67.0,66.0,0.89284,4.69749,0.0444,0.01899,0.01899,0.18381,1.0,440
67.0,67.0,0.8516,4.74447,0.06493,0.04378,0.04378,0.28652,1.0,439
67.0,68.0,0.89044,4.9025,0.0659,0.00745,0.00745,0.14883,1.0,419
67.0,69.0,0.94425,4.87341,0.0286,0.00525,0.00525,0.12401,1.0,401
67.0,70.0,0.93313,4.76923,0.03827,-0.01247,-0.01247,0.09424,1.0,361
67.0,71.0,0.96983,4.82223,0.04745,0.00182,0.00182,0.12987,1.0,305
67.0,72.0,1.00686,5.00036,0.04668,0.02213,0.02213,0.21107,1.0,220
67.0,73.0,0.94812,5.11644,0.06324,0.0044,0.0044,0.12209,1.0,118
67.0,74.0,0.84615,5.43633,0.0432,-0.02948,-0.02948,0.17059,1.0,65
68.0,39.0,0.88742,4.883,0.00206,-0.00736,-0.00736,0.13722,1.0,161
68.0,40.0,0.92779,4.72133,0.0002,0.00226,0.00226,0.0718,1.0,204
68.0,41.0,0.68216,4.85682,0.10556,0.0341,0.0341,0.11383,1.0,247
68.0,42.0,0.81382,5.0202,0.09287,0.06056,0.06056,0.10723,1.0,284
68.0,43.0,0.90374,5.30125,0.03936,0.02134,0.02134,0.21287,0.66667,390
68.0,43.0,1.06805,2.4205,0.03038,0.01912,0.01912,0.07862,0.33333,390
68.0,44.0,0.95762,5.27171,0.05595,0.02381,0.02381,0.19499,1.0,461
68.0,45.0,0.98716,4.91924,0.04022,0.02024,0.02024,0.18732,1.0,505
68.0,46.0,1.02334,4.86584,0.02936,0.016,0.016,0.28576,1.0,553
68.0,47.0,0.95622,4.95678,0.05838,0.03939,0.03939,0.16849,1.0,543
68.0,48.0,0.88913,4.97508,0.05507,0.01223,0.01223,0.15403,1.0,510
68.0,49.0,0.88356,5.03413,0.05372,0.0069,0.0069,0.19272,1.0,479
68.0,50.0,0.92745,4.83776,0.06105,0.0403,0.0403,0.25294,1.0,478
68.0,51.0,0.992,4.90163,0.03878,0.01337,0.01337,0.10865,1.0,427
68.0,52.0,1.00667,4.83247,0.03969,0.01976,0.01976,0.1283,1.0,434
68.0,53.0,0.83991,4.71358,0.08119,-0.00075,-0.00075,0.0004,1.0,455
68.0,54.0,0.78942,4.70474,0.08172,0.00043,0.00043,0.00052,1.0,420
68.0,55.0,0.79731,4.7069,0.06326,-0.00075,-0.00075,0.00067,1.0,388
68.0,56.0,0.92444,4.77158,0.03667,0.01777,0.01777,0.09488,1.0,300
68.0,57.0,1.00633,5.05594,0.00931,-0.00208,-0.00208,0.00176,1.0,204
68.0,58.0,1.00114,4.78793,0.03999,0.00606,0.00606,0.05512,1.0,152
68.0,59.0,0.9397,4.50275,0.04152,-0.01213,-0.01213,0.04774,1.0,210
68.0,60.0,0.87461,4.70694,0.03841,0.0001,0.0001,0.00029,1.0,246
68.0,61.0,0.79932,4.70761,0.0723,-0.00049,-0.00049,0.00051,1.0,236
68.0,62.0,0.91714,4.71381,0.05161,0.00225,0.00225,0.00043,1.0,217
68.0,63.0,0.95721,4.57785,0.0683,0.00237,0.00237,0.05936,1.0,219
68.0,64.0,0.94101,4.60062,0.08824,-0.00756,-0.00756,0.07305,1.0,239
68.0,65.0,1.00148,4.70126,0.04381,-0.02489,-0.02489,0.14871,1.0,244
68.0,66.0,0.92558,4.74712,0.04389,0.01472,0.01472,0.20376,1.0,207
68.0,67.0,0.82125,4.70318,0.07229,-0.00669,-0.00669,0.19799,1.0,190
68.0,68.0,0.80309,4.70336,0.07436,-0.01907,-0.01907,0.23425,1.0,168
68.0,69.0,0.86452,4.63644,0.09505,0.05486,0.05486,0.18208,1.0,139
68.0,70.0,0.93735,4.56206,0.08186,0.05835,0.05835,0.14094,1.0,127
68.0,71.0,0.88749,4.70071,0.01701,0.00152,0.00152,0.00033,1.0,91
69.0,36.0,0.62259,5.48232,0.05544,-0.01446,-0.01446,0.18995,1.0,151
69.0,37.0,0.5321,4.98373,0.05,0.05531,0.05531,0.36302,1.0,197
69.0,38.0,0.73807,4.7819,0.06244,0.10472,0.10472,0.27871,1.0,180
69.0,40.0,0.94116,4.96431,0.06005,0.04243,0.04243,0.11142,1.0,287
69.0,41.0,0.80967,4.89529,0.08237,0.04109,0.04109,0.10291,1.0,377
69.0,42.0,0.9041,4.74993,0.10395,-0.04961,-0.04961,0.70573,0.867,548
69.0,42.0,0.95421,2.29126,0.01037,-0.00729,-0.00729,0.00589,0.133,548
69.0,43.0,0.87157,5.10497,0.09038,0.03328,0.03328,0.1856,1.0,681
69.0,44.0,0.96934,5.14045,0.05333,-0.00367,-0.00367,0.24245,1.0,650
69.0,45.0,1.02477,4.98735,0.03902,0.01658,0.01658,0.10725,1.0,630
69.0,46.0,1.05656,5.04239,0.01508,-0.00517,-0.00517,0.08968,1.0,569
69.0,47.0,0.98317,4.86169,0.04771,0.01072,0.01072,0.1501,0.93286,546
69.0,47.0,0.56796,3.89741,0.00693,0.00182,0.00182,0.00123,0.06714,546
69.0,48.0,0.84586,4.72627,0.06955,0.03453,0.03453,0.19231,1.0,492
69.0,49.0,0.88746,4.83422,0.05257,0.03203,0.03203,0.1854,1.0,395
69.0,50.0,0.93773,4.89531,0.04989,0.02172,0.02172,0.0804,1.0,296
69.0,51.0,0.97418,4.90645,0.04967,0.0359,0.0359,0.05926,1.0,184
69.0,52.0,0.96762,4.71214,0.0061,0.0005,0.0005,0.00016,1.0,101
69.0,53.0,0.97815,4.713,0.00742,-0.00013,-0.00013,0.00019,1.0,92
69.0,54.0,0.9668,4.70175,0.01129,0.00011,0.00011,0.00011,1.0,73
69.0,55.0,0.93287,4.7052,0.00542,-0.00048,-0.00048,0.0001,1.0,59
69.0,64.0,1.04309,4.40186,0.04966,0.03864,0.03864,0.12014,1.0,50
69.0,65.0,1.16893,4.02275,0.00895,0.05117,0.05117,0.32723,1.0,40
69.0,66.0,1.04755,4.20557,0.00997,-0.01351,-0.01351,0.31744,1.0,27
69.0,67.0,1.04851,4.75325,0.01426,-0.04484,-0.04484,0.22348,1.0,33
70.0,35.0,0.84272,5.52433,0.01415,-0.01715,-0.01715,0.02203,1.0,175
70.0,37.0,1.01218,5.25325,0.00539,0.0164,0.0164,0.05077,1.0,258
70.0,38.0,0.99859,4.99636,0.07178,0.1204,0.1204,0.27561,1.0,296
70.0,39.0,1.02887,5.29962,0.05882,-0.01138,-0.01138,0.07978,1.0,368
70.0,40.0,0.85363,5.29738,0.08152,-0.0321,-0.0321,0.30812,1.0,435
70.0,41.0,1.03775,5.11685,0.07058,-0.03956,-0.03956,0.49342,0.8919,657
70.0,41.0,0.76008,2.68975,0.00146,-0.00018,-0.00018,0.00024,0.1081,657
70.0,42.0,1.02525,5.03289,0.08007,0.10657,0.10657,0.27754,0.86047,755
70.0,42.0,0.8361,2.62233,0.07619,0.04008,0.04008,0.03959,0.13953,755
70.0,43.0,0.9498,4.94689,0.08803,0.03457,0.03457,0.15603,1.0,692
70.0,44.0,0.97997,4.75597,0.03599,0.02642,0.02642,0.1092,1.0,553
70.0,45.0,0.96853,4.92193,0.03065,0.01518,0.01518,0.09748,1.0,371
70.0,46.0,1.05483,5.0599,0.0253,0.00967,0.00967,0.04536,1.0,218
70.0,47.0,1.00566,4.714,0.02899,-0.01591,-0.01591,0.07053,1.0,109
70.0,48.0,0.81442,4.711,0.04942,-0.00169,-0.00169,0.00029,1.0,99
70.0,49.0,0.81923,4.715,0.00046,1e-05,1e-05,0.00013,1.0,70
71.0,34.0,0.98852,5.6268,0.02875,0.00622,0.00622,0.03246,1.0,205
71.0,35.0,1.00681,5.43982,0.03587,-0.00072,-0.00072,0.09798,1.0,295
71.0,36.0,1.01804,5.2328,0.07249,0.02317,0.02317,0.06346,1.0,297
71.0,37.0,1.04642,5.14558,0.03658,0.00326,0.00326,0.05986,1.0,352
71.0,38.0,1.01939,4.98706,0.0579,0.03329,0.03329,0.10959,1.0,422
71.0,39.0,0.90257,5.13223,0.11211,0.01625,0.01625,0.21333,1.0,493
71.0,40.0,0.93063,5.18957,0.10589,0.02171,0.02171,0.1697,0.8196,625
71.0,40.0,0.73284,2.4596,0.02695,-0.01024,-0.01024,0.16565,0.1804,625
71.0,41.0,1.10343,5.24694,0.07979,0.01586,0.01586,0.0815,0.75609,677
71.0,41.0,0.8715,2.65925,0.05922,0.02413,0.02413,0.12676,0.24391,677
71.0,42.0,1.14634,5.22061,0.01489,0.02155,0.02155,0.09366,1.0,462
71.0,43.0,0.99567,4.6708,0.02657,0.01705,0.01705,0.1185,1.0,115
72.0,33.0,1.13456,5.362,0.00663,0.00772,0.00772,0.00902,1.0,334
72.0,34.0,1.1433,5.42011,0.05557,-0.00204,-0.00204,0.0328,1.0,359
72.0,35.0,1.16994,5.38233,0.05585,0.01166,0.01166,0.0817,1.0,356
72.0,36.0,1.1676,5.37244,0.0467,0.00798,0.00798,0.05848,1.0,414
72.0,37.0,0.86664,5.26363,0.0852,-0.00902,-0.00902,0.37782,0.91305,434
72.0,37.0,1.08131,0.00292,0.00637,-0.02563,-0.02563,0.1031,0.08695,434
72.0,38.0,0.94743,5.08384,0.06354,0.03516,0.03516,0.11335,1.0,485
72.0,39.0,0.98826,5.26124,0.08906,-0.00905,-0.00905,0.10356,0.83333,556
72.0,39.0,0.81775,1.8728,0.03094,-0.05035,-0.05035,0.20732,0.16667,556
72.0,40.0,1.08591,5.28646,0.09216,0.03105,0.03105,0.0815,0.72222,599
72.0,40.0,0.8127,2.3713,0.06529,0.00285,0.00285,0.14152,0.27778,599
72.0,41.0,1.17641,5.55657,0.01401,-0.00214,-0.00214,0.017,0.5,354
72.0,41.0,0.89621,2.58386,0.09376,0.02388,0.02388,0.16969,0.5,354
73.0,32.0,0.98876,5.46644,0.12269,-0.00088,-0.00088,0.08253,1.0,372
73.0,33.0,1.06092,5.36945,0.0834,-0.00202,-0.00202,0.05208,1.0,466
73.0,34.0,1.09886,5.28546,0.07537,0.01101,0.01101,0.05775,1.0,390
73.0,35.0,1.14412,5.26129,0.02957,0.01465,0.01465,0.10222,1.0,421
73.0,36.0,0.99079,5.34184,0.06664,-0.01541,-0.01541,0.18685,1.0,499
73.0,37.0,0.89886,5.40268,0.10604,0.02077,0.02077,0.22995,1.0,492
73.0,38.0,0.94591,5.21092,0.09738,0.05357,0.05357,0.20101,1.0,526
73.0,39.0,1.07255,5.21368,0.0461,0.04889,0.04889,0.17357,1.0,473
73.0,40.0,1.10957,5.268,0.00251,0.00072,0.00072,0.04343,1.0,277
73.0,65.0,0.65013,3.1445,0.13009,0.00197,0.00197,0.00019,1.0,31
74.0,31.0,0.92783,5.45442,0.1391,-0.06841,-0.06841,0.11589,1.0,355
74.0,32.0,0.95499,5.37468,0.09157,0.00701,0.00701,0.09802,1.0,607
74.0,33.0,0.98643,5.16018,0.06853,0.02409,0.02409,0.09011,1.0,487
74.0,34.0,0.97746,5.16157,0.04933,-0.00588,-0.00588,0.09014,1.0,531
74.0,35.0,0.96397,5.14143,0.05167,0.00385,0.00385,0.11475,1.0,629
74.0,36.0,0.88228,5.15785,0.05837,-0.00474,-0.00474,0.16481,1.0,593
74.0,37.0,0.88363,5.30411,0.06734,-0.00497,-0.00497,0.10693,1.0,526
74.0,38.0,0.95158,5.29648,0.06443,-0.02054,-0.02054,0.25016,1.0,356
74.0,39.0,1.03972,4.8564,0.0123,0.00736,0.00736,0.0772,1.0,213
75.0,29.0,0.71102,5.41762,0.08884,-0.05933,-0.05933,0.30226,1.0,158
75.0,30.0,0.95089,5.23861,0.06421,0.04348,0.04348,0.15359,1.0,451
75.0,31.0,0.93501,5.26182,0.0797,0.03188,0.03188,0.13502,1.0,711
75.0,32.0,0.88398,5.26714,0.05222,0.00942,0.00942,0.16082,1.0,566
75.0,33.0,1.05186,5.15148,0.04987,0.03703,0.03703,0.09555,1.0,631
75.0,34.0,1.10911,5.07133,0.02218,0.03072,0.03072,0.13615,1.0,685
75.0,35.0,0.99992,4.99053,0.02113,-0.00375,-0.00375,0.08146,1.0,590
75.0,36.0,0.94672,4.98754,0.04183,-0.01326,-0.01326,0.11485,1.0,429
75.0,37.0,0.91769,4.99055,0.05012,-0.02655,-0.02655,0.13133,1.0,259
76.0,28.0,0.76677,5.55787,0.11124,-0.00997,-0.00997,0.1748,1.0,239
76.0,29.0,0.87,5.44591,0.07726,0.00928,0.00928,0.18775,1.0,565
76.0,30.0,0.98031,5.2786,0.05622,0.02748,0.02748,0.18435,1.0,710
76.0,31.0,0.89867,5.19266,0.06186,0.01548,0.01548,0.18231,1.0,532
76.0,32.0,0.98008,5.33478,0.06037,-0.01919,-0.01919,0.15863,1.0,584
76.0,33.0,1.19032,5.30084,0.02693,0.024,0.024,0.05011,1.0,568
76.0,34.0,1.1597,5.12321,0.03454,0.04107,0.04107,0.09645,1.0,407
77.0,27.0,0.93859,5.54036,0.06941,-0.00541,-0.00541,0.09375,1.0,333
77.0,28.0,0.87704,5.66008,0.07503,-0.01737,-0.01737,0.17555,1.0,646
77.0,29.0,0.89616,5.55639,0.0564,-0.00302,-0.00302,0.24356,1.0,718
77.0,30.0,0.89418,5.20028,0.10601,0.02183,0.02183,0.10355,1.0,541
77.0,31.0,0.8855,5.27639,0.10884,0.00832,0.00832,0.20707,1.0,575
77.0,32.0,1.03149,5.02665,0.06631,0.00221,0.00221,1.70002,1.0,535
78.0,25.0,0.98563,5.1174,0.0632,0.06484,0.06484,0.06879,1.0,145
78.0,26.0,0.98036,5.36421,0.09134,0.07868,0.07868,0.21143,1.0,341
78.0,27.0,1.09724,5.47148,0.04808,-0.00794,-0.00794,0.03542,0.84,682
78.0,27.0,0.43711,4.688,0.00894,0.00101,0.00101,0.00346,0.16,682
78.0,28.0,0.86509,5.486,0.09833,0.02082,0.02082,0.27342,0.93604,808
78.0,28.0,0.31218,6.26911,0.02013,-4e-05,-4e-05,0.00235,0.06396,808
78.0,29.0,0.90813,5.437,0.10491,0.04034,0.04034,0.14307,1.0,564
78.0,30.0,0.98126,5.31234,0.10264,0.07363,0.07363,0.23924,0.79192,493
78.0,30.0,0.871,4.22029,0.06598,-0.0152,-0.0152,0.00357,0.20808,493
78.0,31.0,1.07476,5.45962,0.10782,-0.02088,-0.02088,0.05552,0.72222,497
78.0,31.0,0.86976,2.1372,0.01263,0.00612,0.00612,0.09979,0.27778,497
79.0,24.0,0.81651,5.65944,0.09256,-0.04364,-0.04364,0.11658,1.0,165
79.0,25.0,1.14054,5.43981,0.02549,-0.00995,-0.00995,0.01637,0.6241,426
79.0,25.0,0.42987,5.07369,0.01919,0.01011,0.01011,0.12406,0.3759,426
79.0,26.0,1.00998,5.26832,0.10187,0.06649,0.06649,0.12785,1.0,744
79.0,27.0,1.21793,5.38372,0.04696,0.01053,0.01053,0.0294,0.51927,809
79.0,27.0,0.66455,5.55105,0.07835,-0.02673,-0.02673,0.45219,0.48073,809
79.0,28.0,0.8868,5.2989,0.08147,0.03164,0.03164,0.1945,1.0,523
79.0,29.0,1.01085,5.28714,0.07234,0.03331,0.03331,0.26096,1.0,423
79.0,30.0,1.17204,5.0942,0.02502,0.03075,0.03075,0.31163,1.0,380
80.0,23.0,0.82424,5.895,0.12367,-0.06421,-0.06421,0.0458,1.0,202
80.0,24.0,1.01355,5.61089,0.08894,-0.04122,-0.04122,0.07331,0.85714,559
80.0,24.0,0.7268,2.041,0.00324,-0.00055,-0.00055,0.00065,0.14286,559
80.0,25.0,1.16932,5.3889,0.05373,0.00234,0.00234,0.03186,0.73094,977
80.0,25.0,0.771,1.73967,0.09712,0.10327,0.10327,0.19438,0.1875,977
80.0,25.0,0.34025,5.0985,0.00483,0.02138,0.02138,0.14395,0.08156,977
80.0,26.0,1.23772,5.34548,0.03764,0.01973,0.01973,0.03796,0.63609,897
80.0,26.0,0.74394,4.98613,0.07068,-0.0055,-0.0055,0.14187,0.36391,897
80.0,27.0,0.9452,5.12567,0.1016,0.00399,0.00399,0.19647,1.0,549
80.0,28.0,0.87792,5.25789,0.07341,-0.05335,-0.05335,0.18297,1.0,369
80.0,29.0,1.00065,5.39925,0.03658,-0.04617,-0.04617,0.17466,1.0,285
81.0,22.0,0.77431,5.43112,0.07125,0.04731,0.04731,0.24041,1.0,203
81.0,23.0,0.84097,5.53057,0.14517,-0.01954,-0.01954,0.14371,1.0,702
81.0,24.0,1.0485,5.44604,0.11683,-0.02054,-0.02054,0.06352,1.0,1104
81.0,25.0,1.08622,5.26267,0.11466,0.06251,0.06251,0.1069,0.95238,1008
81.0,25.0,0.62445,3.3925,0.00517,0.01599,0.01599,0.04951,0.04762,1008
81.0,26.0,1.06112,5.15147,0.0864,0.01938,0.01938,0.05771,1.0,547
81.0,27.0,0.81378,4.98682,0.0732,-0.08403,-0.08403,0.12213,1.0,287
81.0,28.0,0.77138,5.1047,0.08723,-0.11121,-0.11121,0.19553,1.0,209
82.0,21.0,0.90307,6.01522,0.05927,0.0371,0.0371,0.28356,1.0,203
82.0,22.0,0.89536,5.60492,0.08824,0.03282,0.03282,0.20987,0.83333,743
82.0,22.0,0.88161,2.47,0.05488,-0.0459,-0.0459,0.08601,0.16667,743
82.0,23.0,1.16827,5.55525,0.03919,-0.01436,-0.01436,0.06161,0.64682,1035
82.0,23.0,1.07057,2.361,0.05265,0.00018,0.00018,0.01103,0.11475,1035
82.0,23.0,0.47594,5.26596,0.02275,0.03329,0.03329,0.53597,0.23843,1035
82.0,24.0,1.16252,5.39582,0.07881,0.00894,0.00894,0.03652,1.0,889
83.0,20.0,0.7678,5.8185,0.00885,0.00076,0.00076,0.00038,1.0,157
83.0,21.0,0.88378,5.73838,0.06036,-0.00844,-0.00844,0.17978,1.0,706
83.0,22.0,0.98307,5.28692,0.08605,0.07701,0.07701,0.91015,0.94826,1173
83.0,22.0,0.78033,2.71379,0.01722,0.00934,0.00934,0.00593,0.05174,1173
83.0,23.0,1.21119,5.56588,0.04011,-0.01148,-0.01148,0.03353,1.0,850
84.0,20.0,0.75541,5.74294,0.06361,-0.01615,-0.01615,0.06039,1.0,565
84.0,21.0,0.91483,5.61158,0.07475,-0.03286,-0.03286,0.06397,0.82841,1361
84.0,21.0,0.60732,2.7859,0.02403,0.00227,0.00227,0.8153,0.17159,1361
84.0,22.0,1.0888,5.57342,0.0701,-0.02477,-0.02477,0.06112,0.83604,969
84.0,22.0,0.66243,2.90969,0.02325,0.00953,0.00953,0.70132,0.16396,969
85.0,20.0,0.6765,5.63945,0.02495,-0.00063,-0.00063,0.0445,1.0,349
85.0,21.0,0.98356,5.57997,0.10262,-0.02308,-0.02308,0.04095,1.0,724
